symbol,security_id,sector,theoretical_weight,approved_weight,order_authorized
FAST,009c65c9-8abe-49b9-b481-dfeecb67d116,Industrials,-0.0011169269321393,0.0,False
MET,00e5cd6a-c370-4d72-86d2-fef5353aa17a,Financials,0.0017184826455917,0.0,False
GE,0116ac5c-90bc-47a2-8bb4-0f4551521dc6,Industrials,-0.0006037901877606,0.0,False
NRG,0181e333-c29a-4f7f-94f4-64884b17934a,Utilities,-0.0067372888329845,0.0,False
NOC,02deac19-d59b-4b15-ae55-a375e182bffd,Industrials,0.0001816666148162,0.0,False
HPE,03a4498a-78b3-4043-8dcb-2c3cf4dc352e,Information Technology,0.0068173596708695,0.0,False
AMD,03fb07bb-5db1-4077-8dea-5d711b272625,Information Technology,0.0051479355228942,0.0,False
WDAY,04f7d8b3-3c40-4e19-ab08-aff850458676,Information Technology,-0.0013867804772601,0.0,False
BAC,061588a3-d70b-4b9c-a3f6-636aaa16acc4,Financials,0.002550522102267,0.0,False
GS,064dd45f-7a58-452c-93f2-377f9a0cc7f2,Financials,0.0006119430810957,0.0,False
CNP,0666dd39-e7df-4e09-90e6-bd1a2b42a3c1,Utilities,0.0010639488821665,0.0,False
HLT,072e0811-8f84-4acc-bc3b-95761ea08dd6,Consumer Discretionary,0.0025469610795267,0.0,False
PNC,07c40f17-3f00-4792-9262-9fc21c73e9b4,Financials,0.0028908268606652,0.0,False
SYY,090b7913-4370-43eb-a42c-9af8400bc09d,Consumer Staples,-0.0011166212511716,0.0,False
FFIV,09192535-21d6-42cf-903d-4abd88f91cad,Information Technology,-0.0016624606183318,0.0,False
ABBV,09a51104-980a-47b6-ad4d-e4f04059be4a,Health Care,0.002828519859671,0.0,False
SBUX,0a7deac5-2d75-4e54-9f66-51c1c6fad55b,Consumer Discretionary,0.0026292983161195,0.0,False
ED,0cbb12ec-7e81-4329-beb1-2a35271272dc,Utilities,0.0023536517338206,0.0,False
INTC,0cf42aa3-9816-4f1f-aa84-6482ac9303e9,Information Technology,0.0058696915335466,0.0,False
EME,0cf9d955-34f7-4d17-8286-29a0aecac17f,Industrials,-0.0012919579137536,0.0,False
MRK,0d56791f-7395-40fa-853b-7b852bd9a7bf,Health Care,0.0049923849738431,0.0,False
XOM,0dd35bf7-a49c-4068-bce0-8e40b700454d,Energy,0.0016225246046614,0.0,False
NOW,0ec9e18b-6dc2-43f7-a956-8d07bac7c08b,Information Technology,-0.0036403040565752,0.0,False
MSCI,0ef68826-b0f7-45b8-b273-8251f7133f0a,Financials,0.0003493854973507,0.0,False
ANET,0f1e6e45-a44d-4e3e-a53a-ffbdf25eb283,Information Technology,-0.0030385654749913,0.0,False
EW,0ffbf7a5-d5ed-4e83-8499-2d58645e4d9c,Health Care,-0.0012058813643157,0.0,False
EBAY,10b35642-7d26-47d1-8987-4f7a7632d273,Consumer Discretionary,0.0025649004329083,0.0,False
SPGI,10f7d07f-0811-42bf-a780-b4d4cb53eb91,Financials,-0.0036457370281335,0.0,False
TJX,1168e42c-a598-4ed9-8371-2033a0f6af54,Consumer Discretionary,0.0044302238330847,0.0,False
NI,11c19425-9801-44b2-aabb-b1871d1aaef9,Utilities,-0.0011686513960367,0.0,False
HAL,14a06c29-cc38-444d-ab21-90198dc0fa18,Energy,-0.0006731335178242,0.0,False
WM,15110ac1-3d55-4832-bb54-f59ed4abeed1,Industrials,0.0008550353066492,0.0,False
XEL,152daa56-fc67-4627-b283-89405b4360fb,Utilities,0.0012051762181337,0.0,False
MLM,154033d6-32bc-43e0-8344-9a07e54e7c32,Materials,-0.005454317191401,0.0,False
CI,16af176c-d616-41d8-8a5a-b40c326e050e,Health Care,-0.0019197965405853,0.0,False
KKR,17f819cf-891b-478e-9ea3-cb23166c1479,Financials,-0.0056548403567875,0.0,False
CVX,186997ab-b63c-439b-bf62-72275d1c4c27,Energy,-0.0015329199093927,0.0,False
CFG,199cb7ce-8ed9-4d04-8270-a1ad319d5a6b,Financials,0.0035760208799535,0.0,False
RF,19abae8d-4f7b-402f-8d36-6418b3c79544,Financials,0.0015085669406399,0.0,False
MS,1c2f8701-b8cb-40b6-902a-1e9a6a0c7bcf,Financials,0.0021199751387374,0.0,False
CTSH,1c7f101c-4c08-46e9-9f79-60ca13c07e51,Information Technology,-0.0019673314721958,0.0,False
SYK,1c8746ac-5a25-4456-95e1-970ae6ade43c,Health Care,-0.0037848225358147,0.0,False
AIG,1ca76fea-6487-4cde-a341-07517b3286a0,Financials,-0.0005208117124471,0.0,False
F,1e80b378-a5e3-4727-96bf-9c64fdd4e7e2,Consumer Discretionary,0.003007472337358,0.0,False
MU,1ef18995-5094-4f62-a5c5-e00168611152,Information Technology,0.0054319813733041,0.0,False
OMC,1f80b3e7-c5a9-41c1-90e8-454620f6c568,Communication,0.0035373321958893,0.0,False
SCHW,1f868250-6f1d-4a57-9cd0-ac3f581a96e5,Financials,0.0006339578698898,0.0,False
COST,1f888138-e413-4939-b16b-bdd08bb4debd,Consumer Staples,-0.0014790173664164,0.0,False
EFX,1fa4e2fb-538e-4ed6-b548-f2c591f1fb5d,Industrials,-0.0038599543705346,0.0,False
MDT,1fc2849e-26d5-4f49-add6-2f913ded54c9,Health Care,-0.0025932085954646,0.0,False
AMGN,201b268b-cde8-4010-9fe3-41d2ac7f1e9c,Health Care,0.0033046577015489,0.0,False
MA,2140998d-7f62-46f2-a9b2-e44350bd4807,Financials,-0.0014149193836513,0.0,False
EXC,21a5e17d-c566-4f1b-8c25-0a505ba37478,Utilities,0.0009649089964203,0.0,False
FOXA,21b45a5d-50c2-46be-bbae-02f5f23f7453,Communication,0.0037258283376839,0.0,False
IBM,21d40833-6d13-4031-9af3-02f6a516d791,Information Technology,-0.0020316293742118,0.0,False
ROP,23e965be-de5f-44cd-8e2c-b4fbbea0ec9c,Information Technology,-0.0026269278664487,0.0,False
GD,2430989b-3b12-4bff-9927-870040f8122a,Industrials,0.0025305508385793,0.0,False
CB,2453845c-4785-46de-b332-6ee2438da196,Financials,0.0051264986849926,0.0,False
PTC,24a89c84-6175-465b-ac54-789c3fd8a47b,Information Technology,-0.0033095688615545,0.0,False
PYPL,24cbba8c-831b-44e2-8503-dd0c2ed7af8f,Financials,-0.0040466137101234,0.0,False
AFL,25335910-dc9d-45fe-bc65-dc6b0ff5e2f4,Financials,0.0033535893347571,0.0,False
BSX,2652a688-e44c-469e-92f8-8ece2594d4c0,Health Care,-0.0060025167588852,0.0,False
ORCL,27982558-2464-4daf-bb2f-b3b728659884,Information Technology,-0.0058362261359177,0.0,False
WSM,2820b0fc-1249-44d4-b749-18378cec217c,Consumer Discretionary,0.0010487495998397,0.0,False
PCAR,29e34616-a842-4a30-908c-32eddd0c7e23,Industrials,0.0011816099532564,0.0,False
ADBE,2ac633b5-b3a7-4ba6-975d-f0f1e12dd1e4,Information Technology,-0.0028784905950527,0.0,False
CIEN,2ada15fb-1cf1-4241-a97b-0837322da8d6,Information Technology,0.0065244371668908,0.0,False
GPN,2ae65e45-78f1-448b-b33d-08220c03f317,Financials,-0.0009501383444451,0.0,False
FTNT,2b7d41ee-36a4-4c7e-b783-896568c61ed0,Information Technology,0.0064853789696534,0.0,False
DAL,2cba3bdd-3f2a-4212-b64c-7bff33ad0f39,Industrials,0.0008914097359881,0.0,False
T,2d6ed211-6d9b-46d9-b9d5-d3f8b453fd9a,Communication,0.0016831101234183,0.0,False
IRM,2da35038-7511-48aa-81cf-3f6c377f7c09,Real Estate,-0.0003170202685423,0.0,False
ULTA,2e3d3b75-58cc-40f5-bf12-b73da8aac3d3,Consumer Discretionary,0.000953790212471,0.0,False
TDG,2e65dd16-9fd7-42c7-aa0f-bd7950f028be,Industrials,-0.0027893618344644,0.0,False
PPL,2ebe177b-c523-4c1f-9276-8f0759a67a52,Utilities,-0.0009747779985607,0.0,False
DG,2edb3ef9-b5d8-4667-be8f-334884498ac9,Consumer Staples,-0.0007758678902006,0.0,False
DIS,2f34c0b3-a4aa-4959-b52c-3c41b2c246c4,Communication,-0.0028424467732414,0.0,False
XYL,2f9e8a74-914c-4b63-90f0-577fd772da6f,Industrials,-0.0043494265083493,0.0,False
LULU,31aa3cfa-8925-4cbc-98bc-74f411b7f17c,Consumer Discretionary,-0.0056925121036003,0.0,False
SNDK,325cea3c-527c-4075-8130-e5bbbe58a8a3,Information Technology,0.0049478164583484,0.0,False
PLD,32d00bae-5f6a-4712-9c18-3a007524fa3f,Real Estate,0.0011851994586524,0.0,False
CPRT,3302e560-6d33-4ad5-a429-4d573e26962c,Industrials,-0.0045390827883512,0.0,False
VRTX,357a8404-f368-40a1-9356-3eb500f4f08a,Health Care,0.0011741625953766,0.0,False
LITE,363b9094-c5ae-4899-bbc0-f94b27c87a6e,Information Technology,0.0065554994957923,0.0,False
C,36c8d04d-be51-476c-9382-0b6ea3bf1a26,Financials,0.0014694210725944,0.0,False
KO,3795cafe-fd54-4f66-a31e-66774be875ca,Consumer Staples,0.0035855596399832,0.0,False
STT,38d1f1ae-38a3-49fc-bcb7-909d0011ef26,Financials,0.004237656587587,0.0,False
IDXX,3988b92e-b5ee-449e-a83a-a04bbdf18cff,Health Care,-0.0055178173786179,0.0,False
ITW,399a368e-f430-4a40-bd27-a046ea7bc0d9,Industrials,-0.0005190276374795,0.0,False
QCOM,39be1334-06b6-4df2-a2f1-b21b942628d0,Information Technology,-0.0043569605401381,0.0,False
LRCX,3ae976ac-6d14-4c4f-b02d-e83813f8a829,Information Technology,0.0047902314650071,0.0,False
BA,3bed4fb2-4093-4433-b887-770ae3defd3a,Industrials,-0.0042996559509727,0.0,False
CAH,3c1286a9-21d1-45cf-b569-502c86ff121d,Health Care,0.0045858627219839,0.0,False
NUE,3c3a99ab-4500-4f14-8f23-50a01d3019b1,Materials,0.0042454093150431,0.0,False
ZBRA,3c6eaa3f-d12a-4e72-aab5-b0e005ba631a,Information Technology,-0.0034781897889145,0.0,False
DOV,3d61eb0a-68d9-4a74-9f71-57551a892a5f,Industrials,-0.0014319458645705,0.0,False
EXPE,3e3bbdb0-d6a4-4db1-8fbb-133f75fd4f66,Consumer Discretionary,0.0053411357998889,0.0,False
WMT,3f3e0ff9-599f-4fec-8842-6bc53f5129a1,Consumer Staples,0.0008127507325943,0.0,False
WEC,3fc48ca4-397a-48d0-aae0-908c807f7159,Utilities,0.0003453295751012,0.0,False
ROK,4039d327-5ab5-4040-8920-b23ab2e669b2,Industrials,-0.0004941056348284,0.0,False
BDX,419e89a6-efe2-4773-ba4f-1bf5dca33cb2,Health Care,6.940005652053168e-05,0.0,False
ADM,41e7c72d-bf5f-4ff9-9813-387ef5038cf3,Consumer Staples,0.0044787085763678,0.0,False
DHR,42f6d400-741b-4a18-ae61-73faae71e2cb,Health Care,-0.003845686619982,0.0,False
DUK,42f7b895-93aa-48d4-909e-6e05ad6bd2ca,Utilities,0.0009576462476388,0.0,False
WAT,4373b822-84c5-4a0b-87f8-428c6e982a1b,Health Care,0.0013903380293954,0.0,False
TXN,440efabf-b53c-4d70-b6e5-abb4f53e7104,Information Technology,-0.0011682445215023,0.0,False
APO,4493d0ec-797a-4e84-a849-06aa60fb726f,Financials,-0.0034684195245148,0.0,False
GRMN,44ddf865-1d4c-443a-b0a4-d8304a703836,Consumer Discretionary,0.0037629693135273,0.0,False
PH,44de3ac7-fd5e-4c49-99ae-561246d323f5,Industrials,0.002055715944342,0.0,False
TTWO,46502bdb-1f73-48cd-a9e7-e194d1d6938d,Communication,0.0002766422112598,0.0,False
BLK,467bc92e-332b-4f62-95c7-3c9288c20018,Financials,-0.0036315522852951,0.0,False
NSC,477b4ce8-cdd7-48b8-9c40-e64e37bbeadd,Industrials,0.0019503631838686,0.0,False
GWW,486a7ad1-ef92-4e1f-a113-3c4a04e29034,Industrials,0.0027968853024672,0.0,False
AXP,49b90cdc-f6f5-4a7c-807a-ed172e6017af,Financials,-0.0012415822522714,0.0,False
APH,4b36cdb2-64e4-4f6c-9dd6-8c1326cf5829,Information Technology,-0.0012899426890633,0.0,False
ROL,4cbd2a17-105f-470d-b690-1e58aa0ce908,Industrials,-0.0045184806107077,0.0,False
STLD,4cbeae28-abb2-4b2c-9fc2-acd8cae641d9,Materials,0.0044554061121356,0.0,False
EL,4cdbdf28-5c76-463f-bce0-23bcb2d3bb49,Consumer Staples,-0.0051088756159016,0.0,False
NVDA,4ce9353c-66d1-46c2-898f-fce867ab0247,Information Technology,-0.0039447795863799,0.0,False
HON,4d463097-3a48-4120-a2ec-d9a4b68302a9,Industrials,-0.0013731625472532,0.0,False
FDS,4d61ebe4-a03e-4ba2-a0cd-1c59dee8d7ce,Financials,-0.0026101587345078,0.0,False
MO,4eb91cfa-4f8b-4df5-acb7-2f3434fa283f,Consumer Staples,0.0020635700584754,0.0,False
URI,4f34a08c-9bdd-484a-8601-f9c583fee6a0,Industrials,0.0003368726619697,0.0,False
FDX,4f42e4ef-1f4c-4c7f-9a92-6a25c999031d,Industrials,0.0046376495082827,0.0,False
CVS,4f4530c8-5ba0-4b16-86ec-b0ce753c5ac8,Health Care,0.0040316983559062,0.0,False
V,4f5baf1e-0e9b-4d85-b88a-d874dc4a3c42,Financials,0.0003183481771959,0.0,False
REGN,5098a4d2-0917-4184-862c-17dbefde2ed4,Health Care,0.002952977146688,0.0,False
MTD,51fa61cb-6769-4e6e-b721-69348ce359f5,Health Care,-0.003748123816819,0.0,False
ZTS,5344140c-ca01-4435-8a4a-217d4496bd35,Health Care,-0.0062337762688002,0.0,False
USB,5553e8c9-004d-479d-a18c-83a42a87ed10,Financials,0.0035004409402713,0.0,False
CDW,55ed1ba5-6299-42a2-809a-50f8a4bd354b,Information Technology,-0.0030608565361842,0.0,False
APD,57ca9916-468b-4c77-8be7-2495a7c17df2,Materials,-0.002157597903898,0.0,False
COF,58173a3c-c7e1-4150-b48f-1af063a88e26,Financials,-0.0039325555990995,0.0,False
CHTR,596b0016-1d8d-4e2e-9ab3-bfe7514b6be8,Communication,-0.0046132231415307,0.0,False
SO,5a71649b-e578-4229-81a3-d3a5c1351dd7,Utilities,0.0003140349289699,0.0,False
HUM,5acb47e5-91b2-4c34-becd-a320436890d7,Health Care,0.0031534521324855,0.0,False
KMB,5ca2cc07-2657-4769-9491-1c89b5f58a76,Consumer Staples,-0.0034418906388769,0.0,False
CMCSA,5ddc1e60-daca-45da-b2de-f3ee597e60bc,Communication,-0.0001173374428922,0.0,False
PSA,5df9640c-c98a-4bd8-b5c5-2f2afc8a8a26,Real Estate,-0.0006646948654656,0.0,False
ODFL,5e255d55-471d-45fc-ad7a-65c904018bf2,Industrials,0.0024448297448539,0.0,False
LVS,612794e4-dbcc-4814-8ea2-3aa1e47523e3,Consumer Discretionary,-0.0021564133032857,0.0,False
CTAS,61f340d1-ed59-405d-ad94-8f2ec9d470ea,Industrials,-0.0028534138575207,0.0,False
MNST,63595036-ec71-4cd5-9979-4997252d23f6,Consumer Staples,0.0036469746338962,0.0,False
MPC,639306f2-59d8-46e0-95e7-0fe917d34f13,Energy,0.0057139154378371,0.0,False
NVR,6521415f-8f5c-48be-ab46-c854cd21c7b7,Consumer Discretionary,-0.0028424611965046,0.0,False
AJG,661531e0-6ce1-4238-b3d7-7247ddf8a99c,Financials,-0.0005874778613413,0.0,False
CASY,661997db-e507-415e-9f06-c4c2d9d4227b,Consumer Staples,0.0052959150184121,0.0,False
AME,6642e128-03ee-4bc9-bd3f-8f49424480d7,Industrials,0.0016879323522393,0.0,False
CNC,67956c95-90f3-4316-8dcf-56f8aa497dcb,Health Care,0.0052860646280413,0.0,False
GOOGL,69b15845-7c63-4586-b274-1cfdfe9df3d8,Communication,0.0032941360129235,0.0,False
LMT,6ae1929e-adcd-4de1-9647-25763c8a4548,Industrials,0.0053743630504588,0.0,False
AON,6c21ef75-b953-4434-8119-501a26656625,Financials,0.0010332446708231,0.0,False
TSCO,6c288372-d98d-496a-b32f-56b65e485246,Consumer Discretionary,-0.0042041179037051,0.0,False
ADP,6ca2e51d-21df-4ff0-a134-abfdbe084142,Industrials,-0.0010170450740417,0.0,False
DECK,6d2708a3-edb1-46c6-858b-22b4cccea11d,Consumer Discretionary,-0.00285089642386,0.0,False
ACN,6eace613-5882-4eca-8635-d1c41ee9e260,Information Technology,-0.0026345315248642,0.0,False
COP,705363ac-b8c6-4d0e-9c9b-a343f3103de6,Energy,-0.0009110961134025,0.0,False
MDLZ,705ec4dc-73b9-42fc-8b17-d4e13c31cfae,Consumer Staples,0.0008136891064791,0.0,False
WDC,70cb03f3-2184-4a3a-b04c-ad5ff9524612,Information Technology,0.0054238830225347,0.0,False
AWK,70d6a48c-21e2-4b31-a66a-9a993fa1509c,Utilities,0.0013563604794167,0.0,False
RJF,713c63c2-aa51-449b-bc1d-cb5ef9a7d4ff,Financials,-0.0014135227158483,0.0,False
BRK.B,71bb19d0-6c5f-4881-9552-33224badd810,Financials,0.0010872890777025,0.0,False
TMO,722b2e6d-2b85-4502-8f72-55f199fb3c47,Health Care,-0.0005454770606299,0.0,False
MRVL,723c21be-11af-4450-9b64-20346a6905fc,Information Technology,0.0051299849623042,0.0,False
MCK,73706fa6-f7b8-4919-9381-ff7377a56726,Health Care,0.0037040309246974,0.0,False
TYL,7552c82a-3b95-4f4d-afb5-98c024a5c9ca,Information Technology,-0.0027163385337518,0.0,False
FCX,75951f3e-87ac-4f58-98f3-d4fdb649d332,Materials,-0.0019537376090217,0.0,False
A,7595a8d2-68a6-46d7-910c-6b1958491f5c,Health Care,-0.000772399304181,0.0,False
AMP,764073e3-4e48-4a2c-aee2-45b0a0dfb9cc,Financials,-0.0010603017900112,0.0,False
PSX,7655b60d-17f3-4c09-88ec-88feb585487a,Energy,0.004809045818435,0.0,False
VLO,767ee8af-6479-44f5-8106-799120134246,Energy,0.0067258655941901,0.0,False
SLB,799b9c5a-54c1-4241-ba42-0dcba7d161bb,Energy,-0.0025422445559466,0.0,False
MCO,7ad52094-7cc2-4ed8-b324-69731dfaa79a,Financials,-0.0024645041607509,0.0,False
PEP,7b7466c4-5066-4e3e-80e6-8da1c835ce56,Consumer Staples,-0.0007151601622197,0.0,False
TDY,7e17b48e-68ff-483b-8968-2df4892b4ed4,Information Technology,-0.0025664636621376,0.0,False
PGR,7e23958d-28fe-4f5e-acb0-159831a769ed,Financials,0.0007241162756757,0.0,False
D,7ef3c3bc-854c-421a-a778-dc87a402f1d9,Utilities,0.0019967191385807,0.0,False
PEG,7f712a83-dc6a-4d5d-bf2a-c52705a06905,Utilities,-0.0035143908735302,0.0,False
TMUS,7f9df478-237c-45c8-bc80-c97a53478c37,Communication,-0.001788630977596,0.0,False
EMR,812453a9-6ec4-4edb-a1d6-7f08a987ba23,Industrials,-0.002545838929116,0.0,False
NCLH,81f61b55-adee-402e-87d4-7b49579e2338,Consumer Discretionary,-0.005801795789369,0.0,False
PRU,830538b2-f315-42e8-a9d6-1b12e539c5ff,Financials,0.001258268446954,0.0,False
NXPI,840703bb-88cd-4cac-9acd-91eba330dc8a,Information Technology,-0.0043052382289665,0.0,False
ARES,849c6721-e693-4bd9-9d04-8d924fccfc3e,Financials,-0.0056651414920497,0.0,False
LLY,87266a27-1b34-47bd-b236-bd3a9f59b138,Health Care,0.0051747969404296,0.0,False
HIG,896c7f7e-0f23-490a-a7db-d68a269642bb,Financials,0.0015074177590891,0.0,False
HST,8c16ddb4-4722-4c02-848d-e9f022ae0c35,Real Estate,0.0022628861326866,0.0,False
TECH,8c7debd9-6b14-44e4-9052-bb2ab5690363,Health Care,0.001500878228601,0.0,False
TSLA,8ccae427-5dd0-45b3-b5fe-7ba5e422c766,Consumer Discretionary,-0.0048695527368917,0.0,False
DGX,8cff8b3e-70a0-408a-8584-44c3670992a2,Health Care,0.0037783903129659,0.0,False
DXCM,8dd538ed-bf95-4b22-a6c7-e6f01131d65d,Health Care,-0.0024024757787744,0.0,False
SRE,8deb7c67-def6-49e9-aace-9d628260a100,Utilities,-0.0002189679058428,0.0,False
HPQ,8e341794-40b2-4509-bca8-c7b6fc49eb96,Information Technology,-0.0005811550795717,0.0,False
ALB,90771657-de50-427a-9042-6b257dae4b7d,Materials,0.0026667327537225,0.0,False
AEP,90e9c946-6323-49a4-be69-116f04fec288,Utilities,0.0019123751509465,0.0,False
PWR,922c81b2-d99a-4a7f-bf54-6ebd6f8305bd,Industrials,0.0032619384852461,0.0,False
YUM,932a2ac2-9eba-47f1-932a-0ce1408c3683,Consumer Discretionary,0.0034656773152242,0.0,False
LII,93b14f86-b2ed-4d2b-ad69-490922938b5f,Industrials,-0.0064591595741538,0.0,False
UNH,943bb7c3-0fb0-4088-9a37-62549b5dc528,Health Care,0.0041474288187765,0.0,False
FITB,94f6f5c6-861b-47fc-b208-1e7765e4a68f,Financials,0.0027381387312483,0.0,False
LEN,95ae860b-4cf1-4dfe-9159-9bd4cd3c7915,Consumer Discretionary,-0.0047138987239427,0.0,False
NEM,96da6121-b5ab-4f8b-bb53-60ae53cb5ed3,Materials,0.0018800849006167,0.0,False
FICO,9785d232-7b97-43f2-8b4b-6bfb80c0442c,Information Technology,-0.0023698426803699,0.0,False
SYF,981f70e6-3263-46df-ae90-283910e259c8,Financials,-0.0027235482129452,0.0,False
UAL,98dbc012-8ca2-4e68-b2f7-464fdc9bbf3c,Industrials,-0.0040503550803312,0.0,False
CSCO,9ec078b1-5167-4d3d-908c-a1e49be367f1,Information Technology,0.0022513950406834,0.0,False
ALL,9f5ab4fb-335d-41ef-83d9-4d0abbd61fde,Financials,0.0050876998148455,0.0,False
ABT,a097c03a-7ebe-4de6-b729-a82370cd2a6e,Health Care,-0.003808466509768,0.0,False
AMT,a148da60-6af9-443b-a3a9-9d3e65eb91e9,Real Estate,-0.0033628268395375,0.0,False
ADSK,a21ecb08-ff55-4c19-94d3-a8d607d91be8,Information Technology,-0.0024390562043121,0.0,False
IBKR,a2d428df-103b-4db0-b0b0-6d2c826b840c,Financials,-0.0018214416760747,0.0,False
CMG,a3e21504-59e3-4f4b-8f9c-86a569bdf842,Consumer Discretionary,-0.0032268011709221,0.0,False
VZ,a54066ec-ebb0-4d1e-b7cf-cd84298515ec,Communication,0.0044573167074923,0.0,False
BBY,a5a7a7b7-5a80-44c6-8051-989b3bb4a1c2,Consumer Discretionary,0.004699899029463,0.0,False
TTD,a62e1ba1-af52-411b-ab22-537c2cd2e67d,Communication,-0.0068777673885422,0.0,False
LOW,a6ffe329-5ea3-4bb8-b58a-06ed1432dd50,Consumer Discretionary,-0.0017822689669843,0.0,False
EIX,a75f7d48-0d93-445f-9fb9-34d9160760b6,Utilities,0.0032736999063802,0.0,False
VTR,a760766c-8c49-4886-85af-990e47f9d78a,Real Estate,0.0036031720196501,0.0,False
CL,a7dd2d26-59d5-4c85-8449-cd0cb975fd98,Consumer Staples,0.0009733729710588,0.0,False
JCI,aa0bfa06-96bb-4fcc-bc56-0aa8a1c0be47,Industrials,0.0017642817401755,0.0,False
GILD,aa222c8c-5f60-4b88-bc73-7aaadf424628,Health Care,-0.0005703088467351,0.0,False
DPZ,aa3236c8-f2d6-40f1-a20d-b4cc69bffae8,Consumer Discretionary,-0.0012845458909211,0.0,False
PAYX,aaaaa8a6-79b2-4090-95df-45276d1f4d74,Industrials,-0.0006672710654226,0.0,False
DLR,ab1c95a1-cb3b-4eb0-83bd-d4a0cd608b0b,Real Estate,-0.0020947518548991,0.0,False
DVN,ab42bac7-0551-47fd-8f5b-3313142cb075,Energy,-0.000694648200688,0.0,False
TER,abb494ba-b24a-46bc-b050-2128e3303f60,Information Technology,0.0052476606568466,0.0,False
SPG,abda5459-cb41-44a7-85bb-c94d32ea7d93,Real Estate,0.001449582910586,0.0,False
NEE,ac20a75d-5bb4-4d10-96e8-f5e58e730139,Utilities,0.0024764503667152,0.0,False
JBL,ac8f1019-e8aa-4a5d-9434-97cc688bf606,Information Technology,-0.0017668561609671,0.0,False
BMY,ad22d1ca-8bfc-45cc-ae7f-5f091bbc8c7c,Health Care,0.0033400672734924,0.0,False
ROST,adcce409-1666-4ceb-89fa-ecbb458c18ea,Consumer Discretionary,0.00567807895763,0.0,False
TRV,af898beb-7df0-4dea-8b02-d6c5f4f70137,Financials,0.0052363398232627,0.0,False
PFE,b0940983-b0c6-42f1-97d5-b1b580e4431b,Health Care,-0.0003120574499004,0.0,False
AAPL,b0b6dd9d-8b9b-48a9-ba46-b9d54906e415,Information Technology,-0.000743117643072,0.0,False
UPS,b14caeab-f212-40ee-975a-38b9317e46b1,Industrials,0.0009238583330965,0.0,False
PM,b19c4863-d517-4472-9236-8864e50dfa3e,Consumer Staples,0.0021688754666411,0.0,False
WST,b20d6720-9f3a-4999-b04b-2df846ebd64a,Health Care,0.0025197589959588,0.0,False
VRSK,b297eda9-133d-4f92-80ff-9e55f7c8ee8b,Industrials,-0.0026948958991157,0.0,False
SWKS,b2b91a9b-3ecd-45ed-bf53-1f7d0613e1e8,Information Technology,-0.0043189340359824,0.0,False
GLW,b3ce91f9-c7b2-4ab2-9a16-57fb17e06294,Information Technology,0.0044860005013327,0.0,False
STZ,b459fd90-e740-4de1-b2e2-ecf548a51faf,Consumer Staples,-0.0036872379236907,0.0,False
RCL,b4ef8484-77d0-42d9-97a5-d67948cbb979,Consumer Discretionary,-0.0031465586426234,0.0,False
ON,b56defb4-e3f6-4756-ba80-143862d2dda1,Information Technology,-0.0017100502248275,0.0,False
FIX,b56fafb4-300c-4444-a83a-876ca63e1b3c,Industrials,0.0037366235532009,0.0,False
TPR,b599b102-254e-4a5c-838d-8cf26857e562,Consumer Discretionary,0.0016262808731117,0.0,False
WMB,b60af993-7490-471e-9926-1cbedb46fcef,Energy,-0.0035989439024255,0.0,False
ECL,b636b9b8-669c-4788-a0eb-ff5f6ea7f09e,Materials,-0.0042107127909057,0.0,False
HD,b6b1ea06-5d71-4146-be77-03f671788940,Consumer Discretionary,-0.0023980398381341,0.0,False
MSFT,b6d1aa75-5c9c-4353-a305-9e2caa1925ab,Information Technology,-0.0035114582452725,0.0,False
TGT,b70be706-b47c-4dbd-a6a7-4e98ea48c42a,Consumer Staples,0.0041101309881845,0.0,False
STX,b74ff3ea-545f-49e2-91ad-cd4e205642a4,Information Technology,0.0061753950350448,0.0,False
MMM,b7f45fa8-7969-4ad9-ad77-775880b14278,Industrials,-0.0008237919198115,0.0,False
CBOE,b82b16ae-90ca-400b-b053-db67a515e711,Financials,0.0045818326436829,0.0,False
IQV,b8a3bd96-7724-467b-b044-92a6f6d84fce,Health Care,0.0002978346120007,0.0,False
AKAM,b8af2065-5072-453b-9d95-5c3934c2fba7,Information Technology,0.0048854795980762,0.0,False
CSX,b8dd0cc3-7658-4c38-9c06-215c3377956e,Industrials,0.0034399167043025,0.0,False
LYV,b9f7677c-965f-4074-b87b-cea5c848b6ce,Communication,0.0013546074234744,0.0,False
PANW,ba1cc326-cf8d-4d7c-a49e-8b413555f3d0,Information Technology,0.0060877015027873,0.0,False
LH,ba597ea4-0f8c-4738-8f41-bfc97d76bc71,Health Care,-6.637319635058874e-05,0.0,False
CMI,badebe9a-89a1-4579-9e94-28e11d901b16,Industrials,0.0018264319170478,0.0,False
NFLX,bb2a26c0-4c77-4801-8afc-82e8142ac7b8,Communication,-0.0048364545269974,0.0,False
CME,bc05b0d9-3b5d-4530-b500-3af2accbd71e,Financials,0.0020922776558425,0.0,False
MAR,bd10e4a3-a39d-4726-91cd-8b4d68a635ab,Consumer Discretionary,0.0040384029738046,0.0,False
CHRW,bdb9e72b-fe14-42fa-a784-aa451745bf12,Industrials,0.001882527011026,0.0,False
VEEV,bdc58c3a-9c7e-4ef9-b2ec-d61f14c84bd0,Health Care,-0.0038877974601949,0.0,False
VRSN,bf0fbed9-3c4a-4235-8ab0-05f880d93115,Information Technology,-0.0004191707074753,0.0,False
DE,c00df298-9fb1-49e6-b9d9-92e3749ec5be,Industrials,0.0011533326677046,0.0,False
MTB,c116ed61-e58f-45af-8b63-499fac4d0cab,Financials,0.0027392938743434,0.0,False
KEYS,c12d8862-2ca2-48ca-9fdc-368bace91bd3,Information Technology,0.0040033234316687,0.0,False
O,c1de0f49-b6d3-4636-ab9b-5aed83596918,Real Estate,0.0003231388278104,0.0,False
KLAC,c1fe01e7-c9b1-4b92-8c7a-32153021367e,Information Technology,0.003398992482615,0.0,False
JBHT,c201b764-a9a6-4a73-bed2-d25202fd0b62,Industrials,0.0047196025325169,0.0,False
WAB,c3baa05b-10d0-4ecb-987f-8b34289553f3,Industrials,0.0029780349634041,0.0,False
ETR,c4bcff4e-c3b0-481a-a9eb-98600db2ef0a,Utilities,0.002054379230158,0.0,False
HBAN,c4e4715c-44f9-4e5a-9663-be3b72e767b8,Financials,-0.0013142631798936,0.0,False
ORLY,c73e2c28-af3f-4f5d-b550-a56b567ed47c,Consumer Discretionary,0.0011150848330438,0.0,False
DRI,c7b69e61-c23f-4135-a113-8f4efe3e7d6e,Consumer Discretionary,0.0035349896460414,0.0,False
CRL,c8d225a2-183b-499f-886e-7aebf438331f,Health Care,0.0037844164627589,0.0,False
EOG,c997b367-2a67-472c-910f-d0324c599cea,Energy,-0.0019744263961872,0.0,False
BX,c9cc0895-bbca-47fb-be9e-e70e4a7eb94d,Financials,-0.0049600231258479,0.0,False
COR,ca56f277-6345-49e3-889a-6a748a4f1c79,Health Care,0.0005224346307899,0.0,False
OKE,cae53d2f-e61b-4cab-ad83-fa7e593cfdc3,Energy,-0.0019089171900671,0.0,False
INTU,cd1347d7-8add-49bd-acd1-4ffde9a4081b,Information Technology,-0.0031043471986857,0.0,False
NDAQ,cd5c9e8e-df7c-435b-b301-c75eae954069,Financials,-0.0015615699931193,0.0,False
IT,ce016848-57bf-4a5d-be20-af1ac2a199f9,Information Technology,-0.0023483223882269,0.0,False
AMAT,ce4833e1-c561-492a-aace-7eb451d09e02,Information Technology,0.0050937405693174,0.0,False
CRM,cf80d13f-470c-4947-8593-c5e098aeba4e,Information Technology,-0.002449858414008,0.0,False
CF,cf8836c1-434e-4ab0-aec3-eff774d90c4e,Materials,0.0071078977517366,0.0,False
CMS,cfae5876-5fd7-43ec-8daf-d583ef094a8b,Utilities,-0.0003557285127311,0.0,False
CRH,d024d41e-2c7f-46f5-90e1-eee0e5de5a0f,Materials,-0.0063430583015269,0.0,False
DLTR,d0d63992-2d20-4f63-aa62-30cf76fb3204,Consumer Staples,-0.0009934248472414,0.0,False
GNRC,d249df15-5475-4218-af2d-9d7b8fc31b73,Industrials,-0.0051353097301303,0.0,False
SHW,d2cb3472-a97f-4434-9736-c4ca7f82a67f,Materials,-0.0048060785688981,0.0,False
TEL,d32092d6-217b-422a-ba18-518f96a57d2a,Information Technology,-0.0041760446849512,0.0,False
NTAP,d37df28f-5646-48c8-99cc-4d0c9a5ec9ff,Information Technology,0.0050938652449557,0.0,False
ETN,d4806319-2c9c-48d6-bda3-aedb0178e83b,Industrials,-0.002493437545361,0.0,False
DOW,d59870fe-9add-43f2-960c-b2ec4f29d8d3,Materials,0.0052597658678789,0.0,False
VST,d88f5f2c-e621-4d4a-9817-8677af2fd066,Utilities,-0.0073520039394292,0.0,False
CCL,d8917341-9b29-4fe9-a373-c8ddd6d5ae86,Consumer Discretionary,-0.0051287143194295,0.0,False
HSY,d8b2fc19-67b0-4dc4-b84e-648aeced6b96,Consumer Staples,0.0011967646684052,0.0,False
DHI,d8cb1b90-e8bd-4c75-beb3-0b2909eb9a75,Consumer Discretionary,-0.0009556178639487,0.0,False
ICE,dab97681-1775-47b8-922a-d23a4e50744d,Financials,-0.002752303101152,0.0,False
AZO,dae5e891-472a-42a9-8638-cc67023813f4,Consumer Discretionary,-0.0022024269072321,0.0,False
NKE,db00f7c3-19bb-42b6-9beb-79e92487f99e,Consumer Discretionary,-0.0053232264008538,0.0,False
HUBB,dbed894a-1189-413b-9825-112179cd244e,Industrials,-0.001848282269901,0.0,False
MSI,dc8a1979-4f40-4e60-bc92-686687c28c43,Information Technology,-0.0017093033437864,0.0,False
CCI,dd72d233-d85d-499d-9dc4-4b407bcdb734,Real Estate,-0.0045769966570424,0.0,False
GM,de5fc535-1cdd-4a57-92ba-ac58a43aed81,Consumer Discretionary,0.0046613231787966,0.0,False
MPWR,de7edaf4-bc7f-44fc-87d9-27b52406ccc6,Information Technology,-0.0025213149774981,0.0,False
KHC,df014db2-72a2-4686-be56-e3cdc15efb71,Consumer Staples,-0.0008794756478489,0.0,False
ISRG,e02df0be-fd3a-4762-b4c1-c274784bf756,Health Care,-0.0057788989501965,0.0,False
MCD,e077638f-a5c9-47e4-a7ce-2bfabf5ff698,Consumer Discretionary,0.0013841073067426,0.0,False
UNP,e28f2c45-0bb1-45c1-84e0-f8d1a98c4088,Industrials,0.0039469019323031,0.0,False
GIS,e2fe0a11-d58e-4b4e-a847-e560fee24a94,Consumer Staples,-0.0029643518744629,0.0,False
JPM,e3047683-637a-4fb2-b71d-805cd6fec95d,Financials,0.0009283951102954,0.0,False
KMI,e47acf22-5340-477a-a3ac-020b1ed34d12,Energy,-0.0036609808161751,0.0,False
KR,e54335e7-7483-46e5-8410-2dfff00e98bb,Consumer Staples,-0.0017195758936595,0.0,False
CLX,e546b55a-77d5-4e6c-b588-0aeaa20bd2b3,Consumer Staples,-0.0034258435697196,0.0,False
ADI,e72fbd29-be6b-43c2-80c6-b6e80d5b23db,Information Technology,-5.659114362525641e-05,0.0,False
CAT,e7535ed9-c182-41ef-80f6-ee08f4166b6c,Industrials,0.0040740267449134,0.0,False
PODD,e82d6760-0cbc-4838-87e3-4df6dce97721,Health Care,-0.00618332202552,0.0,False
LUV,e930cf4f-6b04-4a7e-85e6-ad1b01cd3c17,Industrials,0.0007864410182424,0.0,False
FIS,e961359b-17b7-4d9e-a246-a6fa732a07e6,Financials,-0.0047694094259265,0.0,False
TROW,ed8a132b-6a31-4c24-859b-2415c6deea5a,Financials,-0.0017865089162616,0.0,False
MCHP,edc751a9-e628-40bd-9498-23ad7918269e,Information Technology,-0.004193566782552,0.0,False
CDNS,ee289c17-ee75-4d48-a9ee-505156d93171,Information Technology,-0.0047013300517155,0.0,False
RMD,ee55892a-1ff0-4ede-87e4-ad5aa5998044,Health Care,-0.0051855330018007,0.0,False
LYB,ef918bdf-cce8-4282-b7f4-ac24b881f7e3,Materials,0.0052058779183053,0.0,False
JNJ,ef9adcc6-6bce-452b-af5f-4a87e7f19131,Health Care,0.0049763510795056,0.0,False
RSG,f250c025-bde8-4113-9e27-04cd1c889037,Industrials,6.336918787557515e-05,0.0,False
GOOG,f30d734c-2806-4d0d-b145-f9fade61432b,Communication,0.0032883779296118,0.0,False
KEY,f7623733-d5b7-4d6b-b04a-fedeed0f2e64,Financials,0.0017159243585714,0.0,False
EQIX,f801bacd-b8a5-4478-8321-699c3c9984cb,Real Estate,0.002024139223849,0.0,False
AMZN,f801f835-bfe6-4a9d-a6b1-ccbb84bfd75f,Consumer Discretionary,0.0003038392267437,0.0,False
PG,f81a406b-a53c-4ea5-ab05-6fb92bfc6bd7,Consumer Staples,-0.0023049883694752,0.0,False
FANG,f93d78b0-c2ec-4d9c-bcae-ca77ebce4844,Energy,-5.8480087786149656e-05,0.0,False
WFC,f9700a20-b0fe-4516-87c5-9d7b096d5539,Financials,-0.0006369580728237,0.0,False
HCA,f99ee8af-9d78-4b46-9f2c-3cf6ce839ccf,Health Care,-0.0013938636109885,0.0,False
FSLR,fa06daac-c3f1-409c-bddb-d44c8293e8b3,Information Technology,-0.0029676877027725,0.0,False
SNPS,fa8500c0-9022-4a74-97f9-93d41ed28dac,Information Technology,-0.0046683434419147,0.0,False
FLEX,fa85d280-d0fe-45db-972a-278dceb2f7ac,Information Technology,0.0035906804626502,0.0,False
RL,fbb8f455-52fc-4b2e-850e-ee30fe76f494,Consumer Discretionary,0.0020563493901518,0.0,False
ZBH,fc12f337-b4be-4805-9206-2f67ec0a0057,Health Care,-0.0027572508478326,0.0,False
VMC,fc9c62fa-c635-41c8-8b58-9695c01d146d,Materials,-0.0047243487306308,0.0,False
