date,symbol,adjusted_close_yahoo,adjusted_close_alpaca,return_yahoo,return_alpaca,return_difference
2025-04-09,SPY,539.6682739257812,534.07,0.1050192758263111,0.09335271357504049,-0.011666562251270607
2025-04-10,SPY,516.0206298828125,516.05,-0.04381885166408894,-0.03374089538824521,0.010077956275843736
2020-09-18,VAW,125.63550567626952,127.25,-0.01728542691664392,-0.0036019105786546657,0.013683516337989254
2020-09-21,VAW,121.16146850585938,121.12,-0.03561124816052075,-0.048172888015717064,-0.012561639855196316
2020-09-23,VAW,117.91008758544922,120.02,-0.027634875636233125,-0.011285937886152064,0.01634893775008106
2020-09-24,VAW,118.60747528076172,118.47,0.005914571938614666,-0.012914514247625353,-0.01882908618624002
2020-10-21,VAW,126.94873809814452,128.54,-0.0014243996936957881,0.011409237548194007,0.012833637241889795
2020-10-22,VAW,127.5283660888672,127.28,0.004565842870171588,-0.009802396141278868,-0.014368239011450457
2020-11-04,VAW,126.19703674316406,128.23,-0.01727914458734381,-0.002256458138811257,0.015022686448532552
2020-11-05,VAW,131.38658142089844,131.89,0.0411225557403232,0.028542462762224163,-0.012580092978099033
2020-11-10,VAW,136.23191833496094,135.93,0.013338516498639486,0.0,-0.013338516498639486
2021-03-24,VAW,152.3961181640625,154.16,0.005285801050396222,0.018700852441683624,0.013415051391287403
2021-03-25,VAW,155.04576110839844,153.75,0.01738655141782197,-0.0026595744680850686,-0.02004612588590704
2021-03-29,VAW,158.49612426757812,160.01,-0.005160575281263902,0.017034259200406687,0.02219483448167059
2021-07-26,VAW,165.03436279296875,165.05,0.009762183777469513,0.02002348433347767,0.010261300556008157
2021-08-18,VAW,168.271240234375,170.44,-0.009660010172969247,0.005427088249174039,0.015087098422143286
2021-08-19,VAW,166.21728515625,166.48,-0.012206215840949275,-0.02323398263318477,-0.011027766792235494
2021-09-21,VAW,159.01910400390625,159.48,-0.0028748920133457867,0.008920098690453626,0.011794990703799413
2021-09-30,VAW,159.56085205078125,162.54,-0.01484286162458437,0.0035811311434921222,0.01842399276807649
2021-10-01,VAW,162.14910888671875,160.82,0.016221126941047936,-0.010582010582010581,-0.026803137523058518
2021-10-06,VAW,162.1951904296875,160.64,-0.003677525403606885,-0.014780742103649325,-0.01110321670004244
2021-12-01,VAW,167.67568969726562,169.52,-0.03819931852575398,-0.02507476420519894,0.013124554320555037
2021-12-02,VAW,171.14820861816406,171.03,0.020709733934406227,0.008907503539405282,-0.011802230395000946
2022-01-25,VAW,167.55545043945312,168.96,-0.007235098713572419,0.006673021925643452,0.01390812063921587
2022-01-26,VAW,165.53872680664062,165.15,-0.012036156553088428,-0.02254971590909094,-0.010513559356002511
2022-01-28,VAW,166.80612182617188,164.41,0.005408627868781046,-0.008383594692400576,-0.013792222561181622
2022-01-31,VAW,169.3039093017578,169.37,0.014974195480600416,0.03016848123593463,0.015194285755334214
2022-04-06,VAW,178.1712188720703,176.77,-0.010668881781384698,-0.02681127504954839,-0.01614239326816369
2022-04-07,VAW,178.96017456054688,179.46,0.004428075945549059,0.01521751428409801,0.010789438338548951
2022-05-02,VAW,172.2956085205078,171.29,-0.00268645566531156,-0.019519175729822535,-0.016832720064510975
2022-05-12,VAW,164.06231689453125,163.14,-0.002989735938495386,-0.017879718258985156,-0.01488998232048977
2022-05-17,VAW,171.87789916992188,171.31,0.029866446019551907,0.018974541993813876,-0.01089190402573803
2022-05-20,VAW,166.77268981933594,164.33,-0.004157084492002028,-0.017811248580479333,-0.013654164088477305
2022-05-23,VAW,169.85438537597656,169.75,0.01847841849873033,0.032982413436377866,0.014503994937647535
2022-05-27,VAW,177.68850708007812,175.17,0.023963573785076964,0.011315743894694252,-0.012647829890382711
2022-05-31,VAW,174.67185974121094,174.83,-0.016977166325718995,-0.0019409716275616828,0.015036194698157312
2022-07-18,VAW,147.3346405029297,148.75,0.003434283768880997,0.01584374786587439,0.012409464096993394
2022-07-19,VAW,151.88253784179688,151.58,0.030867807620413412,0.019025210084033795,-0.011842597536379618
2022-09-01,VAW,152.8070526123047,151.12,-0.014989246814740786,-0.026037638566640875,-0.011048391751900088
2022-09-26,VAW,137.95872497558594,138.87,-0.01598635546575866,-0.005941302791696357,0.010045052674062305
2022-09-27,VAW,138.22019958496094,137.31,0.00189531042289115,-0.011233527759775375,-0.013128838182666525
2022-09-30,VAW,139.34776306152344,139.72,-0.00275511123365757,0.007426634941235966,0.010181746174893536
2022-10-13,VAW,145.49740600585938,145.27,0.029085508595734222,0.00790952612225082,-0.0211759824734834
2022-10-21,VAW,149.40313720703125,143.98,0.036069977084587146,0.0,-0.036069977084587146
2022-10-24,VAW,148.82102966308594,149.77,-0.003896220352713753,0.04021391859980561,0.04411013895251936
2022-10-25,VAW,152.06954956054688,151.45,0.021828365956177098,0.011217199706216041,-0.010611166249961057
2022-11-08,VAW,158.80130004882812,159.04,0.01646649622683083,0.026992121916569634,0.010525625689738805
2022-11-18,VAW,164.1434783935547,162.68,0.0066215033369996235,-0.011003708432123505,-0.017625211769123128
2022-12-12,VAW,167.279296875,165.61,0.008148084661214972,-0.008501466802370738,-0.01664955146358571
2022-12-13,VAW,169.438720703125,169.55,0.01290909197053014,0.023790833886842666,0.010881741916312526
2023-01-06,VAW,166.41600036621094,162.15,0.03322759072161863,0.0050204537002602745,-0.028207137021358353
2023-01-09,VAW,167.29383850097656,167.3,0.005274962340363176,0.03176071538698744,0.02648575304662426
2023-01-17,VAW,172.1075897216797,162.15,-0.009936672072002772,-0.060326842837273964,-0.05039017076527119
2023-01-18,VAW,169.78565979003906,170.65,-0.01349115361731279,0.05242059821153244,0.06591175182884523
2023-01-19,VAW,168.41700744628906,162.15,-0.008061059723433073,-0.04980955171403456,-0.04174849199060149
2023-01-20,VAW,171.767822265625,171.33,0.019895940856237804,0.05661424606845511,0.036718305212217306
2023-01-27,VAW,173.70277404785156,174.15,-0.0019523842338463604,0.008629676821498844,0.010582061055345204
2023-01-31,VAW,176.2512664794922,173.27,0.022617758421889178,-0.0015558372709461032,-0.02417359569283528
2023-02-01,VAW,177.93136596679688,177.65,0.009532410863556384,0.02527846713222126,0.015746056268664876
2023-02-06,VAW,173.13644409179688,162.15,-0.011159055164497778,-0.07501426126640054,-0.06385520610190276
2023-02-07,VAW,174.93927001953125,174.91,0.010412746647254112,0.07869256860931229,0.06827982196205817
2023-02-09,VAW,170.70120239257812,172.62,-0.014817358896659139,-0.0040387722132471104,0.010778586683412028
2023-02-10,VAW,171.1637420654297,170.9,0.0027096450778818504,-0.009964082956783638,-0.012673728034665488
2023-02-14,VAW,172.7494659423828,162.15,0.0029594513701969305,-0.05814358736059477,-0.0611030387307917
2023-02-16,VAW,172.0415496826172,172.62,-0.009455967152521616,0.06456984273820532,0.07402580989072693
2023-02-28,VAW,171.2014923095703,162.15,0.005153761314950822,-0.048024423178535836,-0.05317818449348666
2023-03-01,VAW,172.5984344482422,172.77,0.00815963762830929,0.06549491211840897,0.057335274490099675
2023-03-09,VAW,167.02008056640625,169.12,-0.024800359794272975,-0.008617152236356174,0.0161832075579168
2023-03-13,VAW,161.28126525878906,161.74,-0.011569422990493461,-0.02630786828005538,-0.014738445289561919
2023-03-14,VAW,163.52774047851562,166.11,0.013928928546796282,0.027018671942623973,0.013089743395827691
2023-03-15,VAW,158.06263732910156,157.12,-0.033420037073967124,-0.05412076334958771,-0.020700726275620585
2023-03-17,VAW,157.24147033691406,166.11,-0.016239389347256883,0.03929174748169939,0.05553113682895627
2023-03-20,VAW,160.37515258789062,160.33,0.019929108041677246,-0.03479621937270483,-0.054725327414382074
2023-03-22,VAW,159.63894653320312,166.11,-0.017428690757125942,0.025686940413708115,0.04311563117083406
2023-03-23,VAW,159.2896728515625,159.21,-0.0021878976855311816,-0.04153873938956121,-0.039350841704030026
2023-03-24,VAW,160.79844665527344,158.31,0.009471887139330892,-0.0056529112492934575,-0.01512479838862435
2023-03-27,VAW,161.96414184570312,161.91,0.007249418229323679,0.022740193291642896,0.015490775062319218
2023-04-12,VAW,168.06739807128906,166.79,-0.00090163596130588,-0.01231716705157826,-0.01141553109027238
2023-04-19,VAW,169.62167358398438,166.79,-0.002952487182090513,-0.018824636743337897,-0.015872149561247384
2023-04-21,VAW,167.53668212890625,167.0,-0.010356582931530744,0.001259068289465759,0.011615651220996503
2023-04-27,VAW,165.31903076171875,163.58,0.01548484985384957,0.0002445884798827347,-0.015240261373966835
2023-04-28,VAW,167.14813232421875,167.12,0.01106407141435728,0.02164078738232056,0.01057671596796328
2023-05-03,VAW,163.69845581054688,166.27,-0.011389694187291632,0.00965508865678899,0.021044782844080623
2023-05-04,VAW,162.66543579101562,162.75,-0.006310505584284809,-0.02117038551753181,-0.014859879933247
2023-05-11,VAW,162.2769012451172,166.79,-0.009944975733130912,0.01757061802208537,0.027515593755216283
2023-05-12,VAW,162.4474639892578,161.59,0.0010510599033621837,-0.03117692907248626,-0.03222798897584844
2023-05-17,VAW,162.46641540527344,166.79,0.008174457356017406,0.03269147421212315,0.024517016856105744
2023-05-18,VAW,163.60366821289062,162.32,0.006999925521716577,-0.026800167875771885,-0.03380009339748846
2023-06-29,VAW,171.86605834960938,170.04,0.014819532652373013,0.00466765140324954,-0.010151881249123473
2023-06-30,VAW,173.2561798095703,173.48,0.008088400195535694,0.02023053399200192,0.012142133796466226
2023-08-15,VAW,170.68544006347656,173.37,-0.017106208200147632,0.0,0.017106208200147632
2023-08-16,VAW,169.60003662109375,169.81,-0.006359086293354355,-0.020534117782776695,-0.01417503148942234
2023-09-15,VAW,170.44741821289062,172.14,-0.010502081672424501,0.0,0.010502081672424501
2023-09-20,VAW,167.95286560058594,170.65,-0.009044494581099793,0.008033551893201096,0.01707804647430089
2023-09-21,VAW,164.6300048828125,164.73,-0.019784483616228643,-0.034690887782010016,-0.014906404165781373
2023-10-05,VAW,161.77455139160156,161.93,-0.01059290755150033,-0.0004937966792172288,0.010099110872283101
2023-10-24,VAW,157.29623413085938,155.77,0.011569212145857266,0.0,-0.011569212145857266
2023-10-25,VAW,155.58338928222656,155.85,-0.010889293428397284,0.0005135777107272421,0.011402871139124526
2023-12-05,VAW,170.9417266845703,173.56,-0.01510637630095013,0.0,0.01510637630095013
2023-12-06,VAW,170.87472534179688,171.44,-0.0003919542880075344,-0.01221479603595299,-0.011822841747945456
2024-01-24,VAW,174.11874389648438,176.01,-0.0128638606253475,0.0,0.0128638606253475
2024-01-25,VAW,175.69552612304688,174.6,0.00905578682269792,-0.008010908471109524,-0.017066695293807443
2024-01-31,VAW,175.1859588623047,177.93,-0.013854835591179726,-0.0020751542344363827,0.011779681356743343
2024-02-01,VAW,178.0606689453125,177.7,0.01640947768689216,-0.0012926431742821265,-0.017702120861174286
2024-02-05,VAW,172.7053985595703,176.28,-0.023484589524185973,0.0,0.023484589524185973
2024-02-06,VAW,175.0609588623047,174.77,0.013639181649101051,-0.008565917857953242,-0.022205099507054293
2024-02-13,VAW,175.15708923339844,178.42,-0.01763274299931128,0.0,0.01763274299931128
2024-02-14,VAW,176.60888671875,176.76,0.008288545394911306,-0.009303889698464296,-0.017592435093375602
2024-02-15,VAW,180.33932495117188,176.76,0.021122596386458303,0.0,-0.021122596386458303
2024-02-22,VAW,183.1563415527344,182.19,0.010341933528370761,0.030719619823489586,0.020377686295118824
2024-02-26,VAW,183.31021118164065,183.32,-0.004490451172299403,0.006202316263241636,0.01069276743554104
2024-03-27,VAW,196.750732421875,195.22,0.01649713559096222,0.0023618812897925334,-0.014135254301169686
2024-04-01,VAW,196.5867462158203,196.69,-0.0031795173902052776,0.007529966191988535,0.010709483582193813
2024-04-12,VAW,190.6634826660156,194.83,-0.018035538574570298,0.0,0.018035538574570298
2024-04-16,VAW,188.3964385986328,188.58,-0.006814803112134671,-0.03207924857568134,-0.02526444546354667
2024-04-30,VAW,187.60536193847656,187.66,-0.017977108266484354,0.0,0.017977108266484354
2024-05-29,VAW,190.67312622070312,194.32,-0.014558578422964596,0.0,0.014558578422964596
2024-05-31,VAW,194.8695831298828,193.3,0.012531440987273657,-0.005249073692877637,-0.017780514680151294
2024-06-07,VAW,190.02679443359375,191.93,-0.011640622650100019,0.0,0.011640622650100019
2024-07-01,VAW,183.9648895263672,187.28,-0.014224193721015244,0.0,0.014224193721015244
2024-07-02,VAW,184.488037109375,183.41,0.0028437360213391383,-0.02066424604869721,-0.02350798207003635
2024-07-10,VAW,187.17160034179688,186.75,0.012843855800633852,0.0015015820239181465,-0.011342273776715706
2024-07-15,VAW,192.40313720703125,193.18,-0.0004025554901102568,0.012951601908657073,0.01335415739876733
2024-07-22,VAW,192.94566345214844,191.11,0.005249284573312085,-0.023653826504546838,-0.028903111077858923
2024-07-24,VAW,191.06619262695312,192.25,-0.015131007006320751,0.00596515096017991,0.02109615796650066
2024-07-31,VAW,197.4408416748047,195.31,0.011414352996462096,0.0,-0.011414352996462096
2024-08-01,VAW,195.69705200195312,195.58,-0.008831960287748797,0.001382417694946625,0.010214377982695422
2024-08-08,VAW,188.2373046875,188.53,0.018824390069461794,0.006567004805125398,-0.012257385264336396
2024-09-03,VAW,194.7960662841797,196.26,-0.025729183170152936,-0.008687746236993643,0.017041436933159293
2024-09-19,VAW,201.81983947753903,199.36,0.018331164342138884,0.0,-0.018331164342138884
2024-09-20,VAW,200.30848693847656,200.55,-0.007488622243358112,0.005969101123595388,0.0134577233669535
2024-10-31,VAW,200.16053771972656,203.55,-0.014650974861272203,0.0,0.014650974861272203
2024-11-01,VAW,200.12161254882812,200.09,-0.00019446975583636839,-0.01699828052075658,-0.016803810764920213
2024-11-18,VAW,200.02438354492188,199.85,0.007643341184345509,-0.009712105445716324,-0.017355446630061833
2024-11-21,VAW,203.6424102783203,199.93,0.013701161655068184,0.0,-0.013701161655068184
2024-11-25,VAW,207.18267822265625,199.93,0.011010982389784818,0.0,-0.011010982389784818
2024-11-26,VAW,205.7724151611328,205.67,-0.0068068579556049835,0.02871004851698089,0.035516906472585874
2024-12-30,VAW,182.58328247070312,184.55,-0.012834218246059459,0.0,0.012834218246059459
2024-12-31,VAW,183.4917449951172,183.52,0.004975606266470978,-0.005581143321593096,-0.010556749588064074
2025-01-17,VAW,192.21505737304688,192.85,0.006650667771795016,0.021613603856544872,0.014962936084749856
2025-01-21,VAW,194.76461791992188,192.85,0.01326410418475632,0.0,-0.01326410418475632
2025-02-13,VAW,195.7317047119141,192.2,0.016023462330103655,0.0,-0.016023462330103655
2025-02-14,VAW,195.1553497314453,195.4,-0.002944617384889603,0.01664932362122795,0.019593941006117555
2025-02-18,VAW,197.7733154296875,195.4,0.013414778031167529,0.0,-0.013414778031167529
2025-02-19,VAW,195.16514587402344,195.27,-0.01318767170382662,-0.0006653019447286912,0.012522369759097929
2025-03-03,VAW,187.8680725097656,190.13,-0.02142160947049765,-0.009894287350934783,0.011527322119562866
2025-03-07,VAW,189.3137969970703,186.79,0.0011363869270395455,-0.02081149087859091,-0.021947877805630456
2025-03-10,VAW,185.14263916015625,185.05,-0.02203303669926715,-0.009315273836929094,0.012717762862338056
2025-03-17,VAW,187.84852600097656,185.9,0.010244210469304793,0.0,-0.010244210469304793
2025-03-18,VAW,187.58474731445312,187.59,-0.00140420950932596,0.009090909090909038,0.010495118600234998
2025-03-24,VAW,187.7899169921875,184.96,0.015691932804720032,0.0,-0.015691932804720032
2025-03-25,VAW,187.8203125,186.97,0.00016185910457466868,0.010867214532871872,0.010705355428297203
2025-04-03,VAW,178.69615173339844,180.28,-0.047484608795864025,-0.02598735750175596,0.021497251294108066
2025-04-15,VAW,175.1740264892578,175.45,-0.00562496134739221,0.004695642214968654,0.010320603562360864
2025-04-21,VAW,171.71080017089844,170.73,-0.017128055546239196,-0.02801024765157989,-0.010882192105340693
2025-05-02,VAW,184.4747772216797,183.17,0.017533430566404773,0.007092588519903131,-0.010440842046501642
2025-05-20,VAW,188.6640625,188.2,-0.0035236112417390553,0.007171144172107402,0.010694755413846457
2025-05-27,VAW,189.36062622070312,186.2,0.01868370468137992,0.0,-0.01868370468137992
2025-05-28,VAW,186.5841522216797,187.34,-0.014662361729768536,0.00612244897959191,0.020784810709360446
2025-06-03,VAW,190.0964508056641,187.55,0.01143175903392235,0.0,-0.01143175903392235
2025-06-05,VAW,190.21417236328125,190.85,-0.0026748676526944237,0.017595307917888547,0.02027017557058297
2025-06-23,VAW,189.6451416015625,187.79,0.013740232870344427,0.0010127931769723375,-0.012727439693372089
2025-07-02,VAW,199.1877899169922,196.5,0.014553126204658318,0.0,-0.014553126204658318
2025-07-03,VAW,199.4735107421875,199.53,0.0014344294161523496,0.015419847328244307,0.013985417912091958
2025-07-22,VAW,200.59669494628903,198.03,0.013237760597649917,0.0,-0.013237760597649917
2025-07-23,VAW,201.286376953125,201.54,0.0034381523933912916,0.01772458718375991,0.014286434790368618
2025-07-25,VAW,201.6706085205078,199.27,0.01106444666291817,0.0,-0.01106444666291817
2025-07-28,VAW,198.8330993652344,199.27,-0.014070018313971921,0.0,0.014070018313971921
2025-08-04,VAW,193.0496826171875,192.57,0.014129612035047145,0.0005715473345109245,-0.013558064700536221
2025-08-13,VAW,202.8135223388672,199.14,0.018404096177356832,0.0,-0.018404096177356832
2025-08-14,VAW,200.81346130371097,200.96,-0.009861576349009193,0.009139298985638256,0.01900087533464745
2025-09-09,VAW,202.2716064453125,202.22,-0.015394991138900194,-0.0034987434090573144,0.01189624772984288
2025-09-11,VAW,207.0500640869141,205.46,0.021782440207100073,0.011470486880323039,-0.010311953326777035
2025-09-12,VAW,205.0894317626953,205.69,-0.009469363522610408,0.001119439306920933,0.01058880282953134
2025-09-24,VAW,200.02333068847656,205.34,-0.01423615596942751,0.003763992765312585,0.018000148734740096
2025-09-25,VAW,198.0454559326172,198.07,-0.009888220284361648,-0.035404694652771074,-0.025516474368409425
2025-10-09,VAW,200.49803161621097,203.5,-0.015729642039555847,-0.0020596312279325124,0.013670010811623334
2025-10-10,VAW,196.8389434814453,203.5,-0.01824999530055138,0.0,0.01824999530055138
2025-10-13,VAW,200.57716369628903,203.5,0.01899126335839174,0.0,-0.01899126335839174
2025-10-20,VAW,202.10011291503903,201.45,0.013791023079210873,-0.0023276545166402984,-0.016118677595851172
2025-10-23,VAW,201.21006774902344,198.6,0.010479280409258385,0.0,-0.010479280409258385
2025-10-24,VAW,200.69581604003903,200.91,-0.0025557951186908623,0.011631419939577059,0.014187215058267921
2025-10-30,VAW,194.21824645996097,197.03,-0.011874166472003567,0.0,0.011874166472003567
2025-10-31,VAW,192.98207092285156,193.62,-0.006364878478934521,-0.017307009084910896,-0.010942130605976375
2025-11-10,VAW,194.5544891357422,194.97,0.010997470825929057,0.02142707460184412,0.010429603775915064
2025-11-14,VAW,193.63478088378903,195.87,-0.011410645344588133,0.0,0.011410645344588133
2025-11-17,VAW,190.5690460205078,190.53,-0.015832562979071096,-0.02726298054832288,-0.011430417569251783
2025-11-21,VAW,192.38870239257812,189.27,0.021958382894393003,0.0,-0.021958382894393003
2025-11-24,VAW,193.67433166503903,193.6,0.006682457215380078,0.022877370951550624,0.016194913736170546
2025-12-10,VAW,200.2705535888672,199.59,0.018405733891083687,0.007724931838836824,-0.010680802052246863
2026-01-29,VAW,228.85987854003903,225.68,-0.00034691290173416434,-0.014239538743775593,-0.013892625842041428
2026-01-30,VAW,223.45883178710935,223.44,-0.02359979734055817,-0.00992555831265518,0.01367423902790299
2026-02-12,VAW,237.38839721679688,239.11,-0.0174645478532931,-0.0030021265062752933,0.014462421347017806
2026-03-10,VAW,225.61329650878903,227.39,-0.00035197081684623654,0.014907386744030138,0.015259357560876374
2026-03-19,VAW,213.80841064453125,212.33,-0.017429365158225463,-0.03766316171138495,-0.02023379655315949
2026-03-20,VAW,209.8568878173828,211.83,-0.01848160610350391,-0.0023548250364997525,0.01612678106700416
2026-03-23,VAW,213.70912170410156,213.16,0.01835648058438255,0.00627861964783083,-0.012077860936551721
2026-04-27,VAW,234.59793090820312,234.99,-0.0027111377321016317,0.011188088988338674,0.013899226720440305
2026-04-30,VAW,231.50875854492188,229.39,0.011978939158034496,0.0,-0.011978939158034496
2026-05-01,VAW,231.0404052734375,231.83,-0.002023047743109463,0.010636906578316507,0.01265995432142597
2026-05-07,VAW,231.21975708007812,235.39,-0.01794561429557162,0.0,0.01794561429557162
2026-05-11,VAW,235.5944366455078,235.39,0.013590589784882035,0.0,-0.013590589784882035
2026-05-15,VAW,226.1475372314453,233.22,-0.029465897336428015,0.0,0.029465897336428015
2026-05-19,VAW,220.61691284179688,233.22,-0.022690167769713,0.0,0.022690167769713
2026-05-20,VAW,224.22427368164065,223.82,0.01635124339914329,-0.04030529114141157,-0.05665653454055486
2026-06-02,VAW,233.7509002685547,231.13,0.013392652484377043,0.0,-0.013392652484377043
2026-06-05,VAW,227.0543670654297,231.13,-0.025782443763885055,0.0,0.025782443763885055
2026-06-08,VAW,224.76239013671875,225.34,-0.010094397030692037,-0.025050837191191055,-0.014956440160499018
2026-06-09,VAW,228.21031188964844,225.31,0.015340296705478096,-0.00013313215585342153,-0.015473428861331517
2026-06-10,VAW,222.44053649902344,223.57,-0.025282711122252,-0.007722693178287776,0.017560017943964223
2026-06-11,VAW,230.1833953857422,225.73,0.034808668458470304,0.009661403587243322,-0.025147264871226982
2026-06-12,VAW,234.30894470214844,233.85,0.017922879752002352,0.035972179152084394,0.01804929940008204
2026-06-17,VAW,233.78079223632812,236.31,-0.013871336216981223,0.0,0.013871336216981223
2026-06-22,VAW,233.1230926513672,233.16,-0.00128079349710164,-0.013329947949727083,-0.012049154452625443
2026-06-23,VAW,228.86801147460935,233.16,-0.01825250827090419,0.0,0.01825250827090419
2026-06-24,VAW,229.6999969482422,229.07,0.0036352195672619825,-0.01754160233316182,-0.021176821900423803
2026-07-14,VAW,225.72999572753903,225.59,0.00444978427006415,-0.007261045590565063,-0.011710829860629213
2026-07-17,VAW,223.61000061035156,224.41,-0.00974269063384281,0.0016962014015979854,0.011438892035440795
2026-07-20,VAW,221.27999877929688,224.41,-0.010419935712601691,0.0,0.010419935712601691
2026-07-22,VAW,226.02000427246097,224.41,0.014315856999475685,0.0,-0.014315856999475685
2026-08-04,VAW,231.13999938964844,227.94,0.021974626435600886,0.007514144271570045,-0.014460482164030841
2026-08-05,VAW,234.8300018310547,235.18,0.015964361214632294,0.03176274458190753,0.015798383367275237
2026-08-07,VAW,236.41000366210935,235.18,0.014765860082334603,0.0,-0.014765860082334603
2026-08-18,VAW,231.6000061035156,234.67,-0.012113957977800571,0.0,0.012113957977800571
2026-08-19,VAW,235.32000732421875,234.67,0.016062181013244414,0.0,-0.016062181013244414
2026-08-21,VAW,239.6699981689453,234.67,0.021611218812980892,0.0,-0.021611218812980892
2026-08-24,VAW,239.3500061035156,238.57,-0.0013351360949406255,0.016619082115310935,0.01795421821025156
2026-09-14,VAW,225.5099945068359,228.57,-0.012869347693939215,0.0,0.012869347693939215
2026-09-18,VAW,223.4900054931641,226.45,-0.012417134426423448,0.0,0.012417134426423448
2020-09-08,VCR,217.4020233154297,217.39,-0.03008212912143271,-0.018776799819454015,0.011305329301978695
2020-09-09,VCR,222.63282775878903,219.51,0.024060514081646556,0.00975205851235117,-0.014308455569295386
2020-09-10,VCR,220.35079956054688,220.47,-0.01025018736551564,0.004373377067103945,0.014623564432619585
2020-09-21,VCR,217.27145385742188,212.51,-0.011465364532639355,-0.034089359574564826,-0.02262399504192547
2020-09-23,VCR,215.35287475585935,217.04,-0.02670388262875978,-0.005452962470787637,0.021250920157972142
2020-09-25,VCR,219.09458923339844,217.13,0.01737480626520993,0.0004146701068927783,-0.01696013615831715
2020-10-23,VCR,234.68218994140625,231.7,0.007912173724820226,-0.0034408602150538536,-0.01135303393987408
2020-11-09,VCR,233.59402465820312,236.57,-0.00967180926682365,0.0019482444623268869,0.011620053729150537
2020-11-10,VCR,232.17176818847656,232.4,-0.006088582410477383,-0.017626918036944605,-0.011538335626467222
2021-03-24,VCR,272.9208679199219,277.5,-0.01779476411775649,-0.0010439540660212021,0.016750810051735288
2021-03-25,VCR,276.32855224609375,276.07,0.012485979368832112,-0.005153153153153123,-0.017639132521985235
2021-08-18,VCR,295.8915710449219,298.41,0.0001614365688384911,0.01080550098231825,0.010644064413479759
2021-10-12,VCR,301.4792175292969,301.18,0.0065765079969313245,-0.005218655040295839,-0.011795163037227163
2021-12-21,VCR,316.5295715332031,310.57,0.027629470695634595,0.007853318189193548,-0.019776152506441047
2021-12-22,VCR,321.3911437988281,320.84,0.015358982865570914,0.03306822938467979,0.01770924651910888
2022-01-03,VCR,335.24462890625,333.18,0.022221577050445918,0.011721122312644328,-0.01050045473780159
2022-01-10,VCR,315.8075866699219,310.67,-0.007743399743411206,-0.025440742832047003,-0.017697343088635797
2022-01-11,VCR,319.67755126953125,319.09,0.0122541850258151,0.027102713490198438,0.014848528464383337
2022-01-14,VCR,312.86163330078125,308.72,-0.006663263124043195,-0.020620519002601312,-0.013957255878558117
2022-01-18,VCR,306.23822021484375,307.44,-0.021170422899281616,-0.0041461518528117525,0.017024271046469863
2022-01-20,VCR,295.2632751464844,295.28,-0.020315479657940227,-0.03373801498740148,-0.01342253532946125
2022-01-21,VCR,287.1091613769531,290.55,-0.02761641712971541,-0.016018694120834343,0.011597723008881067
2022-01-24,VCR,292.2884521484375,281.73,0.01803944794601775,-0.030356220960247815,-0.048395668906265565
2022-01-25,VCR,287.35943603515625,287.24,-0.016863533530151464,0.019557732580839815,0.03642126611099128
2022-01-26,VCR,285.0488586425781,292.54,-0.008040722185630456,0.018451469154713962,0.026492191340344418
2022-01-27,VCR,279.1378173828125,279.69,-0.020736940635070034,-0.04392561700963982,-0.023188676374569783
2022-01-28,VCR,285.1644287109375,278.7,0.021590092609558686,-0.003539633165290157,-0.025129725774848843
2022-02-01,VCR,298.2861328125,297.97,0.007806337661480756,0.033577300634777485,0.02577096297329673
2022-03-01,VCR,280.8033142089844,282.51,-0.015924580509080966,-0.0014491729110703844,0.014475407598010581
2022-03-02,VCR,287.0802917480469,284.68,0.022353644780670034,0.007681144030299958,-0.014672500750370077
2022-03-03,VCR,280.3990478515625,284.56,-0.02327308452907695,-0.00042152592384436804,0.02285155860523258
2022-03-04,VCR,275.38330078125,275.22,-0.017887889095000498,-0.032822603317402166,-0.014934714222401668
2022-03-10,VCR,272.6588134765625,270.32,0.008618172002867963,-0.001846244738202496,-0.01046441674107046
2022-03-11,VCR,267.50830078125,271.1,-0.018889954920731866,0.002885469073690583,0.02177542399442245
2022-03-14,VCR,263.28204345703125,263.13,-0.01579860255504628,-0.029398745850239827,-0.013600143295193545
2022-03-18,VCR,292.1344299316406,287.22,0.0206173498299711,0.009099532726697834,-0.011517817103273265
2022-03-21,VCR,289.1982421875,290.44,-0.010050810323273707,0.011210918459717112,0.02126172878299082
2022-04-25,VCR,281.8134460449219,279.03,0.01026581655722314,-0.002324084668192339,-0.012589901225415479
2022-04-26,VCR,268.54620361328125,270.25,-0.0470781029714451,-0.031466150593126074,0.015611952378319027
2022-05-05,VCR,255.97315979003903,259.12,-0.05640645718766957,-0.038658455145804016,0.01774800204186555
2022-05-06,VCR,252.39599609375,250.81,-0.013974760866425129,-0.032070083359061474,-0.018095322492636345
2022-05-09,VCR,241.4331817626953,244.39,-0.04343497718158196,-0.02559706550775498,0.01783791167382698
2022-05-10,VCR,240.6232147216797,240.56,-0.0033548290052844987,-0.01567167232701827,-0.012316843321733772
2022-05-12,VCR,234.35601806640625,230.34,0.011065014837067011,-0.013068254852392935,-0.024133269689459946
2022-05-16,VCR,238.7913055419922,241.54,-0.02040977415205536,0.0007872384503833096,0.02119701260243867
2022-05-17,VCR,245.0199279785156,245.03,0.02608395821776721,0.014448952554442451,-0.01163500566332476
2022-05-24,VCR,220.74163818359375,221.39,-0.028268268311300804,-0.0158257390531229,0.012442529258177903
2022-05-27,VCR,246.3794708251953,243.4,0.03181932712884983,0.018026684512108426,-0.013792642616741402
2022-05-31,VCR,247.0929412841797,248.25,0.002895819430875246,0.01992604765817574,0.017030228227300492
2022-07-01,VCR,223.78041076660156,222.27,0.01837674238417275,0.007661619367123063,-0.010715123017049688
2022-08-12,VCR,272.7215270996094,268.12,0.02190058385242888,0.0,-0.02190058385242888
2022-08-15,VCR,274.41217041015625,274.15,0.0061991560714946825,0.022489929882142157,0.016290773810647474
2022-08-25,VCR,265.398681640625,262.76,0.012941980702048772,0.0,-0.012941980702048772
2022-08-26,VCR,255.2067108154297,256.89,-0.03840249228892634,-0.022339777743948908,0.01606271454497743
2022-09-21,VCR,244.1934814453125,250.95,-0.022241811168921433,0.004684122027384108,0.02692593319630554
2022-09-22,VCR,238.1168975830078,238.18,-0.02488430004903941,-0.05088663080294875,-0.026002330753909342
2022-09-30,VCR,227.62716674804688,231.63,-0.017430175428058137,0.002857513962852387,0.020287689390910524
2022-10-03,VCR,228.79884338378903,228.81,0.005147349731937201,-0.01217458878383626,-0.01732193851577346
2022-10-07,VCR,227.0848693847656,226.02,-0.033187672784453115,-0.04532206969376973,-0.012134396909316614
2022-10-21,VCR,229.84461975097656,223.89,0.02784393058416823,0.0013417415805714317,-0.0265021890035968
2022-10-24,VCR,230.9388732910156,229.49,0.00476084035042712,0.025012282817455045,0.020251442467027925
2022-10-26,VCR,234.98651123046875,239.41,-0.008579479087053032,0.016085221967574892,0.024664701054627924
2022-10-27,VCR,233.89230346679688,234.06,-0.004656470526509082,-0.022346602063405885,-0.017690131536896803
2022-11-02,VCR,221.8945770263672,230.86,-0.03851797204749274,0.0,0.03851797204749274
2022-11-03,VCR,220.56793212890625,221.27,-0.005978717079252016,-0.04154032747119463,-0.03556161039194261
2022-11-11,VCR,237.07810974121097,230.86,0.02512241374691837,0.0,-0.02512241374691837
2022-11-14,VCR,233.13693237304688,234.64,-0.016623961497188366,0.01637355973317156,0.03299752123035993
2022-11-15,VCR,236.5939483642578,234.64,0.014828264042177963,0.0,-0.014828264042177963
2022-11-30,VCR,238.6758575439453,230.84,0.03389263971885703,-0.0034536349507856556,-0.03734627466964269
2022-12-01,VCR,238.685546875,238.51,4.0596192486308524e-05,0.03322647721365435,0.03318588102116804
2023-01-24,VCR,233.19290161132812,212.57,-0.003154935868727282,-0.09134820894246387,-0.08819327307373659
2023-01-25,VCR,234.49415588378903,234.15,0.005580162446924497,0.10151949945900185,0.09593933701207735
2023-02-07,VCR,250.0895233154297,246.75,0.0025302012380095107,-0.0077609779636480525,-0.010291179201657563
2023-02-08,VCR,247.30258178710935,247.38,-0.011143775602328043,0.002553191489361728,0.013696967091689771
2023-02-09,VCR,246.4383087158203,249.29,-0.0034948000342068797,0.007720915191203881,0.01121571522541076
2023-02-10,VCR,243.3308868408203,243.02,-0.012609329658171409,-0.025151430061374214,-0.012542100403202805
2023-02-14,VCR,250.00216674804688,247.38,0.011194138087287087,0.000849617672047609,-0.010344520415239478
2023-02-15,VCR,253.43003845214844,253.38,0.013711367980087097,0.02425418384671363,0.010542815866626531
2023-03-01,VCR,237.50445556640625,212.57,-0.011318666974522773,-0.11664727393617014,-0.10532860696164736
2023-03-02,VCR,237.10630798339844,237.01,-0.0016763794264755827,0.11497389095356825,0.11665027038004383
2023-03-07,VCR,237.0674591064453,239.81,-0.011899534685410829,-0.0009165520976545105,0.010982982587756318
2023-03-08,VCR,236.8344268798828,236.67,-0.0009829785472913466,-0.013093699178516438,-0.012110720631225091
2023-03-21,VCR,239.21353149414065,228.24,0.025519356859404096,-0.01866024593688198,-0.04417960279628608
2023-03-22,VCR,233.8434906005859,236.79,-0.02244873381540413,0.03746056782334373,0.05990930163874786
2023-03-23,VCR,233.4453887939453,233.78,-0.0017024284303066572,-0.012711685459690036,-0.01100925702938338
2023-04-26,VCR,237.59898376464844,228.9,-0.0036754745907056074,-0.04017108352901699,-0.036495608938311386
2023-04-27,VCR,243.58840942382812,243.58,0.02520812826839558,0.06413280908693753,0.038924680818541946
2023-05-03,VCR,240.21876525878903,241.79,-0.006644944867231217,0.0036111572306158912,0.010256102097847108
2023-05-09,VCR,243.8124084472656,228.9,4.005545176610781e-05,-0.060961601575319935,-0.06100165702708604
2023-05-10,VCR,244.5622711181641,246.31,0.0030755722224067306,0.07605941459152477,0.07298384236911803
2023-05-18,VCR,251.4379119873047,248.5,0.014698884179667138,0.0027034660856231074,-0.01199541809404403
2023-05-19,VCR,248.48703002929688,248.49,-0.011736026340199657,-4.0241448692079906e-05,0.011695784891507577
2023-05-23,VCR,245.31216430664065,228.9,-0.010488766950545347,-0.07615934132461555,-0.0656705743740702
2023-05-24,VCR,244.72784423828125,244.39,-0.002381944939464975,0.06767147225862824,0.07005341719809322
2023-06-16,VCR,270.05859375,271.37,-0.002123338569323119,0.0109902391774086,0.01311357774673172
2023-06-30,VCR,276.34429931640625,272.14,0.012585797643418495,0.0,-0.012585797643418495
2023-07-03,VCR,279.63275146484375,279.61,0.011899837111068123,0.027449107077239798,0.015549269966171675
2023-08-15,VCR,276.42236328125,280.23,-0.013649129111470426,0.0,0.013649129111470426
2023-08-17,VCR,268.3037414550781,274.42,-0.016489653806092575,0.0,0.016489653806092575
2023-08-18,VCR,268.0988464355469,268.54,-0.0007636681412642732,-0.021427009693171017,-0.020663341551906744
2023-09-01,VCR,279.31072998046875,279.37,-0.002369799203090883,0.010781866203553037,0.01315166540664392
2023-09-11,VCR,282.921142578125,276.91,0.022535744731587704,0.0,-0.022535744731587704
2023-09-13,VCR,282.1307067871094,282.09,0.005704263174138191,0.018706438915170764,0.013002175741032573
2023-09-14,VCR,284.9410400390625,281.84,0.009961103787521353,-0.0008862419795100385,-0.010847345767031391
2023-09-15,VCR,280.1401062011719,279.96,-0.016848867531445988,-0.006670451319897852,0.010178416211548136
2023-09-20,VCR,272.8314514160156,276.27,-0.009599203083354824,0.0018494342906876238,0.011448637374042447
2023-10-13,VCR,258.8477783203125,261.96,-0.01302051939649651,-0.0009915338265580331,0.012028985569938477
2023-10-16,VCR,263.59320068359375,261.96,0.018332868816084646,0.0,-0.018332868816084646
2023-10-24,VCR,251.6464385986328,249.14,0.010609502543911686,0.0,-0.010609502543911686
2023-10-25,VCR,246.0399475097656,246.48,-0.02227923876089255,-0.010676727944127773,0.011602510816764777
2023-11-09,VCR,260.5013122558594,266.03,-0.018940441374725836,0.0,0.018940441374725836
2023-11-10,VCR,264.48358154296875,264.56,0.015286945208160985,-0.00552569259106106,-0.020812637799222045
2023-12-01,VCR,283.42633056640625,282.28,0.017957625370500052,0.0061664587417571415,-0.01179116662874291
2023-12-13,VCR,292.53570556640625,287.82,0.016109459609007448,0.0,-0.016109459609007448
2023-12-14,VCR,297.30072021484375,297.32,0.01628866000890894,0.033006740323813455,0.016718080314904515
2024-04-04,VCR,301.584228515625,308.28,-0.012702487257800321,0.008835656783820811,0.021538144041621132
2024-04-05,VCR,303.8042297363281,304.17,0.0073611316865931364,-0.013332035811599696,-0.020693167498192833
2024-04-11,VCR,304.1087646484375,301.18,0.006567564479939891,-0.0039026326233628783,-0.01047019710330277
2024-04-30,VCR,295.5726013183594,301.64,-0.023337571278349456,0.0,0.023337571278349456
2024-05-01,VCR,294.4234313964844,294.64,-0.003887944676703059,-0.02320647129027975,-0.019318526613576692
2024-06-07,VCR,300.7395935058594,302.26,-0.008067213560117747,0.012291101510432334,0.02035831507055008
2024-06-12,VCR,304.501708984375,300.94,0.011947946999341985,0.0,-0.011947946999341985
2024-06-13,VCR,303.71588134765625,303.37,-0.0025807002507137744,0.008074699275603114,0.010655399526316889
2024-06-24,VCR,305.7295227050781,307.81,-0.0031709411719168523,0.010737505746371445,0.013908446918288297
2024-06-26,VCR,308.7943420410156,304.21,0.014719214071366782,-0.011695526461128702,-0.026414740532495484
2024-06-27,VCR,310.2776184082031,309.8,0.004803444122012168,0.018375464317412327,0.013572020195400158
2024-07-12,VCR,321.0436706542969,316.88,0.014179968672128673,0.0,-0.014179968672128673
2024-07-15,VCR,320.1085205078125,321.47,-0.002912844051958796,0.014484978540772575,0.01739782259273137
2024-07-17,VCR,320.8763427734375,326.69,-0.017600358782940972,0.0,0.017600358782940972
2024-07-18,VCR,316.6829528808594,326.69,-0.01306855424844755,0.0,0.01306855424844755
2024-07-19,VCR,314.4779357910156,314.17,-0.006962853762050525,-0.03832379319844492,-0.0313609394363944
2024-08-15,VCR,308.679931640625,298.22,0.033552993988939184,0.0,-0.033552993988939184
2024-08-16,VCR,309.4773254394531,308.66,0.0025832382254007413,0.03500771242706735,0.03242447420166661
2024-08-30,VCR,315.5213317871094,312.28,0.01270082598907507,-0.0020452511824109454,-0.014746077171486016
2024-09-03,VCR,310.03839111328125,311.32,-0.01737740089639206,-0.0030741642116048906,0.014303236684787168
2024-09-19,VCR,331.9013366699219,324.65,0.02274995335638441,0.0,-0.02274995335638441
2024-09-20,VCR,330.98583984375,330.61,-0.0027583402807513924,0.01835823194209163,0.021116572222843022
2024-11-07,VCR,354.4925231933594,349.28,0.01145901169855379,0.0,-0.01145901169855379
2024-11-08,VCR,359.1894836425781,359.85,0.013249815276517918,0.030262253779202997,0.01701243850268508
2024-11-15,VCR,354.5418395996094,359.81,-0.010029208399291556,0.0,0.010029208399291556
2024-11-18,VCR,357.53167724609375,357.68,0.008432961395644645,-0.005919791000805974,-0.014352752396450619
2024-12-24,VCR,387.76220703125,381.69,0.02246541284978054,0.004288796505814929,-0.018176616343965613
2024-12-26,VCR,387.1395263671875,387.99,-0.0016058312356683757,0.01650554114595626,0.018111372381624635
2024-12-27,VCR,379.944091796875,387.99,-0.018586153260640947,0.0,0.018586153260640947
2024-12-30,VCR,374.6365051269531,387.99,-0.013969388614047507,0.0,0.013969388614047507
2025-01-02,VCR,367.3125305175781,370.13,-0.009990005388420764,-0.04603211422974818,-0.036042108841327414
2025-01-03,VCR,375.367919921875,371.97,0.02193061421821385,0.004971226325885647,-0.016959387892328204
2025-01-06,VCR,377.0778198242187,378.97,0.004555263813432964,0.018818721939941385,0.014263458126508421
2025-01-10,VCR,366.6405029296875,368.84,-0.009108817209693143,0.003810145874156179,0.012918963083849322
2025-01-13,VCR,367.9352722167969,366.24,0.0035314409530953217,-0.007049126992733856,-0.010580567945829178
2025-01-15,VCR,377.6905822753906,367.17,0.027010360915972198,0.0,-0.027010360915972198
2025-01-16,VCR,375.367919921875,374.72,-0.006149643286106787,0.02056268213634005,0.026712325422446836
2025-01-21,VCR,384.5499572753906,382.91,0.010545139914451607,0.0,-0.010545139914451607
2025-01-23,VCR,384.9057922363281,382.75,0.005188127191921632,-0.00586997740318429,-0.011058104595105922
2025-02-04,VCR,385.6668701171875,383.04,0.015484828795516936,0.004985044865403854,-0.010499783930113082
2025-02-11,VCR,370.8015747070313,375.97,-0.011279722920653601,0.0,0.011279722920653601
2025-02-12,VCR,370.5841064453125,370.22,-0.0005864814945584218,-0.015293773439370106,-0.014707291944811685
2025-04-04,VCR,297.9124755859375,303.58,-0.04168109741204706,-0.02495583748193364,0.016725259930113423
2025-04-07,VCR,294.8712158203125,293.94,-0.010208568001871754,-0.03175439752289344,-0.021545829521021687
2025-04-14,VCR,310.869873046875,308.0,0.005253445825264658,-0.005135824800542532,-0.01038927062580719
2025-04-23,VCR,311.5534362792969,316.42,0.023596397744815478,0.042260944036365045,0.018664546291549566
2025-04-24,VCR,317.7745666503906,316.46,0.019968100642346,0.00012641425952830687,-0.01984168638281769
2025-04-28,VCR,323.1438293457031,326.17,0.000859099058497792,0.015346781222761896,0.014487682164264104
2025-04-29,VCR,325.273681640625,324.64,0.00659103501754732,-0.0046908054082227535,-0.011281840425770073
2025-05-01,VCR,324.4415588378906,325.34,0.005896976206588134,0.017259708586079503,0.01136273237949137
2025-05-21,VCR,347.94921875,352.14,-0.021751897728045866,-0.00847529213008591,0.013276605597959956
2025-06-02,VCR,352.8033142089844,349.12,0.0008431363042944451,-0.012474188894860294,-0.01331732519915474
2025-06-03,VCR,354.8043518066406,355.22,0.005671821995614668,0.017472502291475678,0.01180068029586101
2025-06-06,VCR,350.1583251953125,346.1,0.012837020900179574,0.0,-0.012837020900179574
2025-06-09,VCR,353.467041015625,353.08,0.009449199354226279,0.02016758162380805,0.010718382269581772
2025-06-17,VCR,347.78082275390625,351.15,-0.016169631301948928,-0.006141741197781103,0.010027890104167825
2025-06-20,VCR,348.22662353515625,347.87,0.0006832473040407905,-0.009340737576534197,-0.010023984880574988
2025-06-23,VCR,354.5171203613281,347.87,0.018064376475042332,0.0,-0.018064376475042332
2025-06-24,VCR,356.6172180175781,357.45,0.005923825777749636,0.027539023198321244,0.021615197420571608
2025-06-25,VCR,352.4962158203125,357.45,-0.01155581387846083,0.0,0.01155581387846083
2025-06-26,VCR,356.34051513671875,354.59,0.010905930741582415,-0.00800111903762768,-0.018907049779210094
2025-07-22,VCR,373.4329528808594,369.61,0.011915171684818704,0.0,-0.011915171684818704
2025-07-24,VCR,369.2044982910156,369.35,-0.017434515088412317,-0.0007034441708827499,0.016731070917529567
2025-08-01,VCR,356.9460144042969,356.63,-0.02692380519452864,-0.04049182092122261,-0.013568015726693972
2025-09-04,VCR,388.7883605957031,377.86,0.01997294230713198,0.0,-0.01997294230713198
2025-09-05,VCR,389.2946166992187,388.9,0.0013021380134423666,0.02921717038056415,0.027915032367121784
2025-09-26,VCR,395.0030517578125,390.87,0.014479429403621236,0.0027449974345818973,-0.011734431969039338
2025-09-30,VCR,393.89935302734375,392.94,-0.007888822127902761,0.005295878425051859,0.01318470055295462
2025-10-10,VCR,374.4007568359375,387.26,-0.032204972084816874,0.005243484581040292,0.037448456665857166
2025-10-13,VCR,383.7275085449219,382.56,0.02491114544693973,-0.012136549088467619,-0.03704769453540735
2025-11-07,VCR,386.6706848144531,382.69,0.0029660518857226315,-0.007469460798298577,-0.010435512684021209
2025-11-10,VCR,391.6522216796875,382.69,0.012883151117661695,0.0,-0.012883151117661695
2025-11-11,VCR,392.5371398925781,392.15,0.0022594489802596485,0.024719747053751018,0.02246029807349137
2026-02-03,VCR,397.5959777832031,393.57,-0.006991154826735846,-0.01786739200958254,-0.010876237182846693
2026-02-04,VCR,395.99212646484375,396.82,-0.004033872091215973,0.008257743222298553,0.012291615313514526
2026-02-24,VCR,383.4999694824219,377.41,0.014761225375751197,0.0,-0.014761225375751197
2026-02-25,VCR,383.7789306640625,382.75,0.0007274086149657855,0.014149068652128838,0.013421660037163052
2026-03-06,VCR,374.364990234375,381.92,-0.019387870032995913,0.0,0.019387870032995913
2026-03-09,VCR,374.6638793945313,368.9,0.0007983897211361057,-0.03409090909090917,-0.03488929881204528
2026-03-11,VCR,372.9803161621094,372.32,-0.0020789920636261616,0.009270805096232015,0.011349797159858177
2026-03-25,VCR,363.8782043457031,360.14,0.010029597226975273,0.0,-0.010029597226975273
2026-03-26,VCR,357.6996154785156,358.05,-0.016979826748066307,-0.00580329871716545,0.011176528030900856
2020-10-06,VDC,142.4666748046875,143.73,-0.006306757142489183,0.004753582663404199,0.011060339805893382
2020-10-28,VDC,139.37147521972656,141.75,-0.02801355099634517,-0.013569937369519725,0.014443613626825447
2020-10-30,VDC,138.69334411621094,137.33,-0.003995455117753677,-0.02256227758007112,-0.018566822462317445
2020-11-02,VDC,140.89297485351562,141.17,0.01585967049335557,0.027961843734070957,0.012102173240715386
2020-11-09,VDC,144.76197814941406,146.75,-0.0020382900201525445,0.014027086788280796,0.01606537680843334
2020-11-10,VDC,147.74420166015625,147.83,0.02060087565026314,0.007359454855196068,-0.013241420795067071
2021-01-04,VDC,151.06869506835938,149.94,-0.003472693692432305,-0.019294917914840615,-0.01582222422240831
2021-03-25,VDC,154.87660217285156,153.4,0.010360029850933428,-0.0014971034303195019,-0.01185713328125293
2021-10-06,VDC,162.0794219970703,160.11,0.008719285188791392,-0.005836696678050313,-0.014555981866841705
2021-10-07,VDC,162.7665557861328,163.07,0.004239488150907356,0.018487289988132982,0.014247801837225627
2022-01-28,VDC,174.92266845703125,173.25,0.01221270596811519,0.0017925292008789118,-0.010420176767236278
2022-04-01,VDC,179.27664184570312,177.41,0.015007222237580553,-0.004321472668088466,-0.01932869490566902
2022-04-04,VDC,178.71763610839844,178.73,-0.003118118074666998,0.007440392311594657,0.010558510386261655
2022-06-09,VDC,167.49314880371094,169.79,-0.015734767057228538,-0.0028776133427296235,0.012857153714498915
2022-06-10,VDC,166.6907501220703,167.12,-0.0047906358401619276,-0.015725307733082006,-0.010934671892920078
2022-07-12,VDC,169.17958068847656,171.22,-0.0025151795136617583,0.009909165978530199,0.012424345492191957
2022-07-13,VDC,169.3429718017578,169.35,0.0009657850706115134,-0.010921621305922224,-0.011887406376533738
2022-08-26,VDC,174.33485412597656,176.37,-0.024033201911236923,-0.008433125316242185,0.015600076594994738
2022-09-02,VDC,169.89657592773438,173.32,-0.013283661688099802,0.010612244897959089,0.02389590658605889
2022-09-06,VDC,168.68038940429688,168.71,-0.007158393374300909,-0.02659819986152767,-0.019439806487226763
2022-09-09,VDC,173.2275390625,170.82,0.010964679498093988,0.0,-0.010964679498093988
2022-09-12,VDC,173.94456481933594,174.0,0.004139213434055877,0.01861608710923779,0.014476873675181912
2022-10-20,VDC,160.0385284423828,162.61,-0.01334859428102042,0.0,0.01334859428102042
2022-10-21,VDC,162.6422119140625,162.88,0.01626910405275983,0.0016604144886536165,-0.014608689564106214
2022-11-14,VDC,172.33514404296875,174.54,-0.007680311240013449,0.012647946159201506,0.020328257399214955
2022-11-15,VDC,174.1348876953125,174.25,0.010443277036371823,-0.001661510255528742,-0.012104787291900565
2022-12-12,VDC,180.283203125,179.17,0.009153758040852722,-0.0013377180759155394,-0.010491476116768261
2023-03-14,VDC,171.67323303222656,169.14,0.01061875868117701,-0.009312950272359899,-0.01993170895353691
2023-03-15,VDC,172.52911376953125,172.24,0.004985522333257553,0.018328012297505136,0.013342489964247584
2023-03-24,VDC,174.6981201171875,173.78,0.017620027487879275,0.006719962924342404,-0.010900064563536871
2023-04-05,VDC,180.02310180664062,169.91,0.004694937230804497,-0.05078212290502793,-0.05547706013583242
2023-04-06,VDC,180.2449951171875,179.69,0.0012325824203673896,0.05755988464481199,0.0563273022244446
2023-04-10,VDC,180.1432647705078,169.91,-0.0005644003963247712,-0.0544270688407813,-0.05386266844445653
2023-04-11,VDC,180.7349395751953,180.83,0.003284468089557846,0.06426931905126243,0.060984850961704584
2023-04-12,VDC,180.03233337402344,169.91,-0.0038874951507622546,-0.06038820992092031,-0.056500714770158056
2023-04-13,VDC,180.96603393554688,180.99,0.005186293728602909,0.06521099405567665,0.06002470032707374
2023-04-20,VDC,182.19558715820312,169.91,0.0029513912075469495,-0.06421765710194416,-0.06716904830949111
2023-04-21,VDC,183.36045837402344,183.47,0.006393520468796154,0.0798069566240951,0.07341343615529894
2023-04-27,VDC,184.34039306640625,169.91,0.010387453695541504,-0.06868011401008556,-0.07906756770562706
2023-05-01,VDC,185.6346740722656,186.36,0.001396435480112368,0.09681596139132487,0.0954195259112125
2023-05-04,VDC,183.36968994140625,169.91,-0.0019623875036387517,-0.07557127312295986,-0.07360888561932111
2023-05-05,VDC,184.987548828125,184.88,0.008822935171214574,0.08810546760049442,0.07928253242927985
2023-05-11,VDC,183.98907470703125,169.91,0.0022157298701299677,-0.07461467240346398,-0.07683040227359395
2023-05-12,VDC,184.562255859375,184.22,0.003115299934283833,0.0842210582072862,0.08110575827300237
2023-05-15,VDC,184.08154296875,169.91,-0.0026046110478367135,-0.07767886222994247,-0.07507425118210576
2023-05-16,VDC,182.4082489013672,183.19,-0.009089961113955214,0.07815902536637043,0.08724898648032564
2023-05-24,VDC,177.23118591308594,169.91,-0.0061173930908737795,-0.0470555243970836,-0.040938131306209824
2023-05-25,VDC,176.36216735839844,176.36,-0.004903304969779199,0.03796127361544355,0.042864578585222746
2023-07-19,VDC,182.40220642089844,181.95,0.00885842354949995,-0.0012624876495774817,-0.010120911199077431
2023-07-24,VDC,185.13975524902344,185.21,0.0038370337043922564,0.017917010167628478,0.014079976463236221
2023-07-28,VDC,185.8846893310547,185.72,0.010171252008482234,0.00016155958856156616,-0.010009692419920668
2023-08-18,VDC,179.0314178466797,179.17,0.004125531663066173,-0.009836971539099237,-0.01396250320216541
2023-10-12,VDC,163.9904327392578,168.05,-0.013630038839782754,0.0,0.013630038839782754
2023-10-13,VDC,165.37631225585938,164.76,0.008450977861648168,-0.019577506694436253,-0.02802848455608442
2023-10-20,VDC,166.63104248046875,167.88,-0.004141260273812675,0.005992329817833264,0.010133590091645939
2023-12-13,VDC,179.7780303955078,176.05,0.019055283155314795,0.0,-0.019055283155314795
2023-12-14,VDC,177.4557342529297,178.02,-0.01291757473073396,0.011190002840102187,0.024107577570836147
2023-12-18,VDC,178.81353759765625,177.14,0.010049796912203535,0.0,-0.010049796912203535
2024-01-25,VDC,181.00843811035156,180.33,0.010128216776639887,0.0,-0.010128216776639887
2024-02-12,VDC,184.66661071777344,182.94,0.008257720113116651,-0.0020184387103813206,-0.010276158823497972
2024-03-28,VDC,193.7847900390625,193.97,0.0013244414882753741,0.011472075924284342,0.010147634436008968
2024-06-07,VDC,195.65481567382812,196.68,-0.006363490960399121,0.004391788377080985,0.010755279337480106
2024-06-11,VDC,194.98085021972656,194.36,-0.0008270490791896234,-0.01179581045352851,-0.010968761374338887
2024-07-05,VDC,195.6504669189453,193.06,0.010172910726395923,0.0,-0.010172910726395923
2024-07-08,VDC,195.3252716064453,195.32,-0.0016621238764266133,0.011706205324769403,0.013368329201196016
2024-07-17,VDC,199.5336151123047,195.87,0.012718384871608146,0.0,-0.012718384871608146
2024-07-18,VDC,198.32850646972656,198.64,-0.006039627167080841,0.014142032981058872,0.020181660148139713
2024-08-06,VDC,198.18505859375,200.25,0.005873884116133432,0.01898025646244661,0.013106372346313178
2024-08-08,VDC,200.15530395507812,199.94,0.008773081354200851,-0.0038860103626943143,-0.012659091716895166
2024-12-30,VDC,204.11178588867188,206.19,-0.013191047960599889,0.0,0.013191047960599889
2025-01-27,VDC,209.994384765625,203.84,0.02566030339356762,0.0,-0.02566030339356762
2025-01-28,VDC,207.04342651367188,208.31,-0.014052557906473084,0.02192896389324961,0.03598152179972269
2025-08-21,VDC,217.8788604736328,218.25,-0.011365115526797087,0.0058994331013504375,0.017264548628147525
2025-08-25,VDC,214.54254150390625,218.25,-0.015312724522580812,0.0,0.015312724522580812
2025-08-26,VDC,213.4271545410156,213.51,-0.005198908128299373,-0.021718213058419256,-0.016519304930119882
2025-12-15,VDC,213.17835998535156,213.18,0.0021268604739075325,0.018878745877742187,0.016751885403834654
2026-02-02,VDC,227.56689453125,224.34,0.013748781740180016,0.0,-0.013748781740180016
2026-02-03,VDC,231.11814880371097,230.58,0.015605320271983913,0.027814923776410927,0.012209603504427013
2026-07-07,VDC,230.1000061035156,233.08,0.00832607002928376,0.020982084191160544,0.012656014161876783
2026-07-08,VDC,228.80999755859375,229.04,-0.005606295135609507,-0.01733310451347181,-0.011726809377862302
2026-07-14,VDC,226.2899932861328,227.96,-0.012997823224998761,0.0,0.012997823224998761
2021-02-01,VDE,45.28981018066406,44.95,0.010472185411863233,0.0,-0.010472185411863233
2021-02-22,VDE,54.37248229980469,54.41,0.049594743771450345,0.03954910202521966,-0.010045641746230682
2021-03-02,VDE,56.035850524902344,56.62,-0.00671455798666587,0.004078737364781038,0.010793295351446908
2021-03-17,VDE,59.46141815185547,59.07,0.008237918331032157,-0.002869682646860272,-0.011107600977892429
2021-04-01,VDE,58.08293151855469,57.15,0.026911653690739,0.009182412149037589,-0.017729241541701413
2021-04-05,VDE,56.55247116088867,56.64,-0.02634957151184958,-0.00892388451443571,0.01742568699741387
2021-04-06,VDE,56.54414749145508,57.3,-0.00014718489329867968,0.01165254237288127,0.011799727266179949
2021-04-07,VDE,56.78535079956055,56.74,0.004265751962073905,-0.009773123909249448,-0.014038875871323353
2021-12-02,VDE,65.94827270507812,65.91,0.028760886584338508,0.017129629629629717,-0.01163125695470879
2022-02-10,VDE,81.27864837646484,82.19,-0.005577002813937582,0.005997552019583852,0.011574554833521433
2022-02-11,VDE,83.61811065673828,83.63,0.028783233075402093,0.017520379608224834,-0.011262853467177258
2022-03-03,VDE,87.32508850097656,86.88,0.0017759268826806895,-0.010478359908883794,-0.012254286791564484
2022-03-31,VDE,92.76757049560548,93.68,-0.01363796650229221,-0.00010673497705193657,0.013531231525240273
2022-04-01,VDE,93.92022705078124,93.76,0.012425210114027418,0.0008539709649870719,-0.011571239149040347
2022-04-05,VDE,92.36888885498048,93.27,-0.016517615475545755,0.00010722710701260851,0.016624842582558363
2022-04-06,VDE,92.8369140625,92.77,0.005066913907065818,-0.0053607805296451705,-0.010427694436710988
2022-05-16,VDE,99.04219818115234,99.69,0.025392600929022624,0.03660185088905066,0.011209249960028034
2022-05-23,VDE,100.75820922851562,100.84,0.02848560393657662,0.038837951993407005,0.010352348056830385
2022-08-31,VDE,99.33200073242188,100.5,-0.006478365513020723,0.005402160864345751,0.011880526377366474
2022-09-01,VDE,96.83755493164062,96.9,-0.025112207369110906,-0.035820895522387985,-0.01070868815327708
2022-10-07,VDE,101.9100112915039,103.58,-0.00810900862427777,0.008666861427597539,0.016775870051875308
2022-10-10,VDE,99.81829071044922,99.87,-0.02052517269448162,-0.035817725429619585,-0.015292552735137965
2022-10-21,VDE,107.8572769165039,107.79,0.027006574132157457,0.0168867924528302,-0.010119781679327255
2022-10-27,VDE,110.1971664428711,111.51,0.003146587165555381,0.014649681528662306,0.011503094363106925
2022-10-28,VDE,110.68463897705078,110.76,0.004423639462929341,-0.006725854183481261,-0.011149493646410602
2023-03-08,VDE,105.96804809570312,108.08,-0.010713144829487042,0.009621672115833757,0.0203348169453208
2023-03-09,VDE,104.26466369628906,104.28,-0.016074509534002912,-0.03515914137675791,-0.019084631842754995
2023-03-22,VDE,98.42835235595705,98.81,-0.02174110688106179,-0.009522854851643947,0.012218252029417842
2023-06-28,VDE,101.02963256835938,99.53,0.009312132387996552,-0.007479058635819658,-0.01679119102381621
2023-06-29,VDE,102.37261962890624,102.25,0.013293001532378668,0.027328443685320947,0.014035442152942279
2023-07-31,VDE,111.61198425292967,109.24,0.019854785152757293,0.0,-0.019854785152757293
2023-08-01,VDE,111.0733413696289,110.96,-0.004826030886433519,0.015745148297326983,0.020571179183760502
2023-08-18,VDE,113.46533966064452,112.39,0.010324417845684941,0.0,-0.010324417845684941
2023-08-21,VDE,112.78972625732422,113.04,-0.005954359325419878,0.005783432689741241,0.01173779201516112
2023-10-09,VDE,114.29041290283205,114.07,0.0356456801295848,0.025440489032722002,-0.010205191096862798
2023-11-03,VDE,112.30516052246094,113.37,-0.009002421066903965,0.003985122210414582,0.012987543277318547
2023-12-06,VDE,104.98912048339844,104.98,-0.017967571622515055,-0.03181776261182334,-0.013850190989308286
2024-01-16,VDE,104.60791778564452,107.06,-0.02363026328616613,0.0,0.02363026328616613
2024-01-17,VDE,103.7547378540039,103.7,-0.008155978531079189,-0.031384270502521905,-0.023228291971442716
2024-02-13,VDE,107.64044189453124,108.35,-0.010738963265870094,0.0,0.010738963265870094
2024-02-21,VDE,111.77653503417967,111.1,0.019971305859101784,0.007618356611645005,-0.01235294924745678
2024-07-10,VDE,117.970703125,117.75,0.0067468449018690535,-0.004649196956889257,-0.01139604185875831
2024-12-23,VDE,113.37638092041016,112.0,0.0061151727196757655,-0.004532930406186186,-0.010648103125861952
2024-12-24,VDE,114.24732971191406,114.28,0.007681924439935317,0.020357142857142962,0.012675218417207645
2020-09-21,VFH,51.57258987426758,50.95,-0.026823276809024077,-0.03940422322775261,-0.012580946418728534
2020-09-22,VFH,51.128379821777344,51.1,-0.008613297365387407,0.0029440628066732533,0.01155736017206066
2020-11-04,VFH,53.89136505126953,54.61,-0.013818810637659773,-0.0009147457006951631,0.01290406493696461
2020-11-05,VFH,55.19733047485352,55.26,0.024233296416625638,0.011902581944698731,-0.012330714471926907
2021-09-20,VFH,81.75727081298828,80.86,-0.02401961052184831,-0.0342768422309806,-0.010257231709132286
2021-09-21,VFH,81.65800476074219,81.8,-0.0012141556495097738,0.011625030917635337,0.012839186567145111
2022-01-24,VFH,85.93614196777344,84.92,0.0036226860803245664,-0.01014104207949651,-0.013763728159821076
2022-01-25,VFH,86.20985412597656,86.17,0.0031850645367088593,0.014719736222326807,0.011534671685617948
2022-03-10,VFH,81.95819091796875,81.17,-0.007074247432285574,-0.017669127435556042,-0.010594880003270468
2022-03-11,VFH,81.40165710449219,81.5,-0.0067904599557790934,0.00406554145620297,0.010856001411982064
2022-04-22,VFH,80.6628646850586,82.0,-0.029223623543109145,-0.013237063778579916,0.01598655976452923
2022-04-25,VFH,80.80948638916016,80.79,0.0018177101033298726,-0.014756097560975512,-0.016573807664305384
2022-07-21,VFH,74.57427215576172,73.67,0.005590075658454374,-0.006473364801078962,-0.012063440459533337
2022-08-02,VFH,74.98884582519531,75.81,-0.01189612589260658,0.0011885895404120106,0.01308471543301859
2022-08-03,VFH,76.14038848876953,76.16,0.015356185988760984,0.004616805170821747,-0.010739380817939237
2022-08-10,VFH,78.60931396484375,76.5,0.02387831768620452,0.0,-0.02387831768620452
2022-08-11,VFH,79.45685577392578,76.5,0.010781697057693052,0.0,-0.010781697057693052
2022-08-12,VFH,80.70051574707031,80.7,0.01565201594036192,0.05490196078431375,0.039249944843951834
2022-08-19,VFH,79.30945587158203,80.81,-0.020034003392797595,0.0,0.020034003392797595
2022-08-22,VFH,77.5775146484375,77.47,-0.02183776454032027,-0.04133151837643856,-0.01949375383611829
2022-09-21,VFH,73.32139587402344,73.65,-0.01946533906938619,-0.008347919752255129,0.011117419317131061
2022-10-14,VFH,70.81722259521484,71.97,-0.015973154177427396,-0.0005554784057770767,0.015417675771650319
2022-10-17,VFH,72.52299499511719,72.65,0.02408697118287728,0.009448381269973716,-0.014638589912903566
2022-10-19,VFH,72.4488296508789,72.26,-0.016114827614145955,-0.027194399569197558,-0.011079571955051604
2022-11-22,VFH,80.98694610595703,80.08,0.010526298754244268,0.0,-0.010526298754244268
2022-11-25,VFH,81.62662506103516,81.24,0.004449201592177765,0.014485514485514495,0.01003631289333673
2022-12-05,VFH,78.9937973022461,79.79,-0.027726834706495618,-0.016395463510848085,0.011331371195647533
2022-12-07,VFH,78.0018539428711,77.99,-0.004142353502001539,-0.022559217947111354,-0.018416864445109815
2023-01-24,VFH,81.21215057373047,76.99,-0.0010340047544699082,-0.0517305086833354,-0.05069650392886549
2023-01-25,VFH,81.7631607055664,81.76,0.006784823797218564,0.06195609819457082,0.055171274397352255
2023-01-27,VFH,82.48224639892578,76.99,0.0021558500595484364,-0.05718834190546174,-0.05934419196501017
2023-01-31,VFH,83.31343078613281,76.99,0.015481169991760968,0.0,-0.015481169991760968
2023-02-01,VFH,83.57491302490234,83.73,0.003138536443670903,0.08754383686193035,0.08440530041825944
2023-02-08,VFH,84.1539535522461,76.99,-0.0058471747262891505,-0.09049025398700539,-0.08464307926071624
2023-02-09,VFH,82.98656463623047,83.18,-0.013872062651113182,0.08040005195479938,0.09427211460591256
2023-02-10,VFH,83.22937774658203,82.55,0.0029259327870232443,-0.00757393604231793,-0.010499868829341175
2023-02-13,VFH,84.22864532470703,76.99,0.012006188261644679,-0.06735311932162324,-0.07935930758326792
2023-02-14,VFH,83.75237274169922,84.02,-0.005654520278365549,0.09131055981296266,0.0969650800913282
2023-02-21,VFH,81.46430969238281,82.45,-0.021207272023269552,-0.005188223938223824,0.01601904808504573
2023-02-22,VFH,81.33354949951172,76.99,-0.001605122456261654,-0.06622195269860531,-0.06461683024234366
2023-02-23,VFH,81.51099395751953,81.55,0.0021816883573841928,0.059228471230029944,0.05704678287264575
2023-02-24,VFH,81.49230194091797,80.67,-0.00022931896292788245,-0.010790925812384944,-0.010561606849457061
2023-02-27,VFH,81.4176254272461,81.48,-0.0009163627961572551,0.010040907400520771,0.010957270196678026
2023-03-03,VFH,82.04330444335938,76.99,0.01548922353307347,-0.04809594460929778,-0.06358516814237125
2023-03-06,VFH,81.88455200195312,82.14,-0.0019349835124674586,0.06689180413040652,0.06882678764287398
2023-03-08,VFH,79.61516571044922,79.29,-0.004088789617873845,-0.017350353203618663,-0.013261563585744818
2023-03-22,VFH,70.97657012939453,71.9,-0.028878295175854385,-0.014798574952041621,0.014079720223812764
2023-03-23,VFH,70.23880004882812,70.11,-0.010394558080524474,-0.02489568845618928,-0.014501130375664806
2023-04-19,VFH,76.02040100097656,74.82,0.007218427743346245,-0.009400238315901088,-0.016618666059247333
2023-04-20,VFH,75.54132843017578,75.37,-0.006301894813664943,0.007350975674953464,0.013652870488618407
2023-05-16,VFH,71.09829711914062,74.82,-0.01045862538744402,0.044972067039106056,0.05543069242655008
2023-05-17,VFH,72.91120147705078,72.91,0.02549856229147429,-0.025527933707564787,-0.05102649599903908
2023-05-23,VFH,72.93939971923828,73.51,-0.007286754316084498,0.003138646288209701,0.0104254006042942
2023-06-15,VFH,76.54643249511719,75.68,0.012675534753380457,0.0,-0.012675534753380457
2022-04-01,VGT,50.50457000732422,50.24,-0.0029292009972613497,-0.014322150284481028,-0.011392949287219678
2020-10-30,VHT,182.2942047119141,180.37,-0.0042215528409670355,-0.017432042272702453,-0.013210489431735417
2021-03-08,VHT,203.90890502929688,206.88,-0.006972030878939273,0.007352583142620661,0.014324614021559934
2021-10-01,VHT,230.91387939453125,230.5,0.0021444574849698306,-0.010092334120678559,-0.01223679160564839
2021-12-16,VHT,243.68426513671875,243.94,0.000184441215453246,0.01035453943008613,0.010170098214632883
2022-01-10,VHT,238.6529083251953,235.93,0.010733695134132804,-0.0005083668714255252,-0.011242062005558329
2022-01-28,VHT,226.5794982910156,224.04,0.022925930094926272,0.009189189189189095,-0.013736740905737177
2022-02-11,VHT,227.98226928710935,232.83,-0.014512562172384724,0.006701833275683189,0.021214395448067913
2022-02-14,VHT,225.69105529785156,226.07,-0.010049965711905195,-0.029034059184813055,-0.01898409347290786
2022-02-17,VHT,224.4004669189453,226.49,-0.018689809602064567,-0.004176925782623964,0.014512883819440603
2022-02-23,VHT,220.02377319335935,222.14,-0.007760188012167046,0.0052038553780713315,0.012964043390238378
2022-02-24,VHT,222.1560211181641,218.81,0.009690988813880974,-0.01499054650220577,-0.024681535316086745
2022-02-25,VHT,228.6276092529297,228.68,0.029130824823889734,0.04510762762213805,0.015976802798248313
2022-03-16,VHT,232.24679565429688,228.99,0.01628761628228781,0.0027148924990147982,-0.01357272378327301
2022-04-21,VHT,239.9733428955078,243.43,-0.01345671261742687,-0.00032852860252141625,0.013128184014905453
2022-04-22,VHT,231.47586059570312,231.24,-0.03541010929495103,-0.05007599720658917,-0.014665887911638142
2022-11-02,VHT,225.8400115966797,228.64,-0.016939316739113308,-0.005264302806177956,0.011675013932935352
2023-02-01,VHT,234.70159912109375,231.99,0.005892369400591235,-0.005657708628005631,-0.011550078028596866
2023-02-02,VHT,233.93362426757812,233.94,-0.0032721330250476965,0.008405534721324104,0.0116776677463718
2023-03-14,VHT,220.9720458984375,219.13,0.011282213722259016,-0.0010940420294479614,-0.012376255751706977
2023-03-22,VHT,220.1661071777344,222.54,-0.016143402112623106,-0.00545227028959594,0.010691131823027167
2023-03-23,VHT,219.79627990722656,218.57,-0.0016797647705569796,-0.017839489529972163,-0.016159724759415184
2023-04-17,VHT,235.45358276367188,217.1,0.0014160028767851163,-0.07530454042081947,-0.07672054329760458
2023-04-18,VHT,234.00762939453125,234.03,-0.006141139804153872,0.07798249654537082,0.08412363634952469
2023-04-24,VHT,236.5475921630859,217.1,0.0044840402302051,-0.07824905532203963,-0.08273309555224473
2023-04-25,VHT,233.68418884277344,233.81,-0.01210497766698182,0.07696913864578536,0.08907411631276718
2023-07-20,VHT,237.09271240234375,234.23,0.012806390869501083,0.0,-0.012806390869501083
2023-07-21,VHT,239.42230224609375,239.8,0.009825649300416739,0.023780045254664373,0.013954395954247634
2023-10-19,VHT,223.28436279296875,225.59,-0.010363574537798348,0.00035475145226371296,0.010718325990062061
2024-10-21,VHT,270.2156677246094,272.61,-0.012120851043510017,0.0035339591385976643,0.01565481018210768
2024-12-23,VHT,249.97872924804688,247.1,0.009059083822779535,-0.005353620738236198,-0.014412704561015732
2024-12-24,VHT,250.79835510253903,250.63,0.0032787823866360366,0.014285714285714235,0.011006931899078198
2020-07-31,VIS,125.549560546875,124.71,0.0030296850129640784,-0.009058402860548265,-0.012088087873512343
2020-08-07,VIS,131.72804260253906,130.18,0.015255058911855857,0.005095738109944348,-0.010159320801911509
2020-08-10,VIS,134.75254821777344,134.69,0.022960225897838304,0.03464433860808103,0.011684112710242722
2020-10-15,VIS,142.09521484375,140.22,0.004331447047569048,-0.013785342523561783,-0.01811678957113083
2020-10-16,VIS,142.72657775878906,143.09,0.004443238399923111,0.02046783625731008,0.01602459785738697
2020-11-18,VIS,153.64553833007812,155.35,-0.006066663810682216,0.007392516698009111,0.013459180508691326
2020-11-19,VIS,154.12832641601562,154.16,0.0031422200161799196,-0.007660122304473771,-0.01080234232065369
2021-05-10,VIS,188.239501953125,190.19,-0.001585942444436217,0.009983537783442076,0.011569480227878293
2021-05-11,VIS,185.74415588378903,185.72,-0.013256229661919527,-0.023502812976497145,-0.010246583314577618
2021-10-11,VIS,180.6220703125,182.66,-0.008361439781775393,0.0029650779705687746,0.011326517752344167
2021-10-12,VIS,180.3588409423828,180.05,-0.0014573488702779303,-0.014288842658491063,-0.012831493788213133
2021-12-01,VIS,179.8511962890625,185.51,-0.015743211189538586,0.010678289294470122,0.02642150048400871
2021-12-02,VIS,185.2850341796875,185.28,0.030212964955159682,-0.0012398253463424824,-0.031452790301502165
2022-01-24,VIS,181.2685089111328,178.08,0.006229168027195531,-0.011545293072824037,-0.017774461100019567
2022-01-25,VIS,179.16566467285156,178.92,-0.011600714602403306,0.004716981132075304,0.01631769573447861
2022-03-08,VIS,172.71571350097656,176.82,-0.0028852565881332115,0.02143145976546701,0.02431671635360022
2022-03-09,VIS,176.3555908203125,175.93,0.021074384290548975,-0.005033367266146338,-0.026107751556695313
2022-04-29,VIS,169.4586181640625,171.6,-0.02582891436314727,-0.013509629203794171,0.0123192851593531
2022-05-02,VIS,169.95042419433594,169.73,0.0029022190526615255,-0.01089743589743597,-0.013799654950097495
2022-05-20,VIS,159.46981811523438,156.58,-0.009401338363253742,-0.02775535547966468,-0.018354017116410937
2022-05-23,VIS,161.80618286132812,161.97,0.014650827182893345,0.03442329799463528,0.019772470811741938
2022-06-28,VIS,155.83786010742188,157.82,-0.013465013134654424,-6.335931065082345e-05,0.013401653824003601
2022-06-29,VIS,154.71742248535156,154.64,-0.007189765191192743,-0.020149537447725296,-0.012959772256532553
2022-07-19,VIS,159.90188598632812,154.63,0.03713743642425982,0.0,-0.03713743642425982
2022-07-20,VIS,161.3736572265625,160.41,0.009204214391568932,0.03737955118670366,0.02817533679513473
2022-08-17,VIS,179.3958282470703,181.23,-0.010008551885254513,0.0,0.010008551885254513
2022-08-18,VIS,180.07003784179688,180.03,0.0037582233729427372,-0.00662142029465318,-0.010379643667595917
2022-08-26,VIS,171.54319763183594,175.32,-0.0344201400170695,-0.007079345302146489,0.02734079471492301
2022-08-29,VIS,170.66966247558594,171.69,-0.005092216819490347,-0.02070499657768654,-0.015612779758196194
2022-09-09,VIS,171.63815307617188,168.77,0.014878233320768208,0.0,-0.014878233320768208
2022-09-13,VIS,166.51065063476562,166.59,-0.03658948835633302,-0.012916987616282571,0.02367250074005045
2022-09-15,VIS,164.49766540527344,165.22,-0.00977419713362715,0.0002421600678048641,0.010016357201432013
2022-10-20,VIS,155.75930786132812,158.78,-0.018748650614320184,0.0,0.018748650614320184
2022-10-21,VIS,159.8227996826172,159.52,0.026088276052862014,0.004660536591510223,-0.02142773946135179
2022-10-28,VIS,170.28689575195312,166.75,0.022861386740269163,0.0,-0.022861386740269163
2022-10-31,VIS,169.72410583496094,169.07,-0.003304951414535018,0.013913043478260834,0.01721799489279585
2022-11-02,VIS,166.3473358154297,169.78,-0.021380765874509544,-0.0017638758231420804,0.019616890051367464
2022-11-03,VIS,167.67324829101562,167.61,0.00797074668545994,-0.012781246318765427,-0.020751993004225366
2022-11-08,VIS,173.1294403076172,173.94,0.006041724152851646,0.01957796014068003,0.013536235987828382
2022-11-30,VIS,181.99102783203125,177.92,0.01863326452748204,-0.003137606454504671,-0.021770870981986712
2022-12-01,VIS,181.91470336914065,181.88,-0.0004193858554446539,0.022257194244604372,0.022676580100049026
2022-12-12,VIS,179.43463134765625,178.05,0.015548229703657102,0.0034943357943977293,-0.012053893909259372
2022-12-14,VIS,180.08326721191406,182.0,-0.0017976534422897705,0.012686401068328523,0.014484054510618294
2022-12-15,VIS,175.41452026367188,175.2,-0.025925490027611575,-0.03736263736263745,-0.011437147335025877
2022-12-28,VIS,173.17263793945312,174.61,-0.013857642722702068,-0.003538206928037302,0.010319435794664766
2023-02-02,VIS,188.4347991943359,174.77,0.010013966014395637,-0.06234240034336591,-0.07235636635776155
2023-02-03,VIS,187.40008544921875,187.47,-0.005491096918091243,0.07266693368427068,0.07815803060236193
2023-02-10,VIS,185.5318298339844,174.77,0.005086264638685778,-0.05325027085590461,-0.05833653549459039
2023-02-13,VIS,187.25637817382812,187.2,0.009295161597806967,0.07112204611775463,0.06182688451994767
2023-02-16,VIS,186.72943115234375,174.77,-0.009050175706841634,-0.06729640303127327,-0.05824622732443163
2023-02-17,VIS,187.68748474121097,186.31,0.005130704800817343,0.06602963895405378,0.06089893415323644
2023-03-09,VIS,182.92584228515625,185.8,-0.01668656414033698,0.004052958659821693,0.020739522800158672
2023-03-22,VIS,175.27081298828125,178.69,-0.020244304578088013,-0.001062164579606395,0.019182139998481618
2023-03-23,VIS,174.83009338378906,173.9,-0.0025145065340779205,-0.02680620068274664,-0.02429169414866872
2023-04-26,VIS,175.8538360595703,177.72,-0.01898343260039992,-0.008480249944208929,0.01050318265619099
2023-04-27,VIS,179.5547332763672,178.8,0.021045302733931903,0.006076975016880537,-0.014968327717051366
2023-06-26,VIS,191.99349975585935,192.04,0.008177201572606041,-0.0019229769762486582,-0.010100178548854699
2023-11-09,VIS,186.8817596435547,188.68,-0.0032009116766822387,0.007152770364043937,0.010353682040726175
2023-12-13,VIS,208.67881774902344,204.97,0.012967503948995374,0.0,-0.012967503948995374
2023-12-14,VIS,212.0471038818359,211.49,0.01614100639990923,0.03180953310240531,0.015668526702496077
2023-12-20,VIS,209.75828552246097,213.23,-0.015652920732124986,0.0005161411411411798,0.016169061873266166
2023-12-21,VIS,212.17971801757812,212.22,0.011543918225141336,-0.004736669324203913,-0.01628058754934525
2024-01-18,VIS,209.06787109375,207.24,0.013243518822267264,0.0010143457469933281,-0.012229173075273936
2024-02-07,VIS,218.597900390625,219.33,0.006492303470451599,0.019144091817294706,0.012651788346843107
2024-03-27,VIS,238.02915954589844,235.97,0.016529318759899603,0.005839727195225963,-0.01068959156467364
2024-04-25,VIS,230.29795837402344,227.2,0.002887099901537349,-0.011572261376490145,-0.014459361278027494
2024-04-26,VIS,230.57093811035156,230.66,0.0011853328542530406,0.015228873239436558,0.014043540385183517
2024-04-30,VIS,228.1823577880859,229.27,-0.01733981853244293,-0.0060261857279111375,0.011313632804531792
2024-09-11,VIS,239.67762756347656,235.21,0.0033580448041234945,-0.011265711042918958,-0.014623755847042452
2024-09-12,VIS,241.9665985107422,241.83,0.009550206961471241,0.02814506185961485,0.01859485489814361
2024-10-31,VIS,252.6262359619141,256.16,-0.012501410617434039,0.0,0.012501410617434039
2024-12-18,VIS,251.09405517578125,259.52,-0.029764074367085835,0.0013118296164826848,0.03107590398356852
2024-12-19,VIS,250.60171508789065,251.52,-0.0019607795475122813,-0.0308261405672009,-0.028865361019688618
2025-01-31,VIS,262.3682556152344,264.6,-0.008003900007500064,0.006007147745418662,0.014011047752918726
2025-02-25,VIS,253.3981170654297,251.73,0.0052734378783387825,-0.0055307549480504425,-0.010804192826389225
2025-03-07,VIS,250.31619262695312,247.54,0.010815259582435344,0.0,-0.010815259582435344
2025-03-10,VIS,245.8065185546875,247.87,-0.01801591029704741,0.0013331178799387278,0.01934902817698614
2025-03-21,VIS,246.35791015625,244.6,-0.00694577112230732,-0.02152172173773903,-0.01457595061543171
2025-04-01,VIS,246.0949249267578,242.33,0.006584584562718598,-0.008713081894788477,-0.015297666457507075
2025-04-03,VIS,234.63853454589844,234.63,-0.056660822201581196,-0.042873460063637125,0.01378736213794407
2025-04-24,VIS,241.30496215820312,240.04,0.02401509004881741,0.01338286823996282,-0.010632221808854592
2025-05-01,VIS,246.55908203125,247.95,0.0073436953928065485,0.01827515400410662,0.010931458611300071
2025-05-27,VIS,267.76324462890625,263.06,0.01978476822154196,0.0,-0.01978476822154196
2025-05-29,VIS,266.4892272949219,266.34,0.0010015381296353265,0.012468638333460014,0.011467100203824687
2025-06-03,VIS,268.6521301269531,265.47,0.01149015211890081,0.0,-0.01149015211890081
2025-06-04,VIS,268.7904357910156,268.93,0.0005148132047088083,0.013033487776396457,0.012518674571687649
2025-06-09,VIS,271.0125427246094,272.03,-0.0002549870513860464,0.015113068139413155,0.015368055190799201
2025-06-23,VIS,270.133544921875,266.97,0.012961881537830067,0.0,-0.012961881537830067
2025-07-16,VIS,283.05950927734375,280.38,0.004674104882702146,-0.006484532794727271,-0.011158637677429417
2025-07-17,VIS,286.1983642578125,280.38,0.011089028552625946,0.0,-0.011089028552625946
2025-07-18,VIS,285.4953308105469,287.09,-0.0024564551551116143,0.02393180683358298,0.026388261988694595
2025-08-01,VIS,282.59417724609375,280.04,-0.015794088140409612,-0.03127162031271613,-0.015477532172306518
2025-09-17,VIS,287.28753662109375,290.46,-0.0049045288087949945,0.006026600166250784,0.010931128975045779
2025-09-18,VIS,291.1392822265625,289.79,0.013407284042916467,-0.0023066859464296874,-0.015713969989346155
2025-10-10,VIS,286.9893493652344,290.08,-0.02301224041415506,-0.011719814663396,0.01129242575075906
2025-10-13,VIS,290.8507080078125,290.51,0.013454710605528497,0.00148234969663541,-0.011972360908893087
2025-10-20,VIS,294.79144287109375,291.26,0.013341448687171464,0.0,-0.013341448687171464
2025-10-22,VIS,292.56793212890625,291.26,-0.015071051591498685,0.0,0.015071051591498685
2025-11-13,VIS,289.7587890625,296.22,-0.019449156240043952,0.0,0.019449156240043952
2025-11-14,VIS,290.0168762207031,289.69,0.0008906965653678878,-0.022044426439808307,-0.022935123005176195
2026-07-27,VIS,351.4200134277344,348.71,0.0035696945828229687,-0.009036914945011243,-0.012606609527834212
2024-12-23,VNQ,83.81551361083984,82.96,0.003910693450614344,-0.00682389560636909,-0.010734589056983435
2024-12-24,VNQ,84.37226867675781,84.42,0.006642625475076214,0.01759884281581492,0.010956217340738705
2020-09-03,VOX,101.48991394042967,100.55,-0.031210600216735385,-0.04174211379014592,-0.010531513573410534
2020-09-04,VOX,99.58655548095705,99.69,-0.01875416369541727,-0.008552958727001458,0.010201204968415811
2020-09-17,VOX,96.2201690673828,95.14,-0.017361050510994236,-0.02829128791747515,-0.010930237406480914
2020-09-18,VOX,95.11515808105467,95.25,-0.011484192940404037,0.0011561908766029028,0.01264038381700694
2020-10-08,VOX,97.78792572021484,97.46,0.019194778443921257,0.008380755302638265,-0.010814023141282991
2020-10-19,VOX,97.23070526123048,99.33,-0.015962759814796557,0.004043262913170809,0.020006022727967365
2020-10-20,VOX,97.79737854003906,98.5,0.005828130910766172,-0.008355985100171104,-0.014184116010937275
2020-11-09,VOX,104.5596160888672,105.63,-0.005747507519916706,0.0046604527296936205,0.010407960249610326
2020-11-10,VOX,104.29517364501952,104.15,-0.0025291068745215695,-0.014011171068825101,-0.011482064194303532
2021-03-05,VOX,123.49838256835938,120.9,0.020006254691727676,0.00024820054604113295,-0.019758054145686543
2021-03-08,VOX,122.0128402709961,122.4,-0.012028840106800609,0.012406947890818865,0.024435787997619474
2021-03-24,VOX,122.7319793701172,124.67,-0.02400294715238116,-0.008824932421688692,0.015178014730692468
2021-03-25,VOX,122.43862915039062,122.56,-0.0023901693856165362,-0.016924681158257848,-0.014534511772641312
2021-03-26,VOX,121.68050384521484,120.35,-0.006191880049919329,-0.01803198433420372,-0.011840104284284392
2021-03-29,VOX,122.2112045288086,122.13,0.004361427400636275,0.014790195263813866,0.01042876786317759
2021-12-02,VOX,125.4509506225586,125.26,0.01901656090996595,0.008859536082474362,-0.01015702482749159
2021-12-15,VOX,127.4780502319336,124.88,0.00911560594636951,-0.010773130544993625,-0.019888736491363135
2021-12-16,VOX,126.95662689208984,127.01,-0.004090298987904806,0.017056374119154505,0.02114667310705931
2022-01-28,VOX,118.3903350830078,116.97,0.02854067753279743,0.012201453790238848,-0.016339223742558584
2022-01-31,VOX,121.57047271728516,121.58,0.026861463244002515,0.039411814995298,0.012550351751295485
2022-03-24,VOX,115.00045013427734,113.93,0.014749656731099847,0.0034349128060595646,-0.011314743925040283
2022-03-29,VOX,117.85968017578124,118.15,0.01699806549152183,0.02783819051761638,0.01084012502609455
2022-05-25,VOX,94.55549621582033,93.78,0.015925173423856576,0.00589938860881678,-0.010025784815039795
2022-08-12,VOX,99.33877563476562,98.28,0.017367758338930006,0.006554690700532495,-0.010813067638397511
2022-08-15,VOX,99.76993560791016,99.71,0.004340298844931922,0.014550264550264425,0.010209965705332502
2022-08-18,VOX,97.59500885009766,97.55,-0.002643561505609071,-0.013151239251390945,-0.010507677745781874
2022-09-09,VOX,92.15283203125,89.45,0.02844310701689956,0.0,-0.02844310701689956
2022-09-12,VOX,92.8522491455078,92.73,0.007589751707474557,0.036668529904974934,0.029078778197500377
2022-10-11,VOX,78.7359619140625,79.55,-0.016906505008736805,-0.0028829280521434075,0.014023576956593398
2022-10-12,VOX,78.54390716552734,78.53,-0.0024392252773234313,-0.012822124450031391,-0.01038289917270796
2022-12-23,VOX,78.9259262084961,77.87,0.008114141555689347,-0.005618694930404788,-0.013732836486094135
2022-12-27,VOX,78.19441986083984,78.2,-0.009268264343504251,0.004237832284576859,0.01350609662808111
2023-03-02,VOX,87.63665008544922,79.21,0.010207512414643238,-0.08712688717298611,-0.09733439958762935
2023-03-03,VOX,89.29216003417969,89.31,0.018890611942792068,0.12750915288473696,0.1086185409419449
2023-05-05,VOX,92.93058013916016,91.99,0.013159110669564766,-0.0007603736693461149,-0.013919484338910881
2023-08-17,VOX,102.76797485351562,103.95,-0.011638666650328422,-9.619084263168265e-05,0.01154247580769674
2023-08-18,VOX,102.19676971435548,102.22,-0.005558201764453652,-0.01664261664261668,-0.01108441487816303
2023-08-25,VOX,102.14836883544922,100.79,0.0007589711866762272,-0.014953088350273536,-0.015712059536949763
2023-08-28,VOX,103.39727783203124,103.35,0.012226421340059579,0.025399345173132026,0.013172923833072447
2024-01-08,VOX,115.0731964111328,113.48,0.016166568359382127,0.0,-0.016166568359382127
2024-01-09,VOX,114.7615737915039,114.79,-0.0027080382690989335,0.011543884384913605,0.014251922654012539
2024-01-18,VOX,115.78406524658205,115.82,0.013122145846659938,0.0002590897314100893,-0.012863056115249849
2024-04-04,VOX,128.1344451904297,130.77,-0.011298794449891791,0.01293570875290495,0.024234503202796742
2024-04-05,VOX,129.51089477539062,129.5,0.010742229249249169,-0.009711707578190842,-0.02045393682744001
2024-12-18,VOX,153.8040008544922,155.53,-0.02873311024362568,-0.018552407395721615,0.010180702847904066
2024-12-19,VOX,153.36080932617188,153.49,-0.0028815344585190195,-0.01311644055809158,-0.01023490609957256
2020-08-07,VPU,111.8510513305664,110.21,0.02017740411312552,0.004923862496580611,-0.015253541616544908
2020-08-10,VPU,111.76788330078124,111.84,-0.0007435605548254953,0.014789946465838089,0.015533507020663584
2020-09-29,VPU,107.0557861328125,107.54,0.001959502659631074,0.020787850023730625,0.01882834736409955
2020-10-29,VPU,114.1409149169922,113.51,0.0009548114138737684,-0.009251985685606923,-0.010206797099480691
2020-11-17,VPU,119.48407745361328,120.52,-0.019585297739370566,-0.009288943690916596,0.01029635404845397
2020-12-24,VPU,113.27437591552734,112.87,0.006008841869094672,-0.005550660792951523,-0.011559502662046195
2021-05-12,VPU,119.74434661865234,121.51,-0.02421724006921644,-0.00937550953856181,0.014841730530654629
2021-05-14,VPU,122.690673828125,122.73,0.024605146653442933,0.010040325899102864,-0.014564820754340069
2021-06-18,VPU,119.57401275634766,121.45,-0.026483723913485968,-0.014044487741516565,0.012439236171969403
2021-06-21,VPU,121.19856262207033,121.18,0.013586144917900889,-0.0022231370934540085,-0.015809282011354897
2021-09-27,VPU,121.35296630859376,123.76,-0.010629313108490801,0.005606565369302041,0.016235878477792842
2021-09-30,VPU,120.36912536621094,121.07,-0.008107267356621262,-0.021735617323852763,-0.013628349967231501
2021-10-06,VPU,123.77759552001952,121.17,0.014823926504319962,-0.009968134651523797,-0.02479206115584376
2021-10-07,VPU,123.30176544189452,123.99,-0.00384423429883185,0.023273087397870595,0.027117321696702446
2022-02-24,VPU,124.68911743164062,124.18,0.010590226173196937,-0.005127383432142141,-0.015717609605339078
2022-03-04,VPU,134.51513671875,132.62,0.020756161734033496,0.005611161662117059,-0.015145000071916437
2022-03-07,VPU,135.89141845703125,135.94,0.010231426528293452,0.025033931533705367,0.014802505005411914
2022-04-25,VPU,140.24575805664062,139.63,-0.008308026222288656,-0.01972760460544798,-0.011419578383159323
2022-04-26,VPU,138.93055725097656,140.09,-0.009377829489380374,0.0032944209697056692,0.012672250459086043
2022-04-29,VPU,135.66880798339844,137.56,-0.02954121785322017,-0.0153890201130914,0.014152197740128769
2022-05-02,VPU,134.2483673095703,134.23,-0.010469913423297283,-0.024207618493748306,-0.013737705070451023
2022-05-24,VPU,140.9735565185547,139.3,0.01811064369621329,0.006575619625695639,-0.011535024070517652
2022-05-25,VPU,141.07876586914062,140.81,0.0007463055709464594,0.010839913854989058,0.010093608284042599
2022-06-09,VPU,137.5013885498047,140.18,-0.023414853325137375,-0.003554165481944871,0.019860687843192504
2022-06-10,VPU,136.44044494628906,136.81,-0.007715875561004504,-0.024040519332287125,-0.01632464377128262
2022-07-18,VPU,132.4235382080078,133.74,-0.01284185796425985,0.0,0.01284185796425985
2022-07-19,VPU,133.40414428710938,133.18,0.007405073843905763,-0.004187228951697319,-0.011592302795603082
2022-09-19,VPU,144.8354949951172,143.16,0.013225279471360318,-0.0016736401673640433,-0.014898919638724362
2022-09-21,VPU,140.79832458496094,143.39,-0.013920523825390663,0.006245614035087721,0.020166137860478384
2022-09-22,VPU,140.3831024169922,140.29,-0.0029490561708935825,-0.02161935978799079,-0.018670303617097206
2022-10-05,VPU,130.346435546875,131.26,-0.022125840862999846,-0.00905933866827735,0.013066502194722496
2022-10-17,VPU,123.35195922851562,120.72,0.020943630962702242,0.0,-0.020943630962702242
2022-10-18,VPU,125.52604675292967,125.29,0.017625074932019924,0.03785619615639502,0.020231121224375093
2022-10-20,VPU,120.86605834960938,122.88,-0.024802412399131835,0.0,0.024802412399131835
2022-10-21,VPU,123.0401382446289,122.04,0.017987513820719947,-0.006835937499999889,-0.024823451320719836
2022-10-28,VPU,130.99688720703125,129.69,0.026388979718175554,0.011543561344668829,-0.014845418373506725
2022-11-14,VPU,130.99688720703125,132.31,-0.011497243940722601,0.0,0.011497243940722601
2022-11-15,VPU,132.3957977294922,132.39,0.01067896002940949,0.0006046406167332652,-0.010074319412676225
2022-11-17,VPU,131.2018280029297,133.08,-0.017153884648295703,0.0,0.017153884648295703
2022-11-18,VPU,133.96397399902344,132.98,0.021052648717913236,-0.0007514277126542401,-0.021804076430567476
2022-11-25,VPU,138.19627380371094,138.41,0.006554562899109051,0.019444649038815598,0.012890086139706547
2022-11-30,VPU,138.99818420410156,135.72,0.024765218987762738,0.0002948113207545955,-0.024470407667008143
2022-12-01,VPU,138.6150665283203,138.66,-0.0027562782778419725,0.021662245800176727,0.0244185240780187
2023-01-09,VPU,139.57260131835938,138.06,0.005692860406726563,-0.006405181720043118,-0.012098042126769681
2023-01-20,VPU,135.45166015625,133.95,0.005598730427298193,-0.00593692022263459,-0.011535650649932783
2023-01-23,VPU,135.5863494873047,135.43,0.0009943719471530166,0.011048898842851873,0.010054526895698856
2023-01-30,VPU,134.34738159179688,135.61,-0.005516169049566866,0.006681018484151258,0.012197187533718123
2023-01-31,VPU,135.51454162597656,134.87,0.008687627703277467,-0.005456824717941178,-0.014144452421218645
2023-02-07,VPU,134.54490661621094,134.3,-0.0006001475716974625,0.009698518908352938,0.0102986664800504
2023-02-16,VPU,132.94683837890625,138.06,-0.006774218958488176,0.03377012354923248,0.040544342507720654
2023-02-17,VPU,134.47308349609375,134.32,0.011480115930531554,-0.027089671157467854,-0.03856978708799941
2023-03-14,VPU,129.96609497070312,128.93,0.01486240101840619,0.004205935041670106,-0.010656465976736085
2023-03-22,VPU,126.96746063232422,128.4,-0.01995837884555185,0.000389559797429051,0.0203479386429809
2023-03-23,VPU,125.59382629394533,125.57,-0.010818790354142016,-0.022040498442367662,-0.011221708088225646
2023-03-27,VPU,129.68894958496094,129.99,0.000908311313486676,0.011989100817438869,0.011080789503952193
2023-05-02,VPU,134.0883026123047,133.22,-0.012268842918616296,-0.024243755951073087,-0.011974913032456791
2023-05-03,VPU,133.73526000976562,135.16,-0.0026329112656443554,0.014562378021318212,0.017195289286962567
2023-05-04,VPU,134.68568420410156,132.85,0.007106758488872211,-0.017090855282627992,-0.024197613771500204
2023-05-08,VPU,135.22882080078125,128.04,-0.002537226365769585,-0.05148529520705247,-0.04894806884128289
2023-05-10,VPU,136.33319091796875,135.82,0.009721417020108092,0.060762261793189554,0.05104084477308146
2023-05-17,VPU,130.72991943359375,128.04,-0.0022111448876387385,-0.025496613136463897,-0.02328546824882516
2023-05-18,VPU,130.2592315673828,129.72,-0.0036004601567128924,0.013120899718837897,0.01672135987555079
2023-06-07,VPU,131.1916046142578,129.15,0.017195410077338602,0.0,-0.017195410077338602
2023-06-08,VPU,131.7256622314453,131.69,0.004070821595313134,0.019667053813395174,0.01559623221808204
2023-06-30,VPU,129.71112060546875,128.85,0.010950484553500672,0.0,-0.010950484553500672
2023-07-14,VPU,132.3843994140625,132.92,-0.003912733191091089,0.006512191428138525,0.010424924619229614
2023-07-18,VPU,130.09429931640625,129.41,-0.006549470360756926,-0.017686351905268016,-0.01113688154451109
2023-08-01,VPU,131.16180419921875,132.8,-0.012569554363859647,0.0,0.012569554363859647
2023-08-02,VPU,131.22567749023438,131.28,0.0004869808814051968,-0.011445783132530196,-0.011932764013935393
2023-09-25,VPU,125.74236297607422,125.32,-0.0008697444477786531,-0.01477987421383653,-0.013910129766057877
2023-10-05,VPU,112.63326263427734,113.17,-0.003584595405414115,0.010446428571428523,0.014031023976842638
2023-10-06,VPU,114.1250991821289,111.17,0.01324507976560696,-0.017672528055138303,-0.030917607820745263
2023-10-09,VPU,115.220947265625,114.47,0.009602165442566424,0.029684267338310644,0.02008210189574422
2023-10-10,VPU,116.7035903930664,114.47,0.012867826229751245,0.0,-0.012867826229751245
2023-10-11,VPU,118.59139251708984,117.58,0.01617604152250318,0.02716869048659043,0.010992648964087248
2023-11-13,VPU,118.21380615234376,119.27,-0.011778347038862491,0.0,0.011778347038862491
2023-11-14,VPU,123.08529663085938,122.98,0.04120915007370329,0.031105894189653815,-0.010103255884049478
2023-11-28,VPU,124.81656646728516,125.43,0.0030341248924234954,0.01423142233362995,0.011197297441206455
2023-12-20,VPU,125.31591033935548,127.39,-0.019780430289316975,-0.0012544100352802623,0.018526020254036712
2023-12-21,VPU,125.6692123413086,125.05,0.002819290870539559,-0.018368788758929333,-0.021188079629468892
2024-01-16,VPU,125.5390396118164,125.99,-0.011855284280607115,-0.0005552911312074471,0.011299993149399667
2024-01-25,VPU,122.6197509765625,120.33,0.017984007304750138,0.0,-0.017984007304750138
2024-01-26,VPU,122.88935089111328,123.24,0.0021986663029702758,0.02418349538768383,0.021984829084713553
2024-02-05,VPU,120.9276885986328,122.08,-0.021367764379461085,-0.006106000162826697,0.015261764216634388
2024-02-06,VPU,121.4854965209961,120.92,0.004612739471228089,-0.009501965923984224,-0.014114705395212312
2024-02-12,VPU,122.83358001708984,120.99,0.012491342750483803,0.0,-0.012491342750483803
2024-02-13,VPU,120.66734313964844,120.09,-0.01763554296097225,-0.00743863129184219,0.01019691166913006
2024-04-26,VPU,134.49769592285156,135.86,-0.011365142887266089,0.0,0.011365142887266089
2024-04-29,VPU,136.5124053955078,135.86,0.014979509194060103,0.0,-0.014979509194060103
2024-05-01,VPU,137.29014587402344,138.01,0.011529764670528353,0.022372027557596708,0.010842262887068355
2024-06-21,VPU,140.879150390625,141.72,-0.00516143589226381,0.007177883590363088,0.012339319482626898
2024-12-23,VPU,157.5666961669922,155.9,0.0038511958431659554,-0.008332803256790311,-0.012183999099956266
2024-12-24,VPU,158.34390258789062,158.4,0.004932555164288921,0.016035920461834552,0.011103365297545631
2025-02-10,VPU,163.57308959960938,162.24,0.010731077583479909,0.0006167509559640294,-0.01011432662751588
2025-02-12,VPU,164.235107421875,163.89,-0.001050708641305964,0.0096100535945296,0.010660762235835564
2025-06-23,VPU,171.0607452392578,169.66,0.01293355000386276,0.0023040113428249853,-0.010629538661037774
2025-07-10,VPU,173.49188232421875,171.37,0.007061677010117506,-0.004068111814958919,-0.011129788825076425
2025-07-11,VPU,173.2777862548828,173.35,-0.001234040846567308,0.011553947598762937,0.012787988445330245
2025-09-22,VPU,181.51150512695312,179.6,0.008598774152177358,-0.0023330741028775304,-0.010931848255054888
2025-09-23,VPU,182.49447631835935,182.41,0.005415475954092974,0.015645879732739454,0.01023040377864648
2025-09-26,VPU,184.4214630126953,183.86,0.014223342289075624,0.0031098259588631105,-0.011113516330212514
2025-12-05,XLB,43.50669479370117,43.52,-0.003277947257629421,-0.5015462146374985,-0.49826826737986907
2024-12-23,XLE,40.05610656738281,79.23,0.005872693612763102,-0.005522781473578431,-0.011395475086341533
2024-12-24,XLE,40.39495468139648,80.82,0.008459337240968479,0.020068156001514348,0.01160881876054587
2025-12-05,XLE,44.91240692138672,44.92,-0.004120710180495535,-0.502105963201064,-0.4979852530205685
2024-12-23,XLK,118.01044464111328,233.79,0.010595270506139176,0.0002567064561673771,-0.010338564049971799
2025-12-05,XLK,146.0220947265625,146.0,0.007317859034925878,-0.49630856275443325,-0.5036264217893591
2025-12-05,XLU,42.4088249206543,42.4,-0.009379918975164547,-0.5047886007942071,-0.4954086818190425
2024-12-23,XLV,135.19720458984375,133.71,0.009986923026416683,-0.0013443871835087107,-0.011331310209925394
2024-12-24,XLV,135.7526397705078,135.71,0.004108333322047075,0.014957744372148696,0.01084941105010162
2025-12-05,XLY,119.0164794921875,119.03,0.0055430236496885055,-0.497339527027027,-0.5028825506767155
