symbol,security_id,sector,latest_raw_close,median_dollar_volume_60,coverage_60,valid_observations,shortable_at_capture,eligible,reasons,membership_available_at,scope,approved_weight
MU,1ef18995-5094-4f62-a5c5-e00168611152,Information Technology,1015.8,33049602146.510002,1.0,2441,True,True,,2026-09-20T07:00:27.670424+00:00,prospective_diagnostic_only,0.0
NVDA,4ce9353c-66d1-46c2-898f-fce867ab0247,Information Technology,222.27,26550057630.195,1.0,2441,True,True,,2026-09-20T07:00:27.670424+00:00,prospective_diagnostic_only,0.0
SNDK,325cea3c-527c-4075-8130-e5bbbe58a8a3,Information Technology,1791.82,21104960407.71,1.0,395,True,True,,2026-09-20T07:00:27.670424+00:00,prospective_diagnostic_only,0.0
AAPL,b0b6dd9d-8b9b-48a9-ba46-b9d54906e415,Information Technology,336.13,14184474616.09,1.0,2441,True,True,,2026-09-20T07:00:27.670424+00:00,prospective_diagnostic_only,0.0
TSLA,8ccae427-5dd0-45b3-b5fe-7ba5e422c766,Consumer Discretionary,364.27,12382051784.279999,1.0,2441,True,True,,2026-09-20T07:00:27.670424+00:00,prospective_diagnostic_only,0.0
AMD,03fb07bb-5db1-4077-8dea-5d711b272625,Information Technology,559.82,12274450596.585,1.0,2441,True,True,,2026-09-20T07:00:27.670424+00:00,prospective_diagnostic_only,0.0
MSFT,b6d1aa75-5c9c-4353-a305-9e2caa1925ab,Information Technology,493.78,11648365969.560001,1.0,2441,True,True,,2026-09-20T07:00:27.670424+00:00,prospective_diagnostic_only,0.0
INTC,0cf42aa3-9816-4f1f-aa84-6482ac9303e9,Information Technology,108.6,10352581225.32,1.0,2441,True,True,,2026-09-20T07:00:27.670424+00:00,prospective_diagnostic_only,0.0
META,fc6a5dcd-4a70-4b8d-b64f-d83a6dae9ba4,Communication,665.75,10048617158.125,1.0,1221,True,True,,2026-09-20T07:00:27.670424+00:00,prospective_diagnostic_only,0.0
AMZN,f801f835-bfe6-4a9d-a6b1-ccbb84bfd75f,Consumer Discretionary,253.71,8868969128.93,1.0,2441,True,True,,2026-09-20T07:00:27.670424+00:00,prospective_diagnostic_only,0.0
GOOGL,69b15845-7c63-4586-b274-1cfdfe9df3d8,Communication,349.54,8861587922.31,1.0,2441,True,True,,2026-09-20T07:00:27.670424+00:00,prospective_diagnostic_only,0.0
AVGO,7a8b4fcf-0622-47ef-8541-de7f70ffc0c4,Information Technology,357.61,7941892679.41,1.0,2441,True,True,,2026-09-20T07:00:27.670424+00:00,prospective_diagnostic_only,0.0
GOOG,f30d734c-2806-4d0d-b145-f9fade61432b,Communication,344.41,5837564464.6,1.0,2441,True,True,,2026-09-20T07:00:27.670424+00:00,prospective_diagnostic_only,0.0
MRVL,723c21be-11af-4450-9b64-20346a6905fc,Information Technology,244.25,4920197152.200001,1.0,2441,True,True,,2026-09-20T07:00:27.670424+00:00,prospective_diagnostic_only,0.0
PLTR,80e04a93-e1a8-4503-ab61-2ef1992650b4,Information Technology,177.64,4918892388.075001,1.0,1499,True,True,,2026-09-20T07:00:27.670424+00:00,prospective_diagnostic_only,0.0
ORCL,27982558-2464-4daf-bb2f-b3b728659884,Information Technology,147.61,4434325163.17,1.0,2441,True,True,,2026-09-20T07:00:27.670424+00:00,prospective_diagnostic_only,0.0
STX,b74ff3ea-545f-49e2-91ad-cd4e205642a4,Information Technology,858.79,4054440798.0950003,1.0,2441,True,True,,2026-09-20T07:00:27.670424+00:00,prospective_diagnostic_only,0.0
AMAT,ce4833e1-c561-492a-aace-7eb451d09e02,Information Technology,444.57,3717257455.49,1.0,2441,True,True,,2026-09-20T07:00:27.670424+00:00,prospective_diagnostic_only,0.0
LITE,363b9094-c5ae-4899-bbc0-f94b27c87a6e,Information Technology,930.91,3610428196.995,1.0,2441,True,True,,2026-09-20T07:00:27.670424+00:00,prospective_diagnostic_only,0.0
WDC,70cb03f3-2184-4a3a-b04c-ad5ff9524612,Information Technology,441.36,3315414993.45,1.0,2441,True,True,,2026-09-20T07:00:27.670424+00:00,prospective_diagnostic_only,0.0
DELL,91ee1b57-f36c-40cf-a8b7-84583daaafc9,Information Technology,568.06,2963130817.27,1.0,1941,True,True,,2026-09-20T07:00:27.670424+00:00,prospective_diagnostic_only,0.0
LLY,87266a27-1b34-47bd-b236-bd3a9f59b138,Health Care,1152.93,2958960001.53,1.0,2441,True,True,,2026-09-20T07:00:27.670424+00:00,prospective_diagnostic_only,0.0
LRCX,3ae976ac-6d14-4c4f-b02d-e83813f8a829,Information Technology,288.11,2897187943.8999996,1.0,2441,True,True,,2026-09-20T07:00:27.670424+00:00,prospective_diagnostic_only,0.0
NFLX,bb2a26c0-4c77-4801-8afc-82e8142ac7b8,Communication,71.79,2528523026.62,1.0,2441,True,True,,2026-09-20T07:00:27.670424+00:00,prospective_diagnostic_only,0.0
GEV,fe794b59-e78a-4544-b35b-41d3cfb38f12,Industrials,940.33,2458005502.15,1.0,619,True,True,,2026-09-20T07:00:27.670424+00:00,prospective_diagnostic_only,0.0
V,4f5baf1e-0e9b-4d85-b88a-d874dc4a3c42,Financials,368.29,2443555979.1949997,1.0,2441,True,True,,2026-09-20T07:00:27.670424+00:00,prospective_diagnostic_only,0.0
WMT,3f3e0ff9-599f-4fec-8842-6bc53f5129a1,Consumer Staples,106.73,2397257457.45,1.0,2441,True,True,,2026-09-20T07:00:27.670424+00:00,prospective_diagnostic_only,0.0
JPM,e3047683-637a-4fb2-b71d-805cd6fec95d,Financials,349.67,2389603539.31,1.0,2441,True,True,,2026-09-20T07:00:27.670424+00:00,prospective_diagnostic_only,0.0
CRM,cf80d13f-470c-4947-8593-c5e098aeba4e,Information Technology,237.92,2346639909.88,1.0,2441,True,True,,2026-09-20T07:00:27.670424+00:00,prospective_diagnostic_only,0.0
CAT,e7535ed9-c182-41ef-80f6-ee08f4166b6c,Industrials,808.99,2284369045.41,1.0,2441,True,True,,2026-09-20T07:00:27.670424+00:00,prospective_diagnostic_only,0.0
XOM,0dd35bf7-a49c-4068-bce0-8e40b700454d,Energy,163.54,2158251740.645,1.0,2441,True,True,,2026-09-20T07:00:27.670424+00:00,prospective_diagnostic_only,0.0
NOW,0ec9e18b-6dc2-43f7-a956-8d07bac7c08b,Information Technology,135.47,2138682375.24,1.0,2441,True,True,,2026-09-20T07:00:27.670424+00:00,prospective_diagnostic_only,0.0
PANW,ba1cc326-cf8d-4d7c-a49e-8b413555f3d0,Information Technology,363.58,2125239019.98,1.0,2441,True,True,,2026-09-20T07:00:27.670424+00:00,prospective_diagnostic_only,0.0
APP,8fea5887-a5b5-4c84-87a6-0fad05130e60,Communication,308.06,2117146752.5349998,1.0,1364,True,True,,2026-09-20T07:00:27.670424+00:00,prospective_diagnostic_only,0.0
HOOD,c6e72c57-a1a9-4e4b-a7d0-029160f8bd64,Financials,119.82,2099756619.545,1.0,1291,True,True,,2026-09-20T07:00:27.670424+00:00,prospective_diagnostic_only,0.0
BRK.B,71bb19d0-6c5f-4881-9552-33224badd810,Financials,509.77,2074846683.28,1.0,2441,True,True,,2026-09-20T07:00:27.670424+00:00,prospective_diagnostic_only,0.0
CSCO,9ec078b1-5167-4d3d-908c-a1e49be367f1,Information Technology,109.51,2068392430.44,1.0,2441,True,True,,2026-09-20T07:00:27.670424+00:00,prospective_diagnostic_only,0.0
QCOM,39be1334-06b6-4df2-a2f1-b21b942628d0,Information Technology,177.72,2059589174.725,1.0,2441,True,True,,2026-09-20T07:00:27.670424+00:00,prospective_diagnostic_only,0.0
KLAC,c1fe01e7-c9b1-4b92-8c7a-32153021367e,Information Technology,176.99,2013562598.26,1.0,2441,True,True,,2026-09-20T07:00:27.670424+00:00,prospective_diagnostic_only,0.0
COST,1f888138-e413-4939-b16b-bdd08bb4debd,Consumer Staples,895.31,1937195933.795,1.0,2441,True,True,,2026-09-20T07:00:27.670424+00:00,prospective_diagnostic_only,0.0
UNH,943bb7c3-0fb0-4088-9a37-62549b5dc528,Health Care,376.9,1908209402.8200002,1.0,2441,True,True,,2026-09-20T07:00:27.670424+00:00,prospective_diagnostic_only,0.0
GS,064dd45f-7a58-452c-93f2-377f9a0cc7f2,Financials,942.0,1862660619.0,1.0,2441,True,True,,2026-09-20T07:00:27.670424+00:00,prospective_diagnostic_only,0.0
TXN,440efabf-b53c-4d70-b6e5-abb4f53e7104,Information Technology,266.64,1805532428.4450002,1.0,2441,True,True,,2026-09-20T07:00:27.670424+00:00,prospective_diagnostic_only,0.0
BAC,061588a3-d70b-4b9c-a3f6-636aaa16acc4,Financials,57.73,1800660595.85,1.0,2441,True,True,,2026-09-20T07:00:27.670424+00:00,prospective_diagnostic_only,0.0
JNJ,ef9adcc6-6bce-452b-af5f-4a87e7f19131,Health Care,269.99,1788391330.43,1.0,2441,True,True,,2026-09-20T07:00:27.670424+00:00,prospective_diagnostic_only,0.0
CRWD,26226278-b62c-47ec-a1bd-cf0dbd14b420,Information Technology,237.65,1724097497.32,1.0,1828,True,True,,2026-09-20T07:00:27.670424+00:00,prospective_diagnostic_only,0.0
MA,2140998d-7f62-46f2-a9b2-e44350bd4807,Financials,565.24,1646239897.1,1.0,2441,True,True,,2026-09-20T07:00:27.670424+00:00,prospective_diagnostic_only,0.0
IBM,21d40833-6d13-4031-9af3-02f6a516d791,Information Technology,229.55,1618968256.545,1.0,2441,True,True,,2026-09-20T07:00:27.670424+00:00,prospective_diagnostic_only,0.0
COHR,e3e977e6-a55b-4b5f-bc0a-e2b02183d254,Information Technology,317.36,1605215919.1999998,1.0,2394,True,True,,2026-09-20T07:00:27.670424+00:00,prospective_diagnostic_only,0.0
GLW,b3ce91f9-c7b2-4ab2-9a16-57fb17e06294,Information Technology,150.13,1579431635.865,1.0,2441,True,True,,2026-09-20T07:00:27.670424+00:00,prospective_diagnostic_only,0.0
CVX,186997ab-b63c-439b-bf62-72275d1c4c27,Energy,209.51,1548776132.0149999,1.0,2441,True,True,,2026-09-20T07:00:27.670424+00:00,prospective_diagnostic_only,0.0
C,36c8d04d-be51-476c-9382-0b6ea3bf1a26,Financials,131.77,1382282704.455,1.0,2441,True,True,,2026-09-20T07:00:27.670424+00:00,prospective_diagnostic_only,0.0
GE,0116ac5c-90bc-47a2-8bb4-0f4551521dc6,Industrials,314.27,1330208010.25,1.0,2441,True,True,,2026-09-20T07:00:27.670424+00:00,prospective_diagnostic_only,0.0
ADI,e72fbd29-be6b-43c2-80c6-b6e80d5b23db,Information Technology,375.72,1320397277.1399999,1.0,2441,True,True,,2026-09-20T07:00:27.670424+00:00,prospective_diagnostic_only,0.0
KO,3795cafe-fd54-4f66-a31e-66774be875ca,Consumer Staples,88.25,1312681607.6100001,1.0,2441,True,True,,2026-09-20T07:00:27.670424+00:00,prospective_diagnostic_only,0.0
VRT,a0026393-53a9-454c-89f9-1eb7cb4ae7af,Industrials,249.39,1300706162.095,1.0,1661,True,True,,2026-09-20T07:00:27.670424+00:00,prospective_diagnostic_only,0.0
SMCI,e4870680-5a31-43e0-a477-c47d158ac43d,Information Technology,39.09,1278168599.795,1.0,2092,True,True,,2026-09-20T07:00:27.670424+00:00,prospective_diagnostic_only,0.0
HD,b6b1ea06-5d71-4146-be77-03f671788940,Consumer Discretionary,299.98,1273376504.375,1.0,2441,True,True,,2026-09-20T07:00:27.670424+00:00,prospective_diagnostic_only,0.0
ABBV,09a51104-980a-47b6-ad4d-e4f04059be4a,Health Care,263.96,1267370252.6,1.0,2441,True,True,,2026-09-20T07:00:27.670424+00:00,prospective_diagnostic_only,0.0
ANET,0f1e6e45-a44d-4e3e-a53a-ffbdf25eb283,Information Technology,199.39,1261157448.815,1.0,2441,True,True,,2026-09-20T07:00:27.670424+00:00,prospective_diagnostic_only,0.0
PG,f81a406b-a53c-4ea5-ab05-6fb92bfc6bd7,Consumer Staples,146.39,1247223314.45,1.0,2441,True,True,,2026-09-20T07:00:27.670424+00:00,prospective_diagnostic_only,0.0
ADBE,2ac633b5-b3a7-4ba6-975d-f0f1e12dd1e4,Information Technology,248.92,1236886349.185,1.0,2441,True,True,,2026-09-20T07:00:27.670424+00:00,prospective_diagnostic_only,0.0
MRK,0d56791f-7395-40fa-853b-7b852bd9a7bf,Health Care,146.87,1205263489.145,1.0,2441,True,True,,2026-09-20T07:00:27.670424+00:00,prospective_diagnostic_only,0.0
INTU,cd1347d7-8add-49bd-acd1-4ffde9a4081b,Information Technology,303.19,1187324773.915,1.0,2441,True,True,,2026-09-20T07:00:27.670424+00:00,prospective_diagnostic_only,0.0
MCD,e077638f-a5c9-47e4-a7ce-2bfabf5ff698,Consumer Discretionary,248.24,1179404650.4850001,1.0,2441,True,True,,2026-09-20T07:00:27.670424+00:00,prospective_diagnostic_only,0.0
UBER,bea0f181-afd8-4bd2-9486-85d3fc2f10d7,Industrials,70.5,1173731420.1799998,1.0,1850,True,True,,2026-09-20T07:00:27.670424+00:00,prospective_diagnostic_only,0.0
WFC,f9700a20-b0fe-4516-87c5-9d7b096d5539,Financials,86.12,1167597130.9,1.0,2441,True,True,,2026-09-20T07:00:27.670424+00:00,prospective_diagnostic_only,0.0
COIN,1f3f7283-250d-4477-8b1e-037df55e5046,Financials,194.25,1148370757.4250002,1.0,1365,True,True,,2026-09-20T07:00:27.670424+00:00,prospective_diagnostic_only,0.0
T,2d6ed211-6d9b-46d9-b9d5-d3f8b453fd9a,Communication,25.4,1098038523.29,1.0,2441,True,True,,2026-09-20T07:00:27.670424+00:00,prospective_diagnostic_only,0.0
BKNG,c50070cd-18b4-4f29-ae0f-f192e4cc4553,Consumer Discretionary,167.9,1090842811.785,1.0,2152,True,True,,2026-09-20T07:00:27.670424+00:00,prospective_diagnostic_only,0.0
TMO,722b2e6d-2b85-4502-8f72-55f199fb3c47,Health Care,651.45,1088972754.64,1.0,2441,True,True,,2026-09-20T07:00:27.670424+00:00,prospective_diagnostic_only,0.0
PEP,7b7466c4-5066-4e3e-80e6-8da1c835ce56,Consumer Staples,129.75,1088804497.96,1.0,2441,True,True,,2026-09-20T07:00:27.670424+00:00,prospective_diagnostic_only,0.0
BA,3bed4fb2-4093-4433-b887-770ae3defd3a,Industrials,198.2,1048589056.0699999,1.0,2441,True,True,,2026-09-20T07:00:27.670424+00:00,prospective_diagnostic_only,0.0
TER,abb494ba-b24a-46bc-b050-2128e3303f60,Information Technology,371.47,1036275481.8,1.0,2441,True,True,,2026-09-20T07:00:27.670424+00:00,prospective_diagnostic_only,0.0
VZ,a54066ec-ebb0-4d1e-b7cf-cd84298515ec,Communication,48.09,1027002430.885,1.0,2441,True,True,,2026-09-20T07:00:27.670424+00:00,prospective_diagnostic_only,0.0
DDOG,113d6f5b-a48f-4d20-a63f-79ea0bc88ebd,Information Technology,229.92,1011545504.8399999,1.0,1759,True,True,,2026-09-20T07:00:27.670424+00:00,prospective_diagnostic_only,0.0
ACN,6eace613-5882-4eca-8635-d1c41ee9e260,Information Technology,181.29,1000600259.44,1.0,2441,True,True,,2026-09-20T07:00:27.670424+00:00,prospective_diagnostic_only,0.0
LIN,cbf869d9-873b-426a-bdea-37e0bc4250f9,Materials,460.4,996041607.9649999,1.0,1980,True,True,,2026-09-20T07:00:27.670424+00:00,prospective_diagnostic_only,0.0
PFE,b0940983-b0c6-42f1-97d5-b1b580e4431b,Health Care,27.66,991691902.4000001,1.0,2441,True,True,,2026-09-20T07:00:27.670424+00:00,prospective_diagnostic_only,0.0
MS,1c2f8701-b8cb-40b6-902a-1e9a6a0c7bcf,Financials,202.58,979114655.6400001,1.0,2441,True,True,,2026-09-20T07:00:27.670424+00:00,prospective_diagnostic_only,0.0
ISRG,e02df0be-fd3a-4762-b4c1-c274784bf756,Health Care,393.33,969334173.915,1.0,2441,True,True,,2026-09-20T07:00:27.670424+00:00,prospective_diagnostic_only,0.0
MPWR,de7edaf4-bc7f-44fc-87d9-27b52406ccc6,Information Technology,1217.8,966834478.74,1.0,2441,True,True,,2026-09-20T07:00:27.670424+00:00,prospective_diagnostic_only,0.0
AMGN,201b268b-cde8-4010-9fe3-41d2ac7f1e9c,Health Care,385.65,959465954.1700001,1.0,2441,True,True,,2026-09-20T07:00:27.670424+00:00,prospective_diagnostic_only,0.0
APH,4b36cdb2-64e4-4f6c-9dd6-8c1326cf5829,Information Technology,77.55,954972038.31,1.0,2441,True,True,,2026-09-20T07:00:27.670424+00:00,prospective_diagnostic_only,0.0
NKE,db00f7c3-19bb-42b6-9beb-79e92487f99e,Consumer Discretionary,35.51,948122153.57,1.0,2441,True,True,,2026-09-20T07:00:27.670424+00:00,prospective_diagnostic_only,0.0
ABT,a097c03a-7ebe-4de6-b729-a82370cd2a6e,Health Care,102.61,947827100.465,1.0,2441,True,True,,2026-09-20T07:00:27.670424+00:00,prospective_diagnostic_only,0.0
DIS,2f34c0b3-a4aa-4959-b52c-3c41b2c246c4,Communication,102.67,938635220.4449999,1.0,2441,True,True,,2026-09-20T07:00:27.670424+00:00,prospective_diagnostic_only,0.0
TJX,1168e42c-a598-4ed9-8371-2033a0f6af54,Consumer Discretionary,127.24,930229467.21,1.0,2441,True,True,,2026-09-20T07:00:27.670424+00:00,prospective_diagnostic_only,0.0
NEE,ac20a75d-5bb4-4d10-96e8-f5e58e730139,Utilities,80.47,917487254.3999999,1.0,2441,True,True,,2026-09-20T07:00:27.670424+00:00,prospective_diagnostic_only,0.0
HPE,03a4498a-78b3-4043-8dcb-2c3cf4dc352e,Information Technology,60.76,899478924.835,1.0,2441,True,True,,2026-09-20T07:00:27.670424+00:00,prospective_diagnostic_only,0.0
BSX,2652a688-e44c-469e-92f8-8ece2594d4c0,Health Care,43.34,894257484.3199999,1.0,2441,True,True,,2026-09-20T07:00:27.670424+00:00,prospective_diagnostic_only,0.0
FCX,75951f3e-87ac-4f58-98f3-d4fdb649d332,Materials,71.54,880338681.605,1.0,2441,True,True,,2026-09-20T07:00:27.670424+00:00,prospective_diagnostic_only,0.0
AXP,49b90cdc-f6f5-4a7c-807a-ed172e6017af,Financials,311.56,876186279.6,1.0,2441,True,True,,2026-09-20T07:00:27.670424+00:00,prospective_diagnostic_only,0.0
PM,b19c4863-d517-4472-9236-8864e50dfa3e,Consumer Staples,188.62,864447104.02,1.0,2441,True,True,,2026-09-20T07:00:27.670424+00:00,prospective_diagnostic_only,0.0
NXPI,840703bb-88cd-4cac-9acd-91eba330dc8a,Information Technology,227.99,855700382.48,1.0,2441,True,True,,2026-09-20T07:00:27.670424+00:00,prospective_diagnostic_only,0.0
GILD,aa222c8c-5f60-4b88-bc73-7aaadf424628,Health Care,150.11,844521319.3050001,1.0,2441,True,True,,2026-09-20T07:00:27.670424+00:00,prospective_diagnostic_only,0.0
RTX,4d8f7f83-d998-4839-9134-38473cd13123,Industrials,194.0,815333073.625,1.0,1623,True,True,,2026-09-20T07:00:27.670424+00:00,prospective_diagnostic_only,0.0
VLO,767ee8af-6479-44f5-8106-799120134246,Energy,413.28,813078028.185,1.0,2441,True,True,,2026-09-20T07:00:27.670424+00:00,prospective_diagnostic_only,0.0
MCK,73706fa6-f7b8-4919-9381-ff7377a56726,Health Care,874.65,800360027.44,1.0,2441,True,True,,2026-09-20T07:00:27.670424+00:00,prospective_diagnostic_only,0.0
CIEN,2ada15fb-1cf1-4241-a97b-0837322da8d6,Information Technology,348.8,795201331.9300001,1.0,2441,True,True,,2026-09-20T07:00:27.670424+00:00,prospective_diagnostic_only,0.0
ON,b56defb4-e3f6-4756-ba80-143862d2dda1,Information Technology,69.98,794037028.3499999,1.0,2441,True,True,,2026-09-20T07:00:27.670424+00:00,prospective_diagnostic_only,0.0
TMUS,7f9df478-237c-45c8-bc80-c97a53478c37,Communication,168.18,793955404.8499999,1.0,2441,True,True,,2026-09-20T07:00:27.670424+00:00,prospective_diagnostic_only,0.0
NEM,96da6121-b5ab-4f8b-bb53-60ae53cb5ed3,Materials,123.41,793434215.56,1.0,2441,True,True,,2026-09-20T07:00:27.670424+00:00,prospective_diagnostic_only,0.0
SCHW,1f868250-6f1d-4a57-9cd0-ac3f581a96e5,Financials,105.25,782790482.395,1.0,2441,True,True,,2026-09-20T07:00:27.670424+00:00,prospective_diagnostic_only,0.0
COF,58173a3c-c7e1-4150-b48f-1af063a88e26,Financials,202.43,782731227.3299999,1.0,2441,True,True,,2026-09-20T07:00:27.670424+00:00,prospective_diagnostic_only,0.0
ETN,d4806319-2c9c-48d6-bda3-aedb0178e83b,Industrials,424.77,775818558.45,1.0,2441,True,True,,2026-09-20T07:00:27.670424+00:00,prospective_diagnostic_only,0.0
COP,705363ac-b8c6-4d0e-9c9b-a343f3103de6,Energy,131.83,775526404.845,1.0,2441,True,True,,2026-09-20T07:00:27.670424+00:00,prospective_diagnostic_only,0.0
DASH,5453d1f0-0efc-4738-b1b1-d330e5910e2f,Consumer Discretionary,192.94,769084334.655,1.0,1450,True,True,,2026-09-20T07:00:27.670424+00:00,prospective_diagnostic_only,0.0
SYK,1c8746ac-5a25-4456-95e1-970ae6ade43c,Health Care,275.12,761528731.2,1.0,2441,True,True,,2026-09-20T07:00:27.670424+00:00,prospective_diagnostic_only,0.0
SPGI,10f7d07f-0811-42bf-a780-b4d4cb53eb91,Financials,405.32,760173376.585,1.0,2441,True,True,,2026-09-20T07:00:27.670424+00:00,prospective_diagnostic_only,0.0
FTNT,2b7d41ee-36a4-4c7e-b783-896568c61ed0,Information Technology,169.84,752238148.91,1.0,2441,True,True,,2026-09-20T07:00:27.670424+00:00,prospective_diagnostic_only,0.0
MPC,639306f2-59d8-46e0-95e7-0fe917d34f13,Energy,424.89,744278242.695,1.0,2441,True,True,,2026-09-20T07:00:27.670424+00:00,prospective_diagnostic_only,0.0
DHR,42f6d400-741b-4a18-ae61-73faae71e2cb,Health Care,211.81,738497274.4200001,1.0,2441,True,True,,2026-09-20T07:00:27.670424+00:00,prospective_diagnostic_only,0.0
AZO,dae5e891-472a-42a9-8638-cc67023813f4,Consumer Discretionary,2855.31,737577060.355,1.0,2441,True,True,,2026-09-20T07:00:27.670424+00:00,prospective_diagnostic_only,0.0
MCHP,edc751a9-e628-40bd-9498-23ad7918269e,Information Technology,73.27,727624925.9549999,1.0,2441,True,True,,2026-09-20T07:00:27.670424+00:00,prospective_diagnostic_only,0.0
RDDT,6f35d70d-d7cb-48ce-8d2e-be0c7775228e,Communication,150.85,721007571.15,1.0,626,True,True,,2026-09-20T07:00:27.670424+00:00,prospective_diagnostic_only,0.0
CEG,7658b394-4296-4b6c-b3e5-02243499faf6,Utilities,254.71,719834504.6,1.0,1161,True,True,,2026-09-20T07:00:27.670424+00:00,prospective_diagnostic_only,0.0
UNP,e28f2c45-0bb1-45c1-84e0-f8d1a98c4088,Industrials,279.37,710121662.25,1.0,2441,True,True,,2026-09-20T07:00:27.670424+00:00,prospective_diagnostic_only,0.0
CDNS,ee289c17-ee75-4d48-a9ee-505156d93171,Information Technology,282.9,698896276.425,1.0,2441,True,True,,2026-09-20T07:00:27.670424+00:00,prospective_diagnostic_only,0.0
HON,4d463097-3a48-4120-a2ec-d9a4b68302a9,Industrials,206.46,698759556.06,1.0,2441,True,True,,2026-09-20T07:00:27.670424+00:00,prospective_diagnostic_only,0.0
DE,c00df298-9fb1-49e6-b9d9-92e3749ec5be,Industrials,683.99,695357816.315,1.0,2441,True,True,,2026-09-20T07:00:27.670424+00:00,prospective_diagnostic_only,0.0
BLK,467bc92e-332b-4f62-95c7-3c9288c20018,Financials,1069.78,689038000.06,1.0,2441,True,True,,2026-09-20T07:00:27.670424+00:00,prospective_diagnostic_only,0.0
CVS,4f4530c8-5ba0-4b16-86ec-b0ce753c5ac8,Health Care,88.84,679210940.605,1.0,2441,True,True,,2026-09-20T07:00:27.670424+00:00,prospective_diagnostic_only,0.0
FIX,b56fafb4-300c-4444-a83a-876ca63e1b3c,Industrials,1651.37,673167010.95,1.0,2441,True,True,,2026-09-20T07:00:27.670424+00:00,prospective_diagnostic_only,0.0
MDT,1fc2849e-26d5-4f49-add6-2f913ded54c9,Health Care,92.13,672029500.55,1.0,2441,True,True,,2026-09-20T07:00:27.670424+00:00,prospective_diagnostic_only,0.0
SBUX,0a7deac5-2d75-4e54-9f66-51c1c6fad55b,Consumer Discretionary,95.83,659474714.72,1.0,2441,True,True,,2026-09-20T07:00:27.670424+00:00,prospective_diagnostic_only,0.0
CMCSA,5ddc1e60-daca-45da-b2de-f3ee597e60bc,Communication,22.74,655028405.46,1.0,2441,True,True,,2026-09-20T07:00:27.670424+00:00,prospective_diagnostic_only,0.0
SNPS,fa8500c0-9022-4a74-97f9-93d41ed28dac,Information Technology,384.97,651292420.7950001,1.0,2441,True,True,,2026-09-20T07:00:27.670424+00:00,prospective_diagnostic_only,0.0
F,1e80b378-a5e3-4727-96bf-9c64fdd4e7e2,Consumer Discretionary,13.21,649810784.24,1.0,2441,True,True,,2026-09-20T07:00:27.670424+00:00,prospective_diagnostic_only,0.0
HWM,6f9bf0b0-4114-495f-87e4-720b2db3772a,Industrials,229.67,646959531.21,1.0,1625,True,True,,2026-09-20T07:00:27.670424+00:00,prospective_diagnostic_only,0.0
WELL,b94a7925-39e6-4a74-9db6-44888cb57d40,Real Estate,228.87,637268637.82,1.0,2151,True,True,,2026-09-20T07:00:27.670424+00:00,prospective_diagnostic_only,0.0
LOW,a6ffe329-5ea3-4bb8-b58a-06ed1432dd50,Consumer Discretionary,192.49,629047704.56,1.0,2441,True,True,,2026-09-20T07:00:27.670424+00:00,prospective_diagnostic_only,0.0
ABNB,403113aa-7838-4345-dd32-d63a5f9da70b,Consumer Discretionary,166.22,623852986.5,1.0,1449,True,True,,2026-09-20T07:00:27.670424+00:00,prospective_diagnostic_only,0.0
PWR,922c81b2-d99a-4a7f-bf54-6ebd6f8305bd,Industrials,636.71,622084511.52,1.0,2441,True,True,,2026-09-20T07:00:27.670424+00:00,prospective_diagnostic_only,0.0
VST,d88f5f2c-e621-4d4a-9817-8677af2fd066,Utilities,140.67,614217366.425,1.0,2353,True,True,,2026-09-20T07:00:27.670424+00:00,prospective_diagnostic_only,0.0
BMY,ad22d1ca-8bfc-45cc-ae7f-5f091bbc8c7c,Health Care,63.06,613944664.59,1.0,2441,True,True,,2026-09-20T07:00:27.670424+00:00,prospective_diagnostic_only,0.0
WDAY,04f7d8b3-3c40-4e19-ab08-aff850458676,Information Technology,193.87,613366556.1800001,1.0,2441,True,True,,2026-09-20T07:00:27.670424+00:00,prospective_diagnostic_only,0.0
PYPL,24cbba8c-831b-44e2-8503-dd0c2ed7af8f,Financials,52.41,609620289.36,1.0,2441,True,True,,2026-09-20T07:00:27.670424+00:00,prospective_diagnostic_only,0.0
TGT,b70be706-b47c-4dbd-a6a7-4e98ea48c42a,Consumer Staples,158.19,592619432.4350001,1.0,2441,True,True,,2026-09-20T07:00:27.670424+00:00,prospective_diagnostic_only,0.0
VRTX,357a8404-f368-40a1-9356-3eb500f4f08a,Health Care,508.34,591784855.125,1.0,2441,True,True,,2026-09-20T07:00:27.670424+00:00,prospective_diagnostic_only,0.0
LMT,6ae1929e-adcd-4de1-9647-25763c8a4548,Industrials,533.38,590617465.06,1.0,2441,True,True,,2026-09-20T07:00:27.670424+00:00,prospective_diagnostic_only,0.0
SHW,d2cb3472-a97f-4434-9736-c4ca7f82a67f,Materials,320.73,586534967.8999999,1.0,2441,True,True,,2026-09-20T07:00:27.670424+00:00,prospective_diagnostic_only,0.0
CMI,badebe9a-89a1-4579-9e94-28e11d901b16,Industrials,532.23,583123187.515,1.0,2441,True,True,,2026-09-20T07:00:27.670424+00:00,prospective_diagnostic_only,0.0
PSX,7655b60d-17f3-4c09-88ec-88feb585487a,Energy,273.13,580881469.45,1.0,2441,True,True,,2026-09-20T07:00:27.670424+00:00,prospective_diagnostic_only,0.0
SLB,799b9c5a-54c1-4241-ba42-0dcba7d161bb,Energy,51.12,578678626.5450001,1.0,2441,True,True,,2026-09-20T07:00:27.670424+00:00,prospective_diagnostic_only,0.0
ADP,6ca2e51d-21df-4ff0-a134-abfdbe084142,Industrials,271.22,578130706.2,1.0,2441,True,True,,2026-09-20T07:00:27.670424+00:00,prospective_diagnostic_only,0.0
CB,2453845c-4785-46de-b332-6ee2438da196,Financials,340.64,575637600.4100001,1.0,2441,True,True,,2026-09-20T07:00:27.670424+00:00,prospective_diagnostic_only,0.0
TRV,af898beb-7df0-4dea-8b02-d6c5f4f70137,Financials,374.62,573689798.595,1.0,2441,True,True,,2026-09-20T07:00:27.670424+00:00,prospective_diagnostic_only,0.0
MRNA,b02df0cc-0a0a-4ecb-8e92-201b1044ea21,Health Care,154.04,567161880.1700001,1.0,1955,True,True,,2026-09-20T07:00:27.670424+00:00,prospective_diagnostic_only,0.0
HLT,072e0811-8f84-4acc-bc3b-95761ea08dd6,Consumer Discretionary,305.73,562835015.26,1.0,2441,True,True,,2026-09-20T07:00:27.670424+00:00,prospective_diagnostic_only,0.0
CME,bc05b0d9-3b5d-4530-b500-3af2accbd71e,Financials,276.01,562814564.1500001,1.0,2441,True,True,,2026-09-20T07:00:27.670424+00:00,prospective_diagnostic_only,0.0
CVNA,8e15f85d-62ba-4836-87d7-594a22267d47,Consumer Discretionary,65.11,561532360.44,1.0,2361,True,True,,2026-09-20T07:00:27.670424+00:00,prospective_diagnostic_only,0.0
RCL,b4ef8484-77d0-42d9-97a5-d67948cbb979,Consumer Discretionary,245.81,560992588.27,1.0,2441,True,True,,2026-09-20T07:00:27.670424+00:00,prospective_diagnostic_only,0.0
PH,44de3ac7-fd5e-4c49-99ae-561246d323f5,Industrials,943.54,560013083.145,1.0,2441,True,True,,2026-09-20T07:00:27.670424+00:00,prospective_diagnostic_only,0.0
MO,4eb91cfa-4f8b-4df5-acb7-2f3434fa283f,Consumer Staples,69.52,556243096.295,1.0,2441,True,True,,2026-09-20T07:00:27.670424+00:00,prospective_diagnostic_only,0.0
EQIX,f801bacd-b8a5-4478-8321-699c3c9984cb,Real Estate,1021.34,554145289.5250001,1.0,2441,True,True,,2026-09-20T07:00:27.670424+00:00,prospective_diagnostic_only,0.0
CMG,a3e21504-59e3-4f4b-8f9c-86a569bdf842,Consumer Discretionary,33.43,551889646.315,1.0,2441,True,True,,2026-09-20T07:00:27.670424+00:00,prospective_diagnostic_only,0.0
HCA,f99ee8af-9d78-4b46-9f2c-3cf6ce839ccf,Health Care,427.71,549905189.955,1.0,2441,True,True,,2026-09-20T07:00:27.670424+00:00,prospective_diagnostic_only,0.0
ICE,dab97681-1775-47b8-922a-d23a4e50744d,Financials,155.47,546221713.77,1.0,2441,True,True,,2026-09-20T07:00:27.670424+00:00,prospective_diagnostic_only,0.0
ORLY,c73e2c28-af3f-4f5d-b550-a56b567ed47c,Consumer Discretionary,84.71,539691521.74,1.0,2441,True,True,,2026-09-20T07:00:27.670424+00:00,prospective_diagnostic_only,0.0
ROST,adcce409-1666-4ceb-89fa-ecbb458c18ea,Consumer Discretionary,226.61,534492344.08500004,1.0,2441,True,True,,2026-09-20T07:00:27.670424+00:00,prospective_diagnostic_only,0.0
MAR,bd10e4a3-a39d-4726-91cd-8b4d68a635ab,Consumer Discretionary,338.92,533040069.38,1.0,2441,True,True,,2026-09-20T07:00:27.670424+00:00,prospective_diagnostic_only,0.0
BX,c9cc0895-bbca-47fb-be9e-e70e4a7eb94d,Financials,124.96,522063219.53499997,1.0,2441,True,True,,2026-09-20T07:00:27.670424+00:00,prospective_diagnostic_only,0.0
CSX,b8dd0cc3-7658-4c38-9c06-215c3377956e,Industrials,47.1,521332443.6,1.0,2441,True,True,,2026-09-20T07:00:27.670424+00:00,prospective_diagnostic_only,0.0
PGR,7e23958d-28fe-4f5e-acb0-159831a769ed,Financials,213.48,518815583.12,1.0,2441,True,True,,2026-09-20T07:00:27.670424+00:00,prospective_diagnostic_only,0.0
TTWO,46502bdb-1f73-48cd-a9e7-e194d1d6938d,Communication,205.45,514455977.39,1.0,2441,True,True,,2026-09-20T07:00:27.670424+00:00,prospective_diagnostic_only,0.0
WBD,c8899fc1-c3b2-411c-a940-4b9380a09b84,Communication,27.8,513064704.55,1.0,1114,True,True,,2026-09-20T07:00:27.670424+00:00,prospective_diagnostic_only,0.0
WMB,b60af993-7490-471e-9926-1cbedb46fcef,Energy,72.05,497632261.365,1.0,2441,True,True,,2026-09-20T07:00:27.670424+00:00,prospective_diagnostic_only,0.0
REGN,5098a4d2-0917-4184-862c-17dbefde2ed4,Health Care,784.85,495921966.33000004,1.0,2441,True,True,,2026-09-20T07:00:27.670424+00:00,prospective_diagnostic_only,0.0
MMM,b7f45fa8-7969-4ad9-ad77-775880b14278,Industrials,165.89,487256521.42,1.0,2441,True,True,,2026-09-20T07:00:27.670424+00:00,prospective_diagnostic_only,0.0
GM,de5fc535-1cdd-4a57-92ba-ac58a43aed81,Consumer Discretionary,82.2,486124149.53999996,1.0,2441,True,True,,2026-09-20T07:00:27.670424+00:00,prospective_diagnostic_only,0.0
DVN,ab42bac7-0551-47fd-8f5b-3313142cb075,Energy,48.61,483044060.85,1.0,2441,True,True,,2026-09-20T07:00:27.670424+00:00,prospective_diagnostic_only,0.0
PLD,32d00bae-5f6a-4712-9c18-3a007524fa3f,Real Estate,134.84,479587887.215,1.0,2441,True,True,,2026-09-20T07:00:27.670424+00:00,prospective_diagnostic_only,0.0
DAL,2cba3bdd-3f2a-4212-b64c-7bff33ad0f39,Industrials,79.62,479431984.995,1.0,2441,True,True,,2026-09-20T07:00:27.670424+00:00,prospective_diagnostic_only,0.0
MDLZ,705ec4dc-73b9-42fc-8b17-d4e13c31cfae,Consumer Staples,60.85,478482648.545,1.0,2441,True,True,,2026-09-20T07:00:27.670424+00:00,prospective_diagnostic_only,0.0
FDX,4f42e4ef-1f4c-4c7f-9a92-6a25c999031d,Industrials,303.65,475595623.77000004,1.0,2441,True,True,,2026-09-20T07:00:27.670424+00:00,prospective_diagnostic_only,0.0
AEP,90e9c946-6323-49a4-be69-116f04fec288,Utilities,120.0,472106991.225,1.0,2441,True,True,,2026-09-20T07:00:27.670424+00:00,prospective_diagnostic_only,0.0
CCL,d8917341-9b29-4fe9-a373-c8ddd6d5ae86,Consumer Discretionary,21.84,464958581.48,1.0,2441,True,True,,2026-09-20T07:00:27.670424+00:00,prospective_diagnostic_only,0.0
SO,5a71649b-e578-4229-81a3-d3a5c1351dd7,Utilities,85.52,464835733.9,1.0,2441,True,True,,2026-09-20T07:00:27.670424+00:00,prospective_diagnostic_only,0.0
MNST,63595036-ec71-4cd5-9979-4997252d23f6,Consumer Staples,44.71,464395122.32,1.0,2441,True,True,,2026-09-20T07:00:27.670424+00:00,prospective_diagnostic_only,0.0
WM,15110ac1-3d55-4832-bb54-f59ed4abeed1,Industrials,211.1,464062919.34000003,1.0,2441,True,True,,2026-09-20T07:00:27.670424+00:00,prospective_diagnostic_only,0.0
TDG,2e65dd16-9fd7-42c7-aa0f-bd7950f028be,Industrials,1086.05,460837574.12,1.0,2441,True,True,,2026-09-20T07:00:27.670424+00:00,prospective_diagnostic_only,0.0
OXY,11833dec-6549-48bf-ae48-17a25c3a9788,Energy,58.84,459931310.605,1.0,2441,True,True,,2026-09-20T07:00:27.670424+00:00,prospective_diagnostic_only,0.0
ELV,267f9ea7-eb9a-41cd-946f-5fab57943f0a,Health Care,410.95,459901540.42,1.0,1061,True,True,,2026-09-20T07:00:27.670424+00:00,prospective_diagnostic_only,0.0
URI,4f34a08c-9bdd-484a-8601-f9c583fee6a0,Industrials,1013.91,459869240.1,1.0,2441,True,True,,2026-09-20T07:00:27.670424+00:00,prospective_diagnostic_only,0.0
AXON,28d765e8-8085-4716-bde2-de0182b644e5,Industrials,447.76,459363744.125,1.0,1951,True,True,,2026-09-20T07:00:27.670424+00:00,prospective_diagnostic_only,0.0
UAL,98dbc012-8ca2-4e68-b2f7-464fdc9bbf3c,Industrials,108.71,454512223.42999995,1.0,2441,True,True,,2026-09-20T07:00:27.670424+00:00,prospective_diagnostic_only,0.0
DUK,42f7b895-93aa-48d4-909e-6e05ad6bd2ca,Utilities,117.53,453259818.28499997,1.0,2441,True,True,,2026-09-20T07:00:27.670424+00:00,prospective_diagnostic_only,0.0
UPS,b14caeab-f212-40ee-975a-38b9317e46b1,Industrials,99.06,452671478.535,1.0,2441,True,True,,2026-09-20T07:00:27.670424+00:00,prospective_diagnostic_only,0.0
ADSK,a21ecb08-ff55-4c19-94d3-a8d607d91be8,Information Technology,216.95,452495995.95000005,1.0,2441,True,True,,2026-09-20T07:00:27.670424+00:00,prospective_diagnostic_only,0.0
JCI,aa0bfa06-96bb-4fcc-bc56-0aa8a1c0be47,Industrials,143.28,447320839.75,1.0,2441,True,True,,2026-09-20T07:00:27.670424+00:00,prospective_diagnostic_only,0.0
BKR,d5f668a3-682f-474a-84e2-d340593dd94c,Energy,57.25,445573342.2,1.0,1738,True,True,,2026-09-20T07:00:27.670424+00:00,prospective_diagnostic_only,0.0
AON,6c21ef75-b953-4434-8119-501a26656625,Financials,295.64,444738337.635,1.0,2441,True,True,,2026-09-20T07:00:27.670424+00:00,prospective_diagnostic_only,0.0
HUM,5acb47e5-91b2-4c34-becd-a320436890d7,Health Care,386.22,438696785.96000004,1.0,2441,True,True,,2026-09-20T07:00:27.670424+00:00,prospective_diagnostic_only,0.0
BNY,64d27c2a-18a1-4848-b205-73b5d428d5f9,Financials,153.79,435880143.195,1.0,2370,True,True,,2026-09-20T07:00:27.670424+00:00,prospective_diagnostic_only,0.0
EXPE,3e3bbdb0-d6a4-4db1-8fbb-133f75fd4f66,Consumer Discretionary,279.35,433670467.455,1.0,2441,True,True,,2026-09-20T07:00:27.670424+00:00,prospective_diagnostic_only,0.0
DLR,ab1c95a1-cb3b-4eb0-83bd-d4a0cd608b0b,Real Estate,182.12,433440647.53,1.0,2441,True,True,,2026-09-20T07:00:27.670424+00:00,prospective_diagnostic_only,0.0
AMT,a148da60-6af9-443b-a3a9-9d3e65eb91e9,Real Estate,173.98,429062444.35,1.0,2441,True,True,,2026-09-20T07:00:27.670424+00:00,prospective_diagnostic_only,0.0
TT,7744341f-5918-44c9-bc50-6a6fc423c9ff,Industrials,429.11,425439734.875,1.0,1647,True,True,,2026-09-20T07:00:27.670424+00:00,prospective_diagnostic_only,0.0
USB,5553e8c9-004d-479d-a18c-83a42a87ed10,Financials,60.06,423859068.365,1.0,2441,True,True,,2026-09-20T07:00:27.670424+00:00,prospective_diagnostic_only,0.0
TEL,d32092d6-217b-422a-ba18-518f96a57d2a,Information Technology,205.42,421587414.095,1.0,2441,True,True,,2026-09-20T07:00:27.670424+00:00,prospective_diagnostic_only,0.0
NTAP,d37df28f-5646-48c8-99cc-4d0c9a5ec9ff,Information Technology,197.79,421449140.15999997,1.0,2441,True,True,,2026-09-20T07:00:27.670424+00:00,prospective_diagnostic_only,0.0
CAH,3c1286a9-21d1-45cf-b569-502c86ff121d,Health Care,225.38,419488350.45,1.0,2441,True,True,,2026-09-20T07:00:27.670424+00:00,prospective_diagnostic_only,0.0
EOG,c997b367-2a67-472c-910f-d0324c599cea,Energy,144.23,417335504.54,1.0,2441,True,True,,2026-09-20T07:00:27.670424+00:00,prospective_diagnostic_only,0.0
EBAY,10b35642-7d26-47d1-8987-4f7a7632d273,Consumer Discretionary,111.84,416669592.68,1.0,2441,True,True,,2026-09-20T07:00:27.670424+00:00,prospective_diagnostic_only,0.0
CRH,d024d41e-2c7f-46f5-90e1-eee0e5de5a0f,Materials,86.15,415723845.9,1.0,2441,True,True,,2026-09-20T07:00:27.670424+00:00,prospective_diagnostic_only,0.0
NOC,02deac19-d59b-4b15-ae55-a375e182bffd,Industrials,527.39,415266185.475,1.0,2441,True,True,,2026-09-20T07:00:27.670424+00:00,prospective_diagnostic_only,0.0
APO,4493d0ec-797a-4e84-a849-06aa60fb726f,Financials,125.91,413386743.78999996,1.0,2441,True,True,,2026-09-20T07:00:27.670424+00:00,prospective_diagnostic_only,0.0
FSLR,fa06daac-c3f1-409c-bddb-d44c8293e8b3,Information Technology,195.96,408657500.735,1.0,2441,True,True,,2026-09-20T07:00:27.670424+00:00,prospective_diagnostic_only,0.0
MSI,dc8a1979-4f40-4e60-bc92-686687c28c43,Information Technology,458.67,407207474.88,1.0,2441,True,True,,2026-09-20T07:00:27.670424+00:00,prospective_diagnostic_only,0.0
FLEX,fa85d280-d0fe-45db-972a-278dceb2f7ac,Information Technology,108.51,406591434.005,1.0,2441,True,True,,2026-09-20T07:00:27.670424+00:00,prospective_diagnostic_only,0.0
HPQ,8e341794-40b2-4509-bca8-c7b6fc49eb96,Information Technology,34.4,404374673.64,1.0,2441,True,True,,2026-09-20T07:00:27.670424+00:00,prospective_diagnostic_only,0.0
CI,16af176c-d616-41d8-8a5a-b40c326e050e,Health Care,275.28,404288477.03999996,1.0,2441,True,True,,2026-09-20T07:00:27.670424+00:00,prospective_diagnostic_only,0.0
KVUE,3bded6a8-55f6-40d0-8157-1d2eb50cf7d8,Consumer Staples,17.81,401039098.385,1.0,847,True,True,,2026-09-20T07:00:27.670424+00:00,prospective_diagnostic_only,0.0
XEL,152daa56-fc67-4627-b283-89405b4360fb,Utilities,72.3,399996312.245,1.0,2441,True,True,,2026-09-20T07:00:27.670424+00:00,prospective_diagnostic_only,0.0
CTSH,1c7f101c-4c08-46e9-9f79-60ca13c07e51,Information Technology,59.87,396820371.66999996,1.0,2441,True,True,,2026-09-20T07:00:27.670424+00:00,prospective_diagnostic_only,0.0
IBKR,a2d428df-103b-4db0-b0b0-6d2c826b840c,Financials,90.69,395520823.32500005,1.0,2441,True,True,,2026-09-20T07:00:27.670424+00:00,prospective_diagnostic_only,0.0
PNC,07c40f17-3f00-4792-9262-9fc21c73e9b4,Financials,233.17,394683674.155,1.0,2441,True,True,,2026-09-20T07:00:27.670424+00:00,prospective_diagnostic_only,0.0
KKR,17f819cf-891b-478e-9ea3-cb23166c1479,Financials,98.81,393902960.01,1.0,2441,True,True,,2026-09-20T07:00:27.670424+00:00,prospective_diagnostic_only,0.0
ZTS,5344140c-ca01-4435-8a4a-217d4496bd35,Health Care,71.4,393463672.25,1.0,2441,True,True,,2026-09-20T07:00:27.670424+00:00,prospective_diagnostic_only,0.0
CL,a7dd2d26-59d5-4c85-8449-cd0cb975fd98,Consumer Staples,87.47,391004583.29999995,1.0,2441,True,True,,2026-09-20T07:00:27.670424+00:00,prospective_diagnostic_only,0.0
KR,e54335e7-7483-46e5-8410-2dfff00e98bb,Consumer Staples,60.0,390442912.20000005,1.0,2441,True,True,,2026-09-20T07:00:27.670424+00:00,prospective_diagnostic_only,0.0
HBAN,c4e4715c-44f9-4e5a-9663-be3b72e767b8,Financials,15.88,387055465.27,1.0,2441,True,True,,2026-09-20T07:00:27.670424+00:00,prospective_diagnostic_only,0.0
COR,ca56f277-6345-49e3-889a-6a748a4f1c79,Health Care,308.78,386259086.38,1.0,2021,True,True,,2026-09-20T07:00:27.670424+00:00,prospective_diagnostic_only,0.0
KMB,5ca2cc07-2657-4769-9491-1c89b5f58a76,Consumer Staples,97.86,384880193.84000003,1.0,2441,True,True,,2026-09-20T07:00:27.670424+00:00,prospective_diagnostic_only,0.0
FANG,f93d78b0-c2ec-4d9c-bcae-ca77ebce4844,Energy,192.42,382310368.43,1.0,2441,True,True,,2026-09-20T07:00:27.670424+00:00,prospective_diagnostic_only,0.0
PCG,664ebe22-dc75-49a3-b36b-e524f9ef167d,Utilities,13.2,381075983.54,1.0,2441,True,True,,2026-09-20T07:00:27.670424+00:00,prospective_diagnostic_only,0.0
LHX,ac11bc30-2788-40f7-9c87-e24734d4dfd9,Industrials,247.29,380215562.235,1.0,1815,True,True,,2026-09-20T07:00:27.670424+00:00,prospective_diagnostic_only,0.0
GD,2430989b-3b12-4bff-9927-870040f8122a,Industrials,353.05,380153005.32500005,1.0,2441,True,True,,2026-09-20T07:00:27.670424+00:00,prospective_diagnostic_only,0.0
CTAS,61f340d1-ed59-405d-ad94-8f2ec9d470ea,Industrials,197.64,379672913.975,1.0,2441,True,True,,2026-09-20T07:00:27.670424+00:00,prospective_diagnostic_only,0.0
ALL,9f5ab4fb-335d-41ef-83d9-4d0abbd61fde,Financials,249.83,378181368.44,1.0,2441,True,True,,2026-09-20T07:00:27.670424+00:00,prospective_diagnostic_only,0.0
MCO,7ad52094-7cc2-4ed8-b324-69731dfaa79a,Financials,468.59,375285067.39,1.0,2441,True,True,,2026-09-20T07:00:27.670424+00:00,prospective_diagnostic_only,0.0
KEYS,c12d8862-2ca2-48ca-9fdc-368bace91bd3,Information Technology,335.0,372832502.94000006,1.0,2441,True,True,,2026-09-20T07:00:27.670424+00:00,prospective_diagnostic_only,0.0
ECHO,644a3939-7c9d-495e-8fcd-2399ca5f1507,Communication,93.46,366784131.45000005,1.0,1293,True,True,,2026-09-20T07:00:27.670424+00:00,prospective_diagnostic_only,0.0
KDP,88623995-d3b2-41ff-b80d-17a29c51454b,Consumer Staples,30.96,366681697.6,1.0,2060,True,True,,2026-09-20T07:00:27.670424+00:00,prospective_diagnostic_only,0.0
YUM,932a2ac2-9eba-47f1-932a-0ce1408c3683,Consumer Discretionary,137.99,365664358.275,1.0,2441,True,True,,2026-09-20T07:00:27.670424+00:00,prospective_diagnostic_only,0.0
KHC,df014db2-72a2-4686-be56-e3cdc15efb71,Consumer Staples,24.43,362479694.755,1.0,2441,True,True,,2026-09-20T07:00:27.670424+00:00,prospective_diagnostic_only,0.0
TPR,b599b102-254e-4a5c-838d-8cf26857e562,Consumer Discretionary,115.0,361685150.74,1.0,2232,True,True,,2026-09-20T07:00:27.670424+00:00,prospective_diagnostic_only,0.0
AKAM,b8af2065-5072-453b-9d95-5c3934c2fba7,Information Technology,104.52,361198641.81500006,1.0,2441,True,True,,2026-09-20T07:00:27.670424+00:00,prospective_diagnostic_only,0.0
NSC,477b4ce8-cdd7-48b8-9c40-e64e37bbeadd,Industrials,314.16,360750299.04,1.0,2441,True,True,,2026-09-20T07:00:27.670424+00:00,prospective_diagnostic_only,0.0
VEEV,bdc58c3a-9c7e-4ef9-b2ec-d61f14c84bd0,Health Care,260.21,358568882.555,1.0,2441,True,True,,2026-09-20T07:00:27.670424+00:00,prospective_diagnostic_only,0.0
MLM,154033d6-32bc-43e0-8344-9a07e54e7c32,Materials,490.64,354684546.46000004,1.0,2441,True,True,,2026-09-20T07:00:27.670424+00:00,prospective_diagnostic_only,0.0
CARR,ca43f7b9-bc0c-4cd5-a930-a4c823be5bb7,Industrials,53.88,353443793.0,1.0,1623,True,True,,2026-09-20T07:00:27.670424+00:00,prospective_diagnostic_only,0.0
AJG,661531e0-6ce1-4238-b3d7-7247ddf8a99c,Financials,239.48,351343204.24,1.0,2441,True,True,,2026-09-20T07:00:27.670424+00:00,prospective_diagnostic_only,0.0
EMR,812453a9-6ec4-4edb-a1d6-7f08a987ba23,Industrials,149.92,348858585.75,1.0,2441,True,True,,2026-09-20T07:00:27.670424+00:00,prospective_diagnostic_only,0.0
MSCI,0ef68826-b0f7-45b8-b273-8251f7133f0a,Financials,552.87,348850625.605,1.0,2441,True,True,,2026-09-20T07:00:27.670424+00:00,prospective_diagnostic_only,0.0
FAST,009c65c9-8abe-49b9-b481-dfeecb67d116,Industrials,49.01,347324897.87,1.0,2441,True,True,,2026-09-20T07:00:27.670424+00:00,prospective_diagnostic_only,0.0
HAL,14a06c29-cc38-444d-ab21-90198dc0fa18,Energy,33.64,346953563.705,1.0,2441,True,True,,2026-09-20T07:00:27.670424+00:00,prospective_diagnostic_only,0.0
LULU,31aa3cfa-8925-4cbc-98bc-74f411b7f17c,Consumer Discretionary,98.06,346651036.625,1.0,2441,True,True,,2026-09-20T07:00:27.670424+00:00,prospective_diagnostic_only,0.0
EQT,c8d31660-bb30-43c2-8951-b1f740c74ef8,Energy,50.0,345085538.43,1.0,2441,True,True,,2026-09-20T07:00:27.670424+00:00,prospective_diagnostic_only,0.0
ECL,b636b9b8-669c-4788-a0eb-ff5f6ea7f09e,Materials,269.46,344876743.36,1.0,2441,True,True,,2026-09-20T07:00:27.670424+00:00,prospective_diagnostic_only,0.0
SWKS,b2b91a9b-3ecd-45ed-bf53-1f7d0613e1e8,Information Technology,88.76,341239408.395,1.0,2441,True,True,,2026-09-20T07:00:27.670424+00:00,prospective_diagnostic_only,0.0
XYZ,3bd2f8c7-ceb9-4916-8a1e-4bcf3654efd9,Financials,76.28,339118690.34,1.0,418,True,True,,2026-09-20T07:00:27.670424+00:00,prospective_diagnostic_only,0.0
PCAR,29e34616-a842-4a30-908c-32eddd0c7e23,Industrials,116.06,338496271.82000005,1.0,2441,True,True,,2026-09-20T07:00:27.670424+00:00,prospective_diagnostic_only,0.0
O,c1de0f49-b6d3-4636-ab9b-5aed83596918,Real Estate,56.66,334240503.205,1.0,2441,True,True,,2026-09-20T07:00:27.670424+00:00,prospective_diagnostic_only,0.0
CTVA,fc0da839-9b1d-4c5e-ac1a-148c774d1c1f,Materials,80.53,332141992.175,1.0,1835,True,True,,2026-09-20T07:00:27.670424+00:00,prospective_diagnostic_only,0.0
TFC,0c90392a-7b74-440f-a0a1-125bee898a51,Financials,48.56,331520704.185,1.0,1703,True,True,,2026-09-20T07:00:27.670424+00:00,prospective_diagnostic_only,0.0
DLTR,d0d63992-2d20-4f63-aa62-30cf76fb3204,Consumer Staples,111.96,330790825.765,1.0,2441,True,True,,2026-09-20T07:00:27.670424+00:00,prospective_diagnostic_only,0.0
FISV,215f4297-91ff-4226-a690-c9add0ffc9ac,Financials,47.19,330601097.155,1.0,1831,True,True,,2026-09-20T07:00:27.670424+00:00,prospective_diagnostic_only,0.0
GWW,486a7ad1-ef92-4e1f-a113-3c4a04e29034,Industrials,1266.61,328323331.69,1.0,2441,True,True,,2026-09-20T07:00:27.670424+00:00,prospective_diagnostic_only,0.0
GIS,e2fe0a11-d58e-4b4e-a847-e560fee24a94,Consumer Staples,36.32,327153852.52,1.0,2441,True,True,,2026-09-20T07:00:27.670424+00:00,prospective_diagnostic_only,0.0
DXCM,8dd538ed-bf95-4b22-a6c7-e6f01131d65d,Health Care,89.35,325831726.92,1.0,2441,True,True,,2026-09-20T07:00:27.670424+00:00,prospective_diagnostic_only,0.0
JBL,ac8f1019-e8aa-4a5d-9434-97cc688bf606,Information Technology,299.57,325595434.355,1.0,2441,True,True,,2026-09-20T07:00:27.670424+00:00,prospective_diagnostic_only,0.0
EW,0ffbf7a5-d5ed-4e83-8499-2d58645e4d9c,Health Care,88.26,324998933.465,1.0,2441,True,True,,2026-09-20T07:00:27.670424+00:00,prospective_diagnostic_only,0.0
DHI,d8cb1b90-e8bd-4c75-beb3-0b2909eb9a75,Consumer Discretionary,138.02,323714388.135,1.0,2441,True,True,,2026-09-20T07:00:27.670424+00:00,prospective_diagnostic_only,0.0
EXC,21a5e17d-c566-4f1b-8c25-0a505ba37478,Utilities,42.07,322451549.305,1.0,2441,True,True,,2026-09-20T07:00:27.670424+00:00,prospective_diagnostic_only,0.0
FERG,655e865c-be38-4f97-9a85-72135ca8a984,Industrials,214.43,322061741.62,1.0,1391,True,True,,2026-09-20T07:00:27.670424+00:00,prospective_diagnostic_only,0.0
NRG,0181e333-c29a-4f7f-94f4-64884b17934a,Utilities,103.66,321055973.09000003,1.0,2441,True,True,,2026-09-20T07:00:27.670424+00:00,prospective_diagnostic_only,0.0
ODFL,5e255d55-471d-45fc-ad7a-65c904018bf2,Industrials,173.0,318980877.52,1.0,2441,True,True,,2026-09-20T07:00:27.670424+00:00,prospective_diagnostic_only,0.0
NUE,3c3a99ab-4500-4f14-8f23-50a01d3019b1,Materials,248.38,316071257.20500004,1.0,2441,True,True,,2026-09-20T07:00:27.670424+00:00,prospective_diagnostic_only,0.0
ROK,4039d327-5ab5-4040-8920-b23ab2e669b2,Industrials,415.62,314840124.35,1.0,2441,True,True,,2026-09-20T07:00:27.670424+00:00,prospective_diagnostic_only,0.0
KMI,e47acf22-5340-477a-a3ac-020b1ed34d12,Energy,31.84,314110033.31,1.0,2441,True,True,,2026-09-20T07:00:27.670424+00:00,prospective_diagnostic_only,0.0
STT,38d1f1ae-38a3-49fc-bcb7-909d0011ef26,Financials,182.87,313976132.105,1.0,2441,True,True,,2026-09-20T07:00:27.670424+00:00,prospective_diagnostic_only,0.0
PAYX,aaaaa8a6-79b2-4090-95df-45276d1f4d74,Industrials,116.14,313401850.09000003,1.0,2441,True,True,,2026-09-20T07:00:27.670424+00:00,prospective_diagnostic_only,0.0
FOXA,21b45a5d-50c2-46be-bbae-02f5f23f7453,Communication,64.45,313155621.52,1.0,2441,True,True,,2026-09-20T07:00:27.670424+00:00,prospective_diagnostic_only,0.0
ITW,399a368e-f430-4a40-bd27-a046ea7bc0d9,Industrials,269.42,312639259.98,1.0,2441,True,True,,2026-09-20T07:00:27.670424+00:00,prospective_diagnostic_only,0.0
CHTR,596b0016-1d8d-4e2e-9ab3-bfe7514b6be8,Communication,128.17,311311954.845,1.0,2441,True,True,,2026-09-20T07:00:27.670424+00:00,prospective_diagnostic_only,0.0
NDAQ,cd5c9e8e-df7c-435b-b301-c75eae954069,Financials,93.54,310390882.385,1.0,2441,True,True,,2026-09-20T07:00:27.670424+00:00,prospective_diagnostic_only,0.0
RSG,f250c025-bde8-4113-9e27-04cd1c889037,Industrials,218.07,309449200.795,1.0,2441,True,True,,2026-09-20T07:00:27.670424+00:00,prospective_diagnostic_only,0.0
FICO,9785d232-7b97-43f2-8b4b-6bfb80c0442c,Information Technology,949.68,309361132.375,1.0,2441,True,True,,2026-09-20T07:00:27.670424+00:00,prospective_diagnostic_only,0.0
OKE,cae53d2f-e61b-4cab-ad83-fa7e593cfdc3,Energy,93.46,309053628.82,1.0,2441,True,True,,2026-09-20T07:00:27.670424+00:00,prospective_diagnostic_only,0.0
LYV,b9f7677c-965f-4074-b87b-cea5c848b6ce,Communication,167.12,308268967.11,1.0,2441,True,True,,2026-09-20T07:00:27.670424+00:00,prospective_diagnostic_only,0.0
APD,57ca9916-468b-4c77-8be7-2495a7c17df2,Materials,284.18,307759475.69,1.0,2441,True,True,,2026-09-20T07:00:27.670424+00:00,prospective_diagnostic_only,0.0
IDXX,3988b92e-b5ee-449e-a83a-a04bbdf18cff,Health Care,511.65,306238650.865,1.0,2441,True,True,,2026-09-20T07:00:27.670424+00:00,prospective_diagnostic_only,0.0
CASY,661997db-e507-415e-9f06-c4c2d9d4227b,Consumer Staples,597.48,305570911.30499995,1.0,2441,True,True,,2026-09-20T07:00:27.670424+00:00,prospective_diagnostic_only,0.0
TRGP,f0f1e55c-fad1-4dcb-84d9-2d9f9e45d1f5,Energy,292.19,303463684.12,1.0,2441,True,True,,2026-09-20T07:00:27.670424+00:00,prospective_diagnostic_only,0.0
FITB,94f6f5c6-861b-47fc-b208-1e7765e4a68f,Financials,52.91,302677996.835,1.0,2441,True,True,,2026-09-20T07:00:27.670424+00:00,prospective_diagnostic_only,0.0
ULTA,2e3d3b75-58cc-40f5-bf12-b73da8aac3d3,Consumer Discretionary,540.98,300834718.06,1.0,2441,True,True,,2026-09-20T07:00:27.670424+00:00,prospective_diagnostic_only,0.0
SPG,abda5459-cb41-44a7-85bb-c94d32ea7d93,Real Estate,205.32,300702037.03000003,1.0,2441,True,True,,2026-09-20T07:00:27.670424+00:00,prospective_diagnostic_only,0.0
BDX,419e89a6-efe2-4773-ba4f-1bf5dca33cb2,Health Care,180.94,299457787.155,1.0,2441,True,True,,2026-09-20T07:00:27.670424+00:00,prospective_diagnostic_only,0.0
CPRT,3302e560-6d33-4ad5-a429-4d573e26962c,Industrials,29.28,299267993.00750005,1.0,2441,True,True,,2026-09-20T07:00:27.670424+00:00,prospective_diagnostic_only,0.0
IQV,b8a3bd96-7724-467b-b044-92a6f6d84fce,Health Care,266.42,298274485.875,1.0,2221,True,True,,2026-09-20T07:00:27.670424+00:00,prospective_diagnostic_only,0.0
WAT,4373b822-84c5-4a0b-87f8-428c6e982a1b,Health Care,421.63,297753360.09000003,1.0,2441,True,True,,2026-09-20T07:00:27.670424+00:00,prospective_diagnostic_only,0.0
SRE,8deb7c67-def6-49e9-aace-9d628260a100,Utilities,81.31,296019651.65,1.0,2441,True,True,,2026-09-20T07:00:27.670424+00:00,prospective_diagnostic_only,0.0
BBY,a5a7a7b7-5a80-44c6-8051-989b3bb4a1c2,Consumer Discretionary,92.85,295009649.62,1.0,2441,True,True,,2026-09-20T07:00:27.670424+00:00,prospective_diagnostic_only,0.0
TSCO,6c288372-d98d-496a-b32f-56b65e485246,Consumer Discretionary,32.21,292921805.48,1.0,2441,True,True,,2026-09-20T07:00:27.670424+00:00,prospective_diagnostic_only,0.0
ADM,41e7c72d-bf5f-4ff9-9813-387ef5038cf3,Consumer Staples,85.18,291876291.52000004,1.0,2441,True,True,,2026-09-20T07:00:27.670424+00:00,prospective_diagnostic_only,0.0
MET,00e5cd6a-c370-4d72-86d2-fef5353aa17a,Financials,97.04,291017228.885,1.0,2441,True,True,,2026-09-20T07:00:27.670424+00:00,prospective_diagnostic_only,0.0
CF,cf8836c1-434e-4ab0-aec3-eff774d90c4e,Materials,127.7,289951151.94,1.0,2441,True,True,,2026-09-20T07:00:27.670424+00:00,prospective_diagnostic_only,0.0
EXE,ae7b5317-8b41-41df-b7f8-22c4de74b832,Energy,87.49,289334953.71500003,1.0,492,True,True,,2026-09-20T07:00:27.670424+00:00,prospective_diagnostic_only,0.0
ROP,23e965be-de5f-44cd-8e2c-b4fbbea0ec9c,Information Technology,372.74,289300533.895,1.0,2441,True,True,,2026-09-20T07:00:27.670424+00:00,prospective_diagnostic_only,0.0
CBOE,b82b16ae-90ca-400b-b053-db67a515e711,Financials,272.86,287337029.625,1.0,2441,True,True,,2026-09-20T07:00:27.670424+00:00,prospective_diagnostic_only,0.0
EME,0cf9d955-34f7-4d17-8286-29a0aecac17f,Industrials,750.09,281927478.06,1.0,2441,True,True,,2026-09-20T07:00:27.670424+00:00,prospective_diagnostic_only,0.0
CNC,67956c95-90f3-4316-8dcf-56f8aa497dcb,Health Care,65.11,281602155.905,1.0,2441,True,True,,2026-09-20T07:00:27.670424+00:00,prospective_diagnostic_only,0.0
RMD,ee55892a-1ff0-4ede-87e4-ad5aa5998044,Health Care,224.99,281574379.855,1.0,2441,True,True,,2026-09-20T07:00:27.670424+00:00,prospective_diagnostic_only,0.0
VTR,a760766c-8c49-4886-85af-990e47f9d78a,Real Estate,86.69,280171786.95,1.0,2441,True,True,,2026-09-20T07:00:27.670424+00:00,prospective_diagnostic_only,0.0
IR,b33b4a2e-b930-48da-946c-568ef91f3dab,Industrials,71.83,279546631.275,1.0,2441,True,True,,2026-09-20T07:00:27.670424+00:00,prospective_diagnostic_only,0.0
AMP,764073e3-4e48-4a2c-aee2-45b0a0dfb9cc,Financials,544.33,277244169.945,1.0,2441,True,True,,2026-09-20T07:00:27.670424+00:00,prospective_diagnostic_only,0.0
AWK,70d6a48c-21e2-4b31-a66a-9a993fa1509c,Utilities,135.9,276725795.36,1.0,2441,True,True,,2026-09-20T07:00:27.670424+00:00,prospective_diagnostic_only,0.0
AME,6642e128-03ee-4bc9-bd3f-8f49424480d7,Industrials,237.64,276353029.525,1.0,2441,True,True,,2026-09-20T07:00:27.670424+00:00,prospective_diagnostic_only,0.0
DOW,d59870fe-9add-43f2-960c-b2ec4f29d8d3,Materials,28.73,275834221.235,1.0,2045,True,True,,2026-09-20T07:00:27.670424+00:00,prospective_diagnostic_only,0.0
ALB,90771657-de50-427a-9042-6b257dae4b7d,Materials,110.91,275602528.71,1.0,2441,True,True,,2026-09-20T07:00:27.670424+00:00,prospective_diagnostic_only,0.0
VRSK,b297eda9-133d-4f92-80ff-9e55f7c8ee8b,Industrials,175.41,274495386.53499997,1.0,2441,True,True,,2026-09-20T07:00:27.670424+00:00,prospective_diagnostic_only,0.0
DG,2edb3ef9-b5d8-4667-be8f-334884498ac9,Consumer Staples,122.41,274494292.71,1.0,2441,True,True,,2026-09-20T07:00:27.670424+00:00,prospective_diagnostic_only,0.0
CCI,dd72d233-d85d-499d-9dc4-4b407bcdb734,Real Estate,73.06,273405040.26,1.0,2441,True,True,,2026-09-20T07:00:27.670424+00:00,prospective_diagnostic_only,0.0
ETR,c4bcff4e-c3b0-481a-a9eb-98600db2ef0a,Utilities,102.01,273151507.15,1.0,2441,True,True,,2026-09-20T07:00:27.670424+00:00,prospective_diagnostic_only,0.0
A,7595a8d2-68a6-46d7-910c-6b1958491f5c,Health Care,156.47,272971770.91499996,1.0,2441,True,True,,2026-09-20T07:00:27.670424+00:00,prospective_diagnostic_only,0.0
D,7ef3c3bc-854c-421a-a778-dc87a402f1d9,Utilities,63.58,270645157.57000005,1.0,2441,True,True,,2026-09-20T07:00:27.670424+00:00,prospective_diagnostic_only,0.0
CFG,199cb7ce-8ed9-4d04-8270-a1ad319d5a6b,Financials,67.04,268211568.70999998,1.0,2441,True,True,,2026-09-20T07:00:27.670424+00:00,prospective_diagnostic_only,0.0
STLD,4cbeae28-abb2-4b2c-9fc2-acd8cae641d9,Materials,235.26,265003154.85999998,1.0,2441,True,True,,2026-09-20T07:00:27.670424+00:00,prospective_diagnostic_only,0.0
TTD,a62e1ba1-af52-411b-ab22-537c2cd2e67d,Communication,13.92,263742616.38,1.0,2441,True,True,,2026-09-20T07:00:27.670424+00:00,prospective_diagnostic_only,0.0
PSA,5df9640c-c98a-4bd8-b5c5-2f2afc8a8a26,Real Estate,296.31,262402833.815,1.0,2441,True,True,,2026-09-20T07:00:27.670424+00:00,prospective_diagnostic_only,0.0
AIG,1ca76fea-6487-4cde-a341-07517b3286a0,Financials,75.33,262132967.37,1.0,2441,True,True,,2026-09-20T07:00:27.670424+00:00,prospective_diagnostic_only,0.0
CNP,0666dd39-e7df-4e09-90e6-bd1a2b42a3c1,Utilities,38.22,261411132.60500002,1.0,2441,True,True,,2026-09-20T07:00:27.670424+00:00,prospective_diagnostic_only,0.0
MTB,c116ed61-e58f-45af-8b63-499fac4d0cab,Financials,227.31,260314523.015,1.0,2441,True,True,,2026-09-20T07:00:27.670424+00:00,prospective_diagnostic_only,0.0
STZ,b459fd90-e740-4de1-b2e2-ecf548a51faf,Consumer Staples,118.97,260234062.235,1.0,2441,True,True,,2026-09-20T07:00:27.670424+00:00,prospective_diagnostic_only,0.0
LYB,ef918bdf-cce8-4282-b7f4-ac24b881f7e3,Materials,61.93,259452990.1,1.0,2441,True,True,,2026-09-20T07:00:27.670424+00:00,prospective_diagnostic_only,0.0
VMC,fc9c62fa-c635-41c8-8b58-9695c01d146d,Materials,240.83,258830611.225,1.0,2441,True,True,,2026-09-20T07:00:27.670424+00:00,prospective_diagnostic_only,0.0
CMS,cfae5876-5fd7-43ec-8daf-d583ef094a8b,Utilities,65.34,255487248.485,1.0,2441,True,True,,2026-09-20T07:00:27.670424+00:00,prospective_diagnostic_only,0.0
DPZ,aa3236c8-f2d6-40f1-a20d-b4cc69bffae8,Consumer Discretionary,294.2,252684959.815,1.0,2441,True,True,,2026-09-20T07:00:27.670424+00:00,prospective_diagnostic_only,0.0
DRI,c7b69e61-c23f-4135-a113-8f4efe3e7d6e,Consumer Discretionary,209.28,251433902.3,1.0,2441,True,True,,2026-09-20T07:00:27.670424+00:00,prospective_diagnostic_only,0.0
PPL,2ebe177b-c523-4c1f-9276-8f0759a67a52,Utilities,33.34,250887398.92,1.0,2441,True,True,,2026-09-20T07:00:27.670424+00:00,prospective_diagnostic_only,0.0
ARES,849c6721-e693-4bd9-9d04-8d924fccfc3e,Financials,123.8,249546121.93,1.0,2441,True,True,,2026-09-20T07:00:27.670424+00:00,prospective_diagnostic_only,0.0
HSY,d8b2fc19-67b0-4dc4-b84e-648aeced6b96,Consumer Staples,169.79,249214255.99,1.0,2441,True,True,,2026-09-20T07:00:27.670424+00:00,prospective_diagnostic_only,0.0
SYF,981f70e6-3263-46df-ae90-283910e259c8,Financials,75.04,249103319.865,1.0,2441,True,True,,2026-09-20T07:00:27.670424+00:00,prospective_diagnostic_only,0.0
OTIS,0af9c045-b1d4-4f26-9847-cf5c6f5984af,Industrials,68.52,247819732.78499997,1.0,1623,True,True,,2026-09-20T07:00:27.670424+00:00,prospective_diagnostic_only,0.0
NCLH,81f61b55-adee-402e-87d4-7b49579e2338,Consumer Discretionary,14.12,246668310.67000002,1.0,2441,True,True,,2026-09-20T07:00:27.670424+00:00,prospective_diagnostic_only,0.0
JBHT,c201b764-a9a6-4a73-bed2-d25202fd0b62,Industrials,234.25,245669120.32,1.0,2441,True,True,,2026-09-20T07:00:27.670424+00:00,prospective_diagnostic_only,0.0
RF,19abae8d-4f7b-402f-8d36-6418b3c79544,Financials,28.5,245071509.08,1.0,2441,True,True,,2026-09-20T07:00:27.670424+00:00,prospective_diagnostic_only,0.0
GPN,2ae65e45-78f1-448b-b33d-08220c03f317,Financials,85.06,244536740.93,1.0,2441,True,True,,2026-09-20T07:00:27.670424+00:00,prospective_diagnostic_only,0.0
CDW,55ed1ba5-6299-42a2-809a-50f8a4bd354b,Information Technology,146.19,242707824.99,1.0,2441,True,True,,2026-09-20T07:00:27.670424+00:00,prospective_diagnostic_only,0.0
GEHC,76875bee-ba49-437b-9d94-e4bf1277249f,Health Care,64.13,236340971.265,1.0,930,True,True,,2026-09-20T07:00:27.670424+00:00,prospective_diagnostic_only,0.0
SYY,090b7913-4370-43eb-a42c-9af8400bc09d,Consumer Staples,79.05,235371365.06,1.0,2441,True,True,,2026-09-20T07:00:27.670424+00:00,prospective_diagnostic_only,0.0
KEY,f7623733-d5b7-4d6b-b04a-fedeed0f2e64,Financials,20.81,232918004.44,1.0,2441,True,True,,2026-09-20T07:00:27.670424+00:00,prospective_diagnostic_only,0.0
TYL,7552c82a-3b95-4f4d-afb5-98c024a5c9ca,Information Technology,337.5,232708396.63,1.0,2441,True,True,,2026-09-20T07:00:27.670424+00:00,prospective_diagnostic_only,0.0
CHRW,bdb9e72b-fe14-42fa-a784-aa451745bf12,Industrials,152.99,232021339.20499998,1.0,2441,True,True,,2026-09-20T07:00:27.670424+00:00,prospective_diagnostic_only,0.0
LUV,e930cf4f-6b04-4a7e-85e6-ad1b01cd3c17,Industrials,40.98,230852952.84,1.0,2441,True,True,,2026-09-20T07:00:27.670424+00:00,prospective_diagnostic_only,0.0
MTD,51fa61cb-6769-4e6e-b721-69348ce359f5,Health Care,1392.32,230163234.335,1.0,2441,True,True,,2026-09-20T07:00:27.670424+00:00,prospective_diagnostic_only,0.0
WSM,2820b0fc-1249-44d4-b749-18378cec217c,Consumer Discretionary,224.2,230093155.22000003,1.0,2441,True,True,,2026-09-20T07:00:27.670424+00:00,prospective_diagnostic_only,0.0
VICI,bfcbfab2-0716-4847-b7f3-a7bed178e479,Real Estate,23.72,229478727.4,1.0,2169,True,True,,2026-09-20T07:00:27.670424+00:00,prospective_diagnostic_only,0.0
AFL,25335910-dc9d-45fe-bc65-dc6b0ff5e2f4,Financials,116.33,229291993.445,1.0,2441,True,True,,2026-09-20T07:00:27.670424+00:00,prospective_diagnostic_only,0.0
ED,0cbb12ec-7e81-4329-beb1-2a35271272dc,Utilities,105.43,228726017.58499998,1.0,2441,True,True,,2026-09-20T07:00:27.670424+00:00,prospective_diagnostic_only,0.0
EIX,a75f7d48-0d93-445f-9fb9-34d9160760b6,Utilities,55.31,228593529.97,1.0,2441,True,True,,2026-09-20T07:00:27.670424+00:00,prospective_diagnostic_only,0.0
DOV,3d61eb0a-68d9-4a74-9f71-57551a892a5f,Industrials,187.42,228006535.84,1.0,2441,True,True,,2026-09-20T07:00:27.670424+00:00,prospective_diagnostic_only,0.0
DECK,6d2708a3-edb1-46c6-858b-22b4cccea11d,Consumer Discretionary,78.43,227396820.06,1.0,2441,True,True,,2026-09-20T07:00:27.670424+00:00,prospective_diagnostic_only,0.0
EFX,1fa4e2fb-538e-4ed6-b548-f2c591f1fb5d,Industrials,158.87,226819407.005,1.0,2441,True,True,,2026-09-20T07:00:27.670424+00:00,prospective_diagnostic_only,0.0
HUBB,dbed894a-1189-413b-9825-112179cd244e,Industrials,446.92,224636428.12,1.0,2441,True,True,,2026-09-20T07:00:27.670424+00:00,prospective_diagnostic_only,0.0
CLX,e546b55a-77d5-4e6c-b588-0aeaa20bd2b3,Consumer Staples,83.1,224583712.33999997,1.0,2441,True,True,,2026-09-20T07:00:27.670424+00:00,prospective_diagnostic_only,0.0
Q,f29e53f4-5072-4e11-82e8-8e50318031ab,Information Technology,120.05,223632911.86,1.0,440,True,True,,2026-09-20T07:00:27.670424+00:00,prospective_diagnostic_only,0.0
FDS,4d61ebe4-a03e-4ba2-a0cd-1c59dee8d7ce,Financials,283.83,222842001.965,1.0,2441,True,True,,2026-09-20T07:00:27.670424+00:00,prospective_diagnostic_only,0.0
CBRE,19020a7c-7741-401b-8422-37ad25d044b7,Real Estate,139.5,222178987.635,1.0,2137,True,True,,2026-09-20T07:00:27.670424+00:00,prospective_diagnostic_only,0.0
WEC,3fc48ca4-397a-48d0-aae0-908c807f7159,Utilities,103.17,221806097.7,1.0,2441,True,True,,2026-09-20T07:00:27.670424+00:00,prospective_diagnostic_only,0.0
CRL,c8d225a2-183b-499f-886e-7aebf438331f,Health Care,278.06,221413234.655,1.0,2441,True,True,,2026-09-20T07:00:27.670424+00:00,prospective_diagnostic_only,0.0
WAB,c3baa05b-10d0-4ecb-987f-8b34289553f3,Industrials,280.23,220637970.765,1.0,2441,True,True,,2026-09-20T07:00:27.670424+00:00,prospective_diagnostic_only,0.0
TECH,8c7debd9-6b14-44e4-9052-bb2ab5690363,Health Care,72.37,220554896.65500003,1.0,2441,True,True,,2026-09-20T07:00:27.670424+00:00,prospective_diagnostic_only,0.0
FFIV,09192535-21d6-42cf-903d-4abd88f91cad,Information Technology,432.03,219850966.8,1.0,2441,True,True,,2026-09-20T07:00:27.670424+00:00,prospective_diagnostic_only,0.0
FIS,e961359b-17b7-4d9e-a246-a6fa732a07e6,Financials,35.62,219143832.82999998,1.0,2441,True,True,,2026-09-20T07:00:27.670424+00:00,prospective_diagnostic_only,0.0
RL,fbb8f455-52fc-4b2e-850e-ee30fe76f494,Consumer Discretionary,335.1,217915703.425,1.0,2441,True,True,,2026-09-20T07:00:27.670424+00:00,prospective_diagnostic_only,0.0
EL,4cdbdf28-5c76-463f-bce0-23bcb2d3bb49,Consumer Staples,93.43,217734753.09499997,1.0,2441,True,True,,2026-09-20T07:00:27.670424+00:00,prospective_diagnostic_only,0.0
GRMN,44ddf865-1d4c-443a-b0a4-d8304a703836,Consumer Discretionary,274.06,217598228.735,1.0,2441,True,True,,2026-09-20T07:00:27.670424+00:00,prospective_diagnostic_only,0.0
PODD,e82d6760-0cbc-4838-87e3-4df6dce97721,Health Care,140.6,217200183.14,1.0,2441,True,True,,2026-09-20T07:00:27.670424+00:00,prospective_diagnostic_only,0.0
NI,11c19425-9801-44b2-aabb-b1871d1aaef9,Utilities,40.58,217066669.01,1.0,2441,True,True,,2026-09-20T07:00:27.670424+00:00,prospective_diagnostic_only,0.0
XYL,2f9e8a74-914c-4b63-90f0-577fd772da6f,Industrials,107.56,215882699.64499998,1.0,2441,True,True,,2026-09-20T07:00:27.670424+00:00,prospective_diagnostic_only,0.0
LII,93b14f86-b2ed-4d2b-ad69-490922938b5f,Industrials,359.23,213252829.79500002,1.0,2441,True,True,,2026-09-20T07:00:27.670424+00:00,prospective_diagnostic_only,0.0
OMC,1f80b3e7-c5a9-41c1-90e8-454620f6c568,Communication,76.57,210272522.35,1.0,2441,True,True,,2026-09-20T07:00:27.670424+00:00,prospective_diagnostic_only,0.0
LVS,612794e4-dbcc-4814-8ea2-3aa1e47523e3,Consumer Discretionary,39.98,208674338.135,1.0,2441,True,True,,2026-09-20T07:00:27.670424+00:00,prospective_diagnostic_only,0.0
PEG,7f712a83-dc6a-4d5d-bf2a-c52705a06905,Utilities,69.77,208304660.94,1.0,2441,True,True,,2026-09-20T07:00:27.670424+00:00,prospective_diagnostic_only,0.0
SW,1ec7fc10-f3bb-4084-bc31-6ffb733139c6,Materials,44.33,208220164.8,1.0,553,True,True,,2026-09-20T07:00:27.670424+00:00,prospective_diagnostic_only,0.0
HST,8c16ddb4-4722-4c02-848d-e9f022ae0c35,Real Estate,21.84,207867736.57999998,1.0,2441,True,True,,2026-09-20T07:00:27.670424+00:00,prospective_diagnostic_only,0.0
IRM,2da35038-7511-48aa-81cf-3f6c377f7c09,Real Estate,114.34,206797430.05,1.0,2441,True,True,,2026-09-20T07:00:27.670424+00:00,prospective_diagnostic_only,0.0
LH,ba597ea4-0f8c-4738-8f41-bfc97d76bc71,Health Care,320.71,206170328.76,1.0,2441,True,True,,2026-09-20T07:00:27.670424+00:00,prospective_diagnostic_only,0.0
LEN,95ae860b-4cf1-4dfe-9159-9bd4cd3c7915,Consumer Discretionary,76.43,204062662.35999998,1.0,2441,True,True,,2026-09-20T07:00:27.670424+00:00,prospective_diagnostic_only,0.0
NVR,6521415f-8f5c-48be-ab46-c854cd21c7b7,Consumer Discretionary,6150.47,203469823.245,1.0,2441,True,True,,2026-09-20T07:00:27.670424+00:00,prospective_diagnostic_only,0.0
APA,6f825c9d-e839-4539-a64e-cfa7fd71015b,Energy,44.87,203274687.36,1.0,2441,True,True,,2026-09-20T07:00:27.670424+00:00,prospective_diagnostic_only,0.0
DGX,8cff8b3e-70a0-408a-8584-44c3670992a2,Health Care,246.45,202373632.60500002,1.0,2441,True,True,,2026-09-20T07:00:27.670424+00:00,prospective_diagnostic_only,0.0
WST,b20d6720-9f3a-4999-b04b-2df846ebd64a,Health Care,362.31,200603154.43,1.0,2441,True,True,,2026-09-20T07:00:27.670424+00:00,prospective_diagnostic_only,0.0
ZBRA,3c6eaa3f-d12a-4e72-aab5-b0e005ba631a,Information Technology,346.63,199789023.12,1.0,2441,True,True,,2026-09-20T07:00:27.670424+00:00,prospective_diagnostic_only,0.0
IT,ce016848-57bf-4a5d-be20-af1ac2a199f9,Information Technology,185.78,199202363.79000002,1.0,2441,True,True,,2026-09-20T07:00:27.670424+00:00,prospective_diagnostic_only,0.0
VRSN,bf0fbed9-3c4a-4235-8ab0-05f880d93115,Information Technology,303.12,198843969.6,1.0,2441,True,True,,2026-09-20T07:00:27.670424+00:00,prospective_diagnostic_only,0.0
HIG,896c7f7e-0f23-490a-a7db-d68a269642bb,Financials,131.89,195847234.14,1.0,2441,True,True,,2026-09-20T07:00:27.670424+00:00,prospective_diagnostic_only,0.0
TKO,f3bbbd29-523f-4675-9c7e-fd3a0a945029,Communication,189.26,195650541.12,1.0,758,True,True,,2026-09-20T07:00:27.670424+00:00,prospective_diagnostic_only,0.0
RJF,713c63c2-aa51-449b-bc1d-cb5ef9a7d4ff,Financials,164.75,195493942.745,1.0,2441,True,True,,2026-09-20T07:00:27.670424+00:00,prospective_diagnostic_only,0.0
ZBH,fc12f337-b4be-4805-9206-2f67ec0a0057,Health Care,95.36,194257983.7,1.0,2441,True,True,,2026-09-20T07:00:27.670424+00:00,prospective_diagnostic_only,0.0
ROL,4cbd2a17-105f-470d-b690-1e58aa0ce908,Industrials,32.43,192602603.505,1.0,2441,True,True,,2026-09-20T07:00:27.670424+00:00,prospective_diagnostic_only,0.0
TDY,7e17b48e-68ff-483b-8968-2df4892b4ed4,Information Technology,603.46,190682046.805,1.0,2441,True,True,,2026-09-20T07:00:27.670424+00:00,prospective_diagnostic_only,0.0
GNRC,d249df15-5475-4218-af2d-9d7b8fc31b73,Industrials,207.44,188884826.09,1.0,2441,True,True,,2026-09-20T07:00:27.670424+00:00,prospective_diagnostic_only,0.0
TROW,ed8a132b-6a31-4c24-859b-2415c6deea5a,Financials,104.16,187150893.70999998,1.0,2441,True,True,,2026-09-20T07:00:27.670424+00:00,prospective_diagnostic_only,0.0
CPAY,d9d20f68-0a16-493e-9c0c-324ec90edb6c,Financials,397.76,186523331.0,1.0,624,True,True,,2026-09-20T07:00:27.670424+00:00,prospective_diagnostic_only,0.0
PRU,830538b2-f315-42e8-a9d6-1b12e539c5ff,Financials,118.4,186251605.68,1.0,2441,True,True,,2026-09-20T07:00:27.670424+00:00,prospective_diagnostic_only,0.0
PTC,24a89c84-6175-465b-ac54-789c3fd8a47b,Information Technology,135.89,185460204.54500002,1.0,2441,True,True,,2026-09-20T07:00:27.670424+00:00,prospective_diagnostic_only,0.0
