symbol,security_id,sector,first_eligible,train_eligible_sessions,development_eligible_sessions
GDDY,0099ffac-ca5b-4117-b050-5390af24619c,Information Technology,2018-10-01,590,136
FAST,009c65c9-8abe-49b9-b481-dfeecb67d116,Industrials,2018-10-01,1071,502
MET,00e5cd6a-c370-4d72-86d2-fef5353aa17a,Financials,2018-10-01,1071,502
GE,0116ac5c-90bc-47a2-8bb4-0f4551521dc6,Industrials,2018-10-01,1071,502
NRG,0181e333-c29a-4f7f-94f4-64884b17934a,Utilities,2018-10-01,754,469
TPL,02b051d5-7b50-4bb6-bad3-fa3087ced9af,Energy,,0,0
NOC,02deac19-d59b-4b15-ae55-a375e182bffd,Industrials,2018-10-01,1071,502
HPE,03a4498a-78b3-4043-8dcb-2c3cf4dc352e,Information Technology,2018-10-01,1071,502
AMD,03fb07bb-5db1-4077-8dea-5d711b272625,Information Technology,2018-10-01,1071,502
CPT,0403279d-6ac7-47d1-9a60-fda5acaf2437,Real Estate,2022-05-18,157,43
WDAY,04f7d8b3-3c40-4e19-ab08-aff850458676,Information Technology,2018-10-01,1071,502
EG,0501755f-b8e9-4846-97ff-abbb8c8e67fe,Financials,,0,0
BAC,061588a3-d70b-4b9c-a3f6-636aaa16acc4,Financials,2018-10-01,1071,502
GS,064dd45f-7a58-452c-93f2-377f9a0cc7f2,Financials,2018-10-01,1071,502
CNP,0666dd39-e7df-4e09-90e6-bd1a2b42a3c1,Utilities,2018-10-01,883,277
HLT,072e0811-8f84-4acc-bc3b-95761ea08dd6,Consumer Discretionary,2018-10-01,1071,502
PNC,07c40f17-3f00-4792-9262-9fc21c73e9b4,Financials,2018-10-01,1071,502
SYY,090b7913-4370-43eb-a42c-9af8400bc09d,Consumer Staples,2018-10-01,1071,502
FFIV,09192535-21d6-42cf-903d-4abd88f91cad,Information Technology,2018-10-01,694,0
ABBV,09a51104-980a-47b6-ad4d-e4f04059be4a,Health Care,2018-10-01,1071,502
STE,0a0f4996-3d85-43da-8305-4d208a75d7b4,Health Care,2020-09-30,159,0
SBUX,0a7deac5-2d75-4e54-9f66-51c1c6fad55b,Consumer Discretionary,2018-10-01,1071,502
OTIS,0af9c045-b1d4-4f26-9847-cf5c6f5984af,Industrials,2021-12-30,253,502
UHS,0bab489e-f374-4a62-afe4-8301dbb231e3,Health Care,2018-10-01,414,0
LDOS,0baeabb2-12ac-4751-af09-fcb671f498a7,Industrials,2018-10-01,375,0
VMRK,0c8a4de1-d60c-48e5-836d-8b189a005f16,Real Estate,,0,0
TFC,0c90392a-7b74-440f-a0a1-125bee898a51,Financials,2021-09-07,333,502
ED,0cbb12ec-7e81-4329-beb1-2a35271272dc,Utilities,2018-10-01,1071,502
INTC,0cf42aa3-9816-4f1f-aa84-6482ac9303e9,Information Technology,2018-10-01,1071,502
EME,0cf9d955-34f7-4d17-8286-29a0aecac17f,Industrials,,0,0
MRK,0d56791f-7395-40fa-853b-7b852bd9a7bf,Health Care,2018-10-01,1071,502
XOM,0dd35bf7-a49c-4068-bce0-8e40b700454d,Energy,2018-10-01,1071,502
BIIB,0ebf2aad-3ac3-4274-9710-d4aaf455636f,Health Care,2018-10-01,884,315
NOW,0ec9e18b-6dc2-43f7-a956-8d07bac7c08b,Information Technology,2018-10-01,1071,502
MSCI,0ef68826-b0f7-45b8-b273-8251f7133f0a,Financials,2018-10-01,1071,502
ANET,0f1e6e45-a44d-4e3e-a53a-ffbdf25eb283,Information Technology,2018-10-01,1071,502
SBAC,0f875f59-4ac8-4061-bac4-f053f20ff91a,Real Estate,2018-10-01,1071,502
EW,0ffbf7a5-d5ed-4e83-8499-2d58645e4d9c,Health Care,2018-10-01,1071,502
EBAY,10b35642-7d26-47d1-8987-4f7a7632d273,Consumer Discretionary,2018-10-01,1071,502
SPGI,10f7d07f-0811-42bf-a780-b4d4cb53eb91,Financials,2018-10-01,1071,502
DDOG,113d6f5b-a48f-4d20-a63f-79ea0bc88ebd,Information Technology,2021-06-17,389,502
TJX,1168e42c-a598-4ed9-8371-2033a0f6af54,Consumer Discretionary,2018-10-01,1071,502
OXY,11833dec-6549-48bf-ae48-17a25c3a9788,Energy,2018-10-01,1071,502
NI,11c19425-9801-44b2-aabb-b1871d1aaef9,Utilities,2018-10-01,544,47
BEN,12344127-983c-4142-b3cf-97bc15a8ba70,Financials,2018-10-01,415,0
AES,13488509-3dd7-4e28-9ede-1531dc353354,Utilities,2018-10-01,848,265
ES,136a3d7c-55a4-44c6-83d7-100ceab822f4,Utilities,2018-10-01,1071,362
HAL,14a06c29-cc38-444d-ab21-90198dc0fa18,Energy,2018-10-01,884,502
WM,15110ac1-3d55-4832-bb54-f59ed4abeed1,Industrials,2018-10-01,1071,502
XEL,152daa56-fc67-4627-b283-89405b4360fb,Utilities,2018-10-01,1071,502
MLM,154033d6-32bc-43e0-8344-9a07e54e7c32,Materials,2018-10-01,1071,502
CI,16af176c-d616-41d8-8a5a-b40c326e050e,Health Care,2018-10-01,1071,502
KKR,17f819cf-891b-478e-9ea3-cb23166c1479,Financials,2019-03-25,952,502
CVX,186997ab-b63c-439b-bf62-72275d1c4c27,Energy,2018-10-01,1071,502
CBRE,19020a7c-7741-401b-8422-37ad25d044b7,Real Estate,2019-12-16,767,502
CFG,199cb7ce-8ed9-4d04-8270-a1ad319d5a6b,Financials,2018-10-01,1071,502
RF,19abae8d-4f7b-402f-8d36-6418b3c79544,Financials,2018-10-01,1071,502
AMCR,1ad07ad8-1956-4a2c-ba59-e1e7c84c3cce,Materials,,0,0
HSIC,1bb0e1f2-1967-4b8d-8f98-30af6505cc6a,Health Care,2018-10-01,262,0
MS,1c2f8701-b8cb-40b6-902a-1e9a6a0c7bcf,Financials,2018-10-01,1071,502
CTSH,1c7f101c-4c08-46e9-9f79-60ca13c07e51,Information Technology,2018-10-01,1071,502
SYK,1c8746ac-5a25-4456-95e1-970ae6ade43c,Health Care,2018-10-01,1071,502
NWSA,1c91c0bd-8d13-40ef-9dd4-73593564f4af,Communication,,0,0
AIG,1ca76fea-6487-4cde-a341-07517b3286a0,Financials,2018-10-01,1071,502
UDR,1ddc7d72-9114-4d94-a1ea-ee530c12b163,Real Estate,2019-04-22,68,0
F,1e80b378-a5e3-4727-96bf-9c64fdd4e7e2,Consumer Discretionary,2018-10-01,843,502
SW,1ec7fc10-f3bb-4084-bc31-6ffb733139c6,Materials,,0,0
MU,1ef18995-5094-4f62-a5c5-e00168611152,Information Technology,2018-10-01,1071,502
COIN,1f3f7283-250d-4477-8b1e-037df55e5046,Financials,2023-01-10,0,497
OMC,1f80b3e7-c5a9-41c1-90e8-454620f6c568,Communication,2018-10-01,988,116
SCHW,1f868250-6f1d-4a57-9cd0-ac3f581a96e5,Financials,2018-10-01,1071,502
COST,1f888138-e413-4939-b16b-bdd08bb4debd,Consumer Staples,2018-10-01,1071,502
EFX,1fa4e2fb-538e-4ed6-b548-f2c591f1fb5d,Industrials,2018-10-01,1071,502
MDT,1fc2849e-26d5-4f49-add6-2f913ded54c9,Health Care,2018-10-01,1071,502
AMGN,201b268b-cde8-4010-9fe3-41d2ac7f1e9c,Health Care,2018-10-01,1071,502
MA,2140998d-7f62-46f2-a9b2-e44350bd4807,Financials,2018-10-01,1071,502
FISV,215f4297-91ff-4226-a690-c9add0ffc9ac,Financials,2018-10-01,1071,107
MRSH,219700d3-c988-4d18-b38d-6a3be1156833,Financials,,0,0
EXC,21a5e17d-c566-4f1b-8c25-0a505ba37478,Utilities,2018-10-01,1071,502
FOXA,21b45a5d-50c2-46be-bbae-02f5f23f7453,Communication,2018-10-01,927,32
IBM,21d40833-6d13-4031-9af3-02f6a516d791,Information Technology,2018-10-01,1071,502
L,225a5e8a-938e-4a95-8bcb-3989a3df618d,Financials,2018-10-01,82,0
EVRG,23b6465e-8a20-4fd8-96f9-95d1e0647fa2,Utilities,2020-03-04,286,0
ROP,23e965be-de5f-44cd-8e2c-b4fbbea0ec9c,Information Technology,2018-10-01,1071,502
GD,2430989b-3b12-4bff-9927-870040f8122a,Industrials,2018-10-01,1071,502
CB,2453845c-4785-46de-b332-6ee2438da196,Financials,2018-10-01,1071,502
PTC,24a89c84-6175-465b-ac54-789c3fd8a47b,Information Technology,2018-10-01,255,32
PYPL,24cbba8c-831b-44e2-8503-dd0c2ed7af8f,Financials,2018-10-01,1071,502
CSGP,2506e58c-1f7c-42a5-9bb9-cd0fd6645fd0,Real Estate,2018-10-01,1071,502
AFL,25335910-dc9d-45fe-bc65-dc6b0ff5e2f4,Financials,2018-10-01,1071,502
FRT,25f9fcbe-adbc-4d6d-85a0-e322b3c93889,Real Estate,,0,0
CRWD,26226278-b62c-47ec-a1bd-cf0dbd14b420,Information Technology,2021-03-10,458,502
BSX,2652a688-e44c-469e-92f8-8ece2594d4c0,Health Care,2018-10-01,1071,502
ELV,267f9ea7-eb9a-41cd-946f-5fab57943f0a,Health Care,2024-03-27,0,193
ORCL,27982558-2464-4daf-bb2f-b3b728659884,Information Technology,2018-10-01,1071,502
WSM,2820b0fc-1249-44d4-b749-18378cec217c,Consumer Discretionary,2018-10-01,798,502
AXON,28d765e8-8085-4716-bde2-de0182b644e5,Industrials,2023-10-16,0,5
PCAR,29e34616-a842-4a30-908c-32eddd0c7e23,Industrials,2018-10-01,1071,502
ADBE,2ac633b5-b3a7-4ba6-975d-f0f1e12dd1e4,Information Technology,2018-10-01,1071,502
CIEN,2ada15fb-1cf1-4241-a97b-0837322da8d6,Information Technology,2019-07-15,170,0
GPN,2ae65e45-78f1-448b-b33d-08220c03f317,Financials,2018-10-01,1071,502
FTNT,2b7d41ee-36a4-4c7e-b783-896568c61ed0,Information Technology,2018-10-01,1071,502
DAL,2cba3bdd-3f2a-4212-b64c-7bff33ad0f39,Industrials,2018-10-01,1071,502
T,2d6ed211-6d9b-46d9-b9d5-d3f8b453fd9a,Communication,2018-10-01,1071,502
IRM,2da35038-7511-48aa-81cf-3f6c377f7c09,Real Estate,2019-08-21,116,0
ULTA,2e3d3b75-58cc-40f5-bf12-b73da8aac3d3,Consumer Discretionary,2018-10-01,1071,502
TDG,2e65dd16-9fd7-42c7-aa0f-bd7950f028be,Industrials,2018-10-01,1071,502
PPL,2ebe177b-c523-4c1f-9276-8f0759a67a52,Utilities,2018-10-01,1071,502
DG,2edb3ef9-b5d8-4667-be8f-334884498ac9,Consumer Staples,2018-10-01,1071,502
WTW,2f1bca3b-ed44-4246-ade0-f90c9ad52790,Financials,2018-10-01,167,272
DIS,2f34c0b3-a4aa-4959-b52c-3c41b2c246c4,Communication,2018-10-01,1071,502
ALLE,2f630203-b16e-463e-95a9-9f2a585138c4,Industrials,,0,0
XYL,2f9e8a74-914c-4b63-90f0-577fd772da6f,Industrials,2018-10-01,401,291
DVA,31a9ec05-bf6a-4e77-8fbe-eafe432eab4a,Health Care,2018-10-01,603,0
LULU,31aa3cfa-8925-4cbc-98bc-74f411b7f17c,Consumer Discretionary,2018-10-01,1071,502
SNDK,325cea3c-527c-4075-8130-e5bbbe58a8a3,Information Technology,,0,0
PLD,32d00bae-5f6a-4712-9c18-3a007524fa3f,Real Estate,2018-10-01,1071,502
CPRT,3302e560-6d33-4ad5-a429-4d573e26962c,Industrials,2018-10-01,1071,502
VRTX,357a8404-f368-40a1-9356-3eb500f4f08a,Health Care,2018-10-01,1071,502
LITE,363b9094-c5ae-4899-bbc0-f94b27c87a6e,Information Technology,2018-10-01,468,0
C,36c8d04d-be51-476c-9382-0b6ea3bf1a26,Financials,2018-10-01,1071,502
APTV,372dd257-daba-4869-8495-a42fbe748204,Consumer Discretionary,2019-09-05,838,502
KO,3795cafe-fd54-4f66-a31e-66774be875ca,Consumer Staples,2018-10-01,1071,502
GL,37ecce71-4bf1-44ea-8157-2bc7f4aefb1c,Financials,,0,0
STT,38d1f1ae-38a3-49fc-bcb7-909d0011ef26,Financials,2018-10-01,1071,502
IDXX,3988b92e-b5ee-449e-a83a-a04bbdf18cff,Health Care,2018-10-01,1071,502
ITW,399a368e-f430-4a40-bd27-a046ea7bc0d9,Industrials,2018-10-01,1071,502
QCOM,39be1334-06b6-4df2-a2f1-b21b942628d0,Information Technology,2018-10-01,1071,502
LRCX,3ae976ac-6d14-4c4f-b02d-e83813f8a829,Information Technology,2018-10-01,1071,502
XYZ,3bd2f8c7-ceb9-4916-8a1e-4bcf3654efd9,Financials,,0,0
KVUE,3bded6a8-55f6-40d0-8157-1d2eb50cf7d8,Consumer Staples,,0,0
BA,3bed4fb2-4093-4433-b887-770ae3defd3a,Industrials,2018-10-01,1071,502
CAH,3c1286a9-21d1-45cf-b569-502c86ff121d,Health Care,2018-10-01,1071,502
NUE,3c3a99ab-4500-4f14-8f23-50a01d3019b1,Materials,2018-10-01,1071,502
ZBRA,3c6eaa3f-d12a-4e72-aab5-b0e005ba631a,Information Technology,2019-05-15,916,75
DOV,3d61eb0a-68d9-4a74-9f71-57551a892a5f,Industrials,2018-10-01,1071,502
MAS,3d9e6406-e27a-4c27-a898-ab1670650b5a,Industrials,2018-10-01,1019,0
EXPE,3e3bbdb0-d6a4-4db1-8fbb-133f75fd4f66,Consumer Discretionary,2018-10-01,1071,502
SNA,3f252264-10aa-47db-9c4b-42bd452e36f4,Industrials,2018-10-01,222,0
WMT,3f3e0ff9-599f-4fec-8842-6bc53f5129a1,Consumer Staples,2018-10-01,1071,502
WEC,3fc48ca4-397a-48d0-aae0-908c807f7159,Utilities,2018-10-01,1071,502
ABNB,403113aa-7838-4345-dd32-d63a5f9da70b,Consumer Discretionary,2022-09-09,79,502
ROK,4039d327-5ab5-4040-8920-b23ab2e669b2,Industrials,2018-10-01,1071,502
BDX,419e89a6-efe2-4773-ba4f-1bf5dca33cb2,Health Care,2018-10-01,1071,502
ADM,41e7c72d-bf5f-4ff9-9813-387ef5038cf3,Consumer Staples,2018-10-01,1071,502
PKG,42682c03-86b5-452b-8711-01ec96295840,Materials,2018-10-01,414,0
DHR,42f6d400-741b-4a18-ae61-73faae71e2cb,Health Care,2018-10-01,1071,502
DUK,42f7b895-93aa-48d4-909e-6e05ad6bd2ca,Utilities,2018-10-01,1071,502
WAT,4373b822-84c5-4a0b-87f8-428c6e982a1b,Health Care,2018-10-01,888,212
MAA,43c10351-9d2c-40cd-879a-9aaa21d5db01,Real Estate,2020-06-29,129,11
TXN,440efabf-b53c-4d70-b6e5-abb4f53e7104,Information Technology,2018-10-01,1071,502
APO,4493d0ec-797a-4e84-a849-06aa60fb726f,Financials,2020-06-17,291,502
GRMN,44ddf865-1d4c-443a-b0a4-d8304a703836,Consumer Discretionary,2019-05-08,515,0
PH,44de3ac7-fd5e-4c49-99ae-561246d323f5,Industrials,2018-10-01,1071,502
MKC,45c52e44-2c57-4886-9ec0-be254b4a8590,Consumer Staples,2018-10-01,1060,100
INCY,460d5fb3-ed90-48a1-b0d7-276f08f617f5,Health Care,2018-10-01,670,0
TTWO,46502bdb-1f73-48cd-a9e7-e194d1d6938d,Communication,2018-10-01,1071,502
BLK,467bc92e-332b-4f62-95c7-3c9288c20018,Financials,2018-10-01,1071,502
NSC,477b4ce8-cdd7-48b8-9c40-e64e37bbeadd,Industrials,2018-10-01,1071,502
GWW,486a7ad1-ef92-4e1f-a113-3c4a04e29034,Industrials,2018-10-01,1071,502
AXP,49b90cdc-f6f5-4a7c-807a-ed172e6017af,Financials,2018-10-01,1071,502
APH,4b36cdb2-64e4-4f6c-9dd6-8c1326cf5829,Information Technology,2018-10-01,1071,502
WY,4c3e17f6-0d5a-44ec-b05f-c0f7b973d7db,Real Estate,2018-10-01,1071,325
IVZ,4c95e7ec-088b-4406-b011-f3db977acb5a,Financials,2018-10-01,467,0
ROL,4cbd2a17-105f-470d-b690-1e58aa0ce908,Industrials,,0,0
STLD,4cbeae28-abb2-4b2c-9fc2-acd8cae641d9,Materials,2018-10-01,501,502
EL,4cdbdf28-5c76-463f-bce0-23bcb2d3bb49,Consumer Staples,2018-10-01,1071,502
NVDA,4ce9353c-66d1-46c2-898f-fce867ab0247,Information Technology,2018-10-01,1071,502
DOC,4cfb073b-88c3-4ed5-82f9-64a689aa83ed,Real Estate,,0,0
HON,4d463097-3a48-4120-a2ec-d9a4b68302a9,Industrials,2018-10-01,1071,502
FDS,4d61ebe4-a03e-4ba2-a0cd-1c59dee8d7ce,Financials,2020-02-11,90,0
RTX,4d8f7f83-d998-4839-9134-38473cd13123,Industrials,2021-12-30,253,502
NDSN,4df3f2ef-4d3d-4c9e-a7ca-d69919e79a43,Industrials,,0,0
MO,4eb91cfa-4f8b-4df5-acb7-2f3434fa283f,Consumer Staples,2018-10-01,1071,502
MGM,4eca36dd-edaf-4d57-a0cd-5ddce8c27679,Consumer Discretionary,2018-10-01,1071,497
URI,4f34a08c-9bdd-484a-8601-f9c583fee6a0,Industrials,2018-10-01,1071,502
FDX,4f42e4ef-1f4c-4c7f-9a92-6a25c999031d,Industrials,2018-10-01,1071,502
CVS,4f4530c8-5ba0-4b16-86ec-b0ce753c5ac8,Health Care,2018-10-01,1071,502
V,4f5baf1e-0e9b-4d85-b88a-d874dc4a3c42,Financials,2018-10-01,1071,502
REGN,5098a4d2-0917-4184-862c-17dbefde2ed4,Health Care,2018-10-01,1071,502
MTD,51fa61cb-6769-4e6e-b721-69348ce359f5,Health Care,2018-10-01,1071,502
ZTS,5344140c-ca01-4435-8a4a-217d4496bd35,Health Care,2018-10-01,1071,502
ALGN,53833666-cd3e-442c-8d59-3c4af8ce7aa4,Health Care,2018-10-01,1071,502
DASH,5453d1f0-0efc-4738-b1b1-d330e5910e2f,Consumer Discretionary,2022-09-08,80,502
HII,54ec2f34-daa8-4f4c-a572-e53f2ebfcf12,Industrials,2018-10-01,193,0
USB,5553e8c9-004d-479d-a18c-83a42a87ed10,Financials,2018-10-01,1071,502
CDW,55ed1ba5-6299-42a2-809a-50f8a4bd354b,Information Technology,2018-10-01,1071,502
APD,57ca9916-468b-4c77-8be7-2495a7c17df2,Materials,2018-10-01,1071,502
COF,58173a3c-c7e1-4150-b48f-1af063a88e26,Financials,2018-10-01,1071,502
CHTR,596b0016-1d8d-4e2e-9ab3-bfe7514b6be8,Communication,2018-10-01,1071,502
SO,5a71649b-e578-4229-81a3-d3a5c1351dd7,Utilities,2018-10-01,1071,502
ARE,5a7450bd-6796-4631-845e-d3facc79ff1a,Real Estate,2018-10-01,1071,326
HUM,5acb47e5-91b2-4c34-becd-a320436890d7,Health Care,2018-10-01,1071,502
GPC,5ae07a68-48de-4b8e-8105-e50c47689464,Consumer Discretionary,2018-10-01,345,388
PSKY,5b47111b-5e0d-4adc-929c-3efae02f747e,Communication,,0,0
KMB,5ca2cc07-2657-4769-9491-1c89b5f58a76,Consumer Staples,2018-10-01,1071,502
CMCSA,5ddc1e60-daca-45da-b2de-f3ee597e60bc,Communication,2018-10-01,1071,502
PSA,5df9640c-c98a-4bd8-b5c5-2f2afc8a8a26,Real Estate,2018-10-01,1071,502
ODFL,5e255d55-471d-45fc-ad7a-65c904018bf2,Industrials,2018-10-01,1071,502
ESS,5f9faccc-f650-4021-9310-e44eba191dc2,Real Estate,2018-10-01,798,63
LVS,612794e4-dbcc-4814-8ea2-3aa1e47523e3,Consumer Discretionary,2018-10-01,1071,502
JKHY,61d66f82-8daa-40f2-b912-087ff4fff2f5,Financials,2020-12-18,57,0
CTAS,61f340d1-ed59-405d-ad94-8f2ec9d470ea,Industrials,2018-10-01,1071,502
MNST,63595036-ec71-4cd5-9979-4997252d23f6,Consumer Staples,2018-10-01,1071,502
CINF,636ebb91-c67d-4ba7-87f6-526aa99c8446,Financials,,0,0
MPC,639306f2-59d8-46e0-95e7-0fe917d34f13,Energy,2018-10-01,1071,502
ECHO,644a3939-7c9d-495e-8fcd-2399ca5f1507,Communication,,0,0
BNY,64d27c2a-18a1-4848-b205-73b5d428d5f9,Financials,,0,0
NVR,6521415f-8f5c-48be-ab46-c854cd21c7b7,Consumer Discretionary,2018-10-01,762,268
FERG,655e865c-be38-4f97-9a85-72135ca8a984,Industrials,2023-09-01,0,335
AJG,661531e0-6ce1-4238-b3d7-7247ddf8a99c,Financials,2018-10-01,868,502
CASY,661997db-e507-415e-9f06-c4c2d9d4227b,Consumer Staples,,0,0
AME,6642e128-03ee-4bc9-bd3f-8f49424480d7,Industrials,2018-10-01,1071,502
PCG,664ebe22-dc75-49a3-b36b-e524f9ef167d,Utilities,2018-10-01,884,502
CNC,67956c95-90f3-4316-8dcf-56f8aa497dcb,Health Care,2018-10-01,1071,502
GOOGL,69b15845-7c63-4586-b274-1cfdfe9df3d8,Communication,2018-10-01,1071,502
LMT,6ae1929e-adcd-4de1-9647-25763c8a4548,Industrials,2018-10-01,1071,502
AON,6c21ef75-b953-4434-8119-501a26656625,Financials,2018-10-01,1071,502
MOS,6c285ed0-024c-47f7-9e2a-8fb08e6913ac,Materials,2018-10-01,730,376
TSCO,6c288372-d98d-496a-b32f-56b65e485246,Consumer Discretionary,2018-10-01,1071,502
SOLV,6c9b4d50-29ea-449a-ad71-1c0c4c3be48e,Health Care,,0,0
ADP,6ca2e51d-21df-4ff0-a134-abfdbe084142,Industrials,2018-10-01,1071,502
DECK,6d2708a3-edb1-46c6-858b-22b4cccea11d,Consumer Discretionary,2018-10-31,249,434
PPG,6d4f3b18-4f02-4a06-9d3d-9dadcc9bce1b,Materials,2018-10-01,1071,502
INVH,6d7aa93c-9c8a-414d-a1ed-4ba7154fdd11,Real Estate,2020-03-03,715,38
ACN,6eace613-5882-4eca-8635-d1c41ee9e260,Information Technology,2018-10-01,1071,502
RDDT,6f35d70d-d7cb-48ce-8d2e-be0c7775228e,Communication,,0,0
APA,6f825c9d-e839-4539-a64e-cfa7fd71015b,Energy,2018-10-01,872,502
HWM,6f9bf0b0-4114-495f-87e4-720b2db3772a,Industrials,2023-11-30,0,273
COP,705363ac-b8c6-4d0e-9c9b-a343f3103de6,Energy,2018-10-01,1071,502
MDLZ,705ec4dc-73b9-42fc-8b17-d4e13c31cfae,Consumer Staples,2018-10-01,1071,502
WDC,70cb03f3-2184-4a3a-b04c-ad5ff9524612,Information Technology,2018-10-01,1071,502
AWK,70d6a48c-21e2-4b31-a66a-9a993fa1509c,Utilities,2018-10-01,1071,428
RJF,713c63c2-aa51-449b-bc1d-cb5ef9a7d4ff,Financials,2018-10-01,386,145
BRK.B,71bb19d0-6c5f-4881-9552-33224badd810,Financials,2018-10-01,1071,502
TMO,722b2e6d-2b85-4502-8f72-55f199fb3c47,Health Care,2018-10-01,1071,502
MRVL,723c21be-11af-4450-9b64-20346a6905fc,Information Technology,2018-10-01,1071,502
DD,72b0cd73-1037-413e-a43c-12d68c760d9e,Industrials,2020-04-09,688,502
MCK,73706fa6-f7b8-4919-9381-ff7377a56726,Health Care,2018-10-01,1071,502
TSN,73caedb2-6646-4666-8891-88b9718bd235,Consumer Staples,2018-10-01,1071,375
TYL,7552c82a-3b95-4f4d-afb5-98c024a5c9ca,Information Technology,2020-12-29,169,0
FCX,75951f3e-87ac-4f58-98f3-d4fdb649d332,Materials,2018-10-01,1071,502
A,7595a8d2-68a6-46d7-910c-6b1958491f5c,Health Care,2018-10-01,1071,502
WYNN,762eca63-f335-4d9c-bfc5-83607ad4d8e9,Consumer Discretionary,2018-10-01,1071,502
AMP,764073e3-4e48-4a2c-aee2-45b0a0dfb9cc,Financials,2018-10-01,1071,502
PSX,7655b60d-17f3-4c09-88ec-88feb585487a,Energy,2018-10-01,1071,502
CEG,7658b394-4296-4b6c-b3e5-02243499faf6,Utilities,2023-11-01,0,293
VLO,767ee8af-6479-44f5-8106-799120134246,Energy,2018-10-01,1071,502
GEHC,76875bee-ba49-437b-9d94-e4bf1277249f,Health Care,2024-10-03,0,62
TT,7744341f-5918-44c9-bc50-6a6fc423c9ff,Industrials,2021-11-24,277,502
FDXF,7785f942-14e8-49e4-b554-262c05fe9649,Industrials,,0,0
SLB,799b9c5a-54c1-4241-ba42-0dcba7d161bb,Energy,2018-10-01,1071,502
AVGO,7a8b4fcf-0622-47ef-8541-de7f70ffc0c4,Information Technology,2018-10-01,1071,502
MCO,7ad52094-7cc2-4ed8-b324-69731dfaa79a,Financials,2018-10-01,1071,502
PEP,7b7466c4-5066-4e3e-80e6-8da1c835ce56,Consumer Staples,2018-10-01,1071,502
VTRS,7cafa08c-242c-49a3-882d-6a410c49969e,Health Care,2022-08-17,50,0
TDY,7e17b48e-68ff-483b-8968-2df4892b4ed4,Information Technology,2021-10-26,54,0
PGR,7e23958d-28fe-4f5e-acb0-159831a769ed,Financials,2018-10-01,1071,502
D,7ef3c3bc-854c-421a-a778-dc87a402f1d9,Utilities,2018-10-01,1071,502
PEG,7f712a83-dc6a-4d5d-bf2a-c52705a06905,Utilities,2018-10-01,1071,502
FOX,7f9bc611-ddaf-42bf-9faa-48f007b275c8,Communication,2018-10-01,198,0
TMUS,7f9df478-237c-45c8-bc80-c97a53478c37,Communication,2018-10-01,1071,502
PLTR,80e04a93-e1a8-4503-ab61-2ef1992650b4,Information Technology,2022-06-29,129,502
EMR,812453a9-6ec4-4edb-a1d6-7f08a987ba23,Industrials,2018-10-01,1071,502
NCLH,81f61b55-adee-402e-87d4-7b49579e2338,Consumer Discretionary,2018-10-01,1071,502
PRU,830538b2-f315-42e8-a9d6-1b12e539c5ff,Financials,2018-10-01,1071,502
NXPI,840703bb-88cd-4cac-9acd-91eba330dc8a,Information Technology,2018-10-01,1071,502
ARES,849c6721-e693-4bd9-9d04-8d924fccfc3e,Financials,2024-12-03,0,20
AIZ,85000f80-734c-4f0c-b20a-7b7c1e9ec200,Financials,,0,0
LLY,87266a27-1b34-47bd-b236-bd3a9f59b138,Health Care,2018-10-01,1071,502
KDP,88623995-d3b2-41ff-b80d-17a29c51454b,Consumer Staples,2021-01-25,489,502
HIG,896c7f7e-0f23-490a-a7db-d68a269642bb,Financials,2018-10-01,1071,288
GEN,89815654-c60c-4b6a-ab96-80982bf4e53b,Information Technology,,0,0
HST,8c16ddb4-4722-4c02-848d-e9f022ae0c35,Real Estate,2018-10-01,1071,229
TECH,8c7debd9-6b14-44e4-9052-bb2ab5690363,Health Care,,0,0
TSLA,8ccae427-5dd0-45b3-b5fe-7ba5e422c766,Consumer Discretionary,2018-10-01,1071,502
DGX,8cff8b3e-70a0-408a-8584-44c3670992a2,Health Care,2018-10-01,1071,199
FE,8dd27fb6-29cc-43ae-9aae-70edee0e2069,Utilities,2018-10-01,1071,322
DXCM,8dd538ed-bf95-4b22-a6c7-e6f01131d65d,Health Care,2018-10-01,1071,502
SRE,8deb7c67-def6-49e9-aace-9d628260a100,Utilities,2018-10-01,1071,502
CVNA,8e15f85d-62ba-4836-87d7-594a22267d47,Consumer Discretionary,2019-12-17,749,211
HPQ,8e341794-40b2-4509-bca8-c7b6fc49eb96,Information Technology,2018-10-01,1071,502
APP,8fea5887-a5b5-4c84-87a6-0fad05130e60,Communication,2024-10-25,0,46
ALB,90771657-de50-427a-9042-6b257dae4b7d,Materials,2018-10-01,1071,502
AEP,90e9c946-6323-49a4-be69-116f04fec288,Utilities,2018-10-01,1071,502
DELL,91ee1b57-f36c-40cf-a8b7-84583daaafc9,Information Technology,2020-09-25,571,502
PWR,922c81b2-d99a-4a7f-bf54-6ebd6f8305bd,Industrials,2022-06-07,144,502
YUM,932a2ac2-9eba-47f1-932a-0ce1408c3683,Consumer Discretionary,2018-10-01,1071,502
LII,93b14f86-b2ed-4d2b-ad69-490922938b5f,Industrials,2018-10-01,85,0
UNH,943bb7c3-0fb0-4088-9a37-62549b5dc528,Health Care,2018-10-01,1071,502
FITB,94f6f5c6-861b-47fc-b208-1e7765e4a68f,Financials,2018-10-01,1071,502
EXR,95631989-09cd-4964-860e-f766dfba5081,Real Estate,2018-10-01,1071,502
LEN,95ae860b-4cf1-4dfe-9159-9bd4cd3c7915,Consumer Discretionary,2018-10-01,1071,502
NEM,96da6121-b5ab-4f8b-bb53-60ae53cb5ed3,Materials,2018-10-01,1071,502
PHM,96f6e02d-e110-40c7-bff6-ade1c0e451c4,Consumer Discretionary,2018-10-01,1018,294
FICO,9785d232-7b97-43f2-8b4b-6bfb80c0442c,Information Technology,2020-03-04,208,341
REG,9809045e-45f8-4222-9fe3-b2bf437dd1bc,Real Estate,2018-10-01,114,0
SYF,981f70e6-3263-46df-ae90-283910e259c8,Financials,2018-10-01,1071,502
AEE,98ce4784-3b9a-4a4f-88ec-f2db2f1e8961,Utilities,2018-10-01,806,325
UAL,98dbc012-8ca2-4e68-b2f7-464fdc9bbf3c,Industrials,2018-10-01,1071,502
DTE,9bace756-e3ad-48de-932e-4690b2960730,Utilities,2018-10-01,1071,367
FTV,9bf5e7eb-549e-4d18-9a9e-21cc126cdde1,Industrials,2018-10-01,1071,278
HONA,9c488e0d-5ece-4791-b920-f66aa506b7ce,Industrials,,0,0
HRL,9d965268-d529-4b57-b211-b544310f1b30,Consumer Staples,2018-10-01,662,0
CSCO,9ec078b1-5167-4d3d-908c-a1e49be367f1,Information Technology,2018-10-01,1071,502
BRO,9f2f3d77-47e0-4e88-a13f-30a752b5dd5d,Financials,,0,0
ALL,9f5ab4fb-335d-41ef-83d9-4d0abbd61fde,Financials,2018-10-01,1071,502
CHD,9f96290f-07c9-4238-8763-105b17a49f59,Consumer Staples,2018-10-01,1071,341
VRT,a0026393-53a9-454c-89f9-1eb7cb4ae7af,Industrials,2024-04-29,0,171
SJM,a08ed46f-696f-43fb-9b98-a2634646ad7a,Consumer Staples,2018-10-01,809,408
ABT,a097c03a-7ebe-4de6-b729-a82370cd2a6e,Health Care,2018-10-01,1071,502
AMT,a148da60-6af9-443b-a3a9-9d3e65eb91e9,Real Estate,2018-10-01,1071,502
J,a1fed325-c0f8-4bcb-8ea4-0cd595df061e,Industrials,,0,0
ADSK,a21ecb08-ff55-4c19-94d3-a8d607d91be8,Information Technology,2018-10-01,1071,502
TXT,a23cd286-242d-4ee3-b3b7-042a4fa187ce,Industrials,2018-10-01,359,0
IBKR,a2d428df-103b-4db0-b0b0-6d2c826b840c,Financials,,0,0
CMG,a3e21504-59e3-4f4b-8f9c-86a569bdf842,Consumer Discretionary,2018-10-01,1071,502
EXPD,a4965b33-8fae-4700-a0f7-07409250f8b5,Industrials,2018-10-01,847,440
VZ,a54066ec-ebb0-4d1e-b7cf-cd84298515ec,Communication,2018-10-01,1071,502
BBY,a5a7a7b7-5a80-44c6-8051-989b3bb4a1c2,Consumer Discretionary,2018-10-01,1071,502
TTD,a62e1ba1-af52-411b-ab22-537c2cd2e67d,Communication,2019-03-18,957,502
WRB,a64399d5-f09d-469d-8cdc-291ef91235f7,Financials,,0,0
LOW,a6ffe329-5ea3-4bb8-b58a-06ed1432dd50,Consumer Discretionary,2018-10-01,1071,502
BF.B,a7416318-2773-49b9-b843-7017e0711a5b,Consumer Staples,2018-10-01,56,0
EIX,a75f7d48-0d93-445f-9fb9-34d9160760b6,Utilities,2018-10-01,1071,133
VTR,a760766c-8c49-4886-85af-990e47f9d78a,Real Estate,2018-10-01,962,0
CL,a7dd2d26-59d5-4c85-8449-cd0cb975fd98,Consumer Staples,2018-10-01,1071,502
JCI,aa0bfa06-96bb-4fcc-bc56-0aa8a1c0be47,Industrials,2018-10-01,1071,502
GILD,aa222c8c-5f60-4b88-bc73-7aaadf424628,Health Care,2018-10-01,1071,502
DPZ,aa3236c8-f2d6-40f1-a20d-b4cc69bffae8,Consumer Discretionary,2018-10-01,1071,502
PAYX,aaaaa8a6-79b2-4090-95df-45276d1f4d74,Industrials,2018-10-01,1071,502
DLR,ab1c95a1-cb3b-4eb0-83bd-d4a0cd608b0b,Real Estate,2018-10-01,1071,502
DVN,ab42bac7-0551-47fd-8f5b-3313142cb075,Energy,2018-10-01,1071,502
TER,abb494ba-b24a-46bc-b050-2128e3303f60,Information Technology,2018-10-01,1071,502
SPG,abda5459-cb41-44a7-85bb-c94d32ea7d93,Real Estate,2018-10-01,1071,502
LHX,ac11bc30-2788-40f7-9c87-e24734d4dfd9,Industrials,2021-03-29,445,502
NEE,ac20a75d-5bb4-4d10-96e8-f5e58e730139,Utilities,2018-10-01,1071,502
JBL,ac8f1019-e8aa-4a5d-9434-97cc688bf606,Information Technology,2024-05-23,0,153
BMY,ad22d1ca-8bfc-45cc-ae7f-5f091bbc8c7c,Health Care,2018-10-01,1071,502
ROST,adcce409-1666-4ceb-89fa-ecbb458c18ea,Consumer Discretionary,2018-10-01,1071,502
BXP,ae42e050-a162-421b-afaf-e32f63d78219,Real Estate,2018-10-01,753,0
EXE,ae7b5317-8b41-41df-b7f8-22c4de74b832,Energy,,0,0
TRV,af898beb-7df0-4dea-8b02-d6c5f4f70137,Financials,2018-10-01,1071,502
MRNA,b02df0cc-0a0a-4ecb-8e92-201b1044ea21,Health Care,2020-12-09,519,502
PFE,b0940983-b0c6-42f1-97d5-b1b580e4431b,Health Care,2018-10-01,1071,502
AAPL,b0b6dd9d-8b9b-48a9-ba46-b9d54906e415,Information Technology,2018-10-01,1071,502
UPS,b14caeab-f212-40ee-975a-38b9317e46b1,Industrials,2018-10-01,1071,502
PM,b19c4863-d517-4472-9236-8864e50dfa3e,Consumer Staples,2018-10-01,1071,502
WST,b20d6720-9f3a-4999-b04b-2df846ebd64a,Health Care,2021-02-17,473,502
VRSK,b297eda9-133d-4f92-80ff-9e55f7c8ee8b,Industrials,2018-10-01,1071,502
SWKS,b2b91a9b-3ecd-45ed-bf53-1f7d0613e1e8,Information Technology,2018-10-01,1071,502
IR,b33b4a2e-b930-48da-946c-568ef91f3dab,Industrials,2018-10-01,841,502
GLW,b3ce91f9-c7b2-4ab2-9a16-57fb17e06294,Information Technology,2018-10-01,1071,282
STZ,b459fd90-e740-4de1-b2e2-ecf548a51faf,Consumer Staples,2018-10-01,1071,502
RCL,b4ef8484-77d0-42d9-97a5-d67948cbb979,Consumer Discretionary,2018-10-01,1071,502
BR,b5452b1a-9dad-44bc-982d-b632243366be,Industrials,2018-12-04,235,0
ON,b56defb4-e3f6-4756-ba80-143862d2dda1,Information Technology,2018-10-01,1071,502
FIX,b56fafb4-300c-4444-a83a-876ca63e1b3c,Industrials,,0,0
TPR,b599b102-254e-4a5c-838d-8cf26857e562,Consumer Discretionary,2019-08-01,666,384
WMB,b60af993-7490-471e-9926-1cbedb46fcef,Energy,2018-10-01,1071,502
ECL,b636b9b8-669c-4788-a0eb-ff5f6ea7f09e,Materials,2018-10-01,1071,502
BALL,b6383ccc-bc48-40a3-8e30-58583c49322b,Materials,,0,0
HD,b6b1ea06-5d71-4146-be77-03f671788940,Consumer Discretionary,2018-10-01,1071,502
MSFT,b6d1aa75-5c9c-4353-a305-9e2caa1925ab,Information Technology,2018-10-01,1071,502
TGT,b70be706-b47c-4dbd-a6a7-4e98ea48c42a,Consumer Staples,2018-10-01,1071,502
STX,b74ff3ea-545f-49e2-91ad-cd4e205642a4,Information Technology,2018-10-01,1071,502
MMM,b7f45fa8-7969-4ad9-ad77-775880b14278,Industrials,2018-10-01,1071,502
CBOE,b82b16ae-90ca-400b-b053-db67a515e711,Financials,2018-10-01,449,0
IQV,b8a3bd96-7724-467b-b044-92a6f6d84fce,Health Care,2019-08-16,851,502
AKAM,b8af2065-5072-453b-9d95-5c3934c2fba7,Information Technology,2018-10-01,1071,448
CSX,b8dd0cc3-7658-4c38-9c06-215c3377956e,Industrials,2018-10-01,1071,502
WELL,b94a7925-39e6-4a74-9db6-44888cb57d40,Real Estate,2019-11-25,781,502
LYV,b9f7677c-965f-4074-b87b-cea5c848b6ce,Communication,2018-10-01,702,502
PANW,ba1cc326-cf8d-4d7c-a49e-8b413555f3d0,Information Technology,2018-10-01,1071,502
LH,ba597ea4-0f8c-4738-8f41-bfc97d76bc71,Health Care,2018-10-01,1071,418
CMI,badebe9a-89a1-4579-9e94-28e11d901b16,Industrials,2018-10-01,1071,502
NFLX,bb2a26c0-4c77-4801-8afc-82e8142ac7b8,Communication,2018-10-01,1071,502
CME,bc05b0d9-3b5d-4530-b500-3af2accbd71e,Financials,2018-10-01,1071,502
MAR,bd10e4a3-a39d-4726-91cd-8b4d68a635ab,Consumer Discretionary,2018-10-01,1071,502
BG,bd953d3b-1aca-4ee5-9ae8-974d793c5638,Consumer Staples,2018-10-01,243,236
CHRW,bdb9e72b-fe14-42fa-a784-aa451745bf12,Industrials,2018-10-01,732,139
VEEV,bdc58c3a-9c7e-4ef9-b2ec-d61f14c84bd0,Health Care,2018-10-01,1071,502
UBER,bea0f181-afd8-4bd2-9486-85d3fc2f10d7,Industrials,2021-02-05,480,502
VRSN,bf0fbed9-3c4a-4235-8ab0-05f880d93115,Information Technology,2018-10-01,1071,156
TAP,bf5d1b34-b1df-42e4-8878-db44df226bd3,Consumer Staples,2018-10-01,543,0
VICI,bfcbfab2-0716-4847-b7f3-a7bed178e479,Real Estate,2020-04-03,692,502
DE,c00df298-9fb1-49e6-b9d9-92e3749ec5be,Industrials,2018-10-01,1071,502
ERIE,c05daeb9-c0ba-45bf-899b-3896f5d14622,Financials,,0,0
MTB,c116ed61-e58f-45af-8b63-499fac4d0cab,Financials,2018-10-01,1071,380
KEYS,c12d8862-2ca2-48ca-9fdc-368bace91bd3,Information Technology,2019-06-05,902,502
PFG,c14764ba-7985-420b-af3b-8d3b7c848f8a,Financials,2018-10-01,347,126
O,c1de0f49-b6d3-4636-ab9b-5aed83596918,Real Estate,2018-10-01,1071,502
KLAC,c1fe01e7-c9b1-4b92-8c7a-32153021367e,Information Technology,2018-10-01,1071,502
JBHT,c201b764-a9a6-4a73-bed2-d25202fd0b62,Industrials,2018-10-01,434,502
PNR,c212e219-b17d-4ff1-99dd-30e3896122a3,Industrials,2018-10-01,52,0
WAB,c3baa05b-10d0-4ecb-987f-8b34289553f3,Industrials,2018-10-01,522,39
ACGL,c42feb70-c4a1-48a3-869b-d94eb3998f6e,Financials,2023-08-18,0,345
ETR,c4bcff4e-c3b0-481a-a9eb-98600db2ef0a,Utilities,2018-10-01,1071,502
HBAN,c4e4715c-44f9-4e5a-9663-be3b72e767b8,Financials,2018-10-01,1071,502
BKNG,c50070cd-18b4-4f29-ae0f-f192e4cc4553,Consumer Discretionary,2019-11-22,782,502
HAS,c64ec7e1-696c-422f-bca6-240524dc0346,Consumer Discretionary,2018-10-01,450,0
IFF,c6c4b6a0-fd62-44b4-8e16-4dd9b31b71ba,Materials,2018-10-18,1058,428
HOOD,c6e72c57-a1a9-4e4b-a7d0-029160f8bd64,Financials,2024-10-02,0,63
KIM,c70c1de6-d9cd-4c77-9f72-fd8e6d889c0f,Real Estate,2018-10-01,112,0
TRMB,c71569f2-3812-4dff-8fca-779357edda8f,Information Technology,,0,0
ORLY,c73e2c28-af3f-4f5d-b550-a56b567ed47c,Consumer Discretionary,2018-10-01,1071,502
DRI,c7b69e61-c23f-4135-a113-8f4efe3e7d6e,Consumer Discretionary,2018-10-01,1071,502
WBD,c8899fc1-c3b2-411c-a940-4b9380a09b84,Communication,2024-01-10,0,246
CRL,c8d225a2-183b-499f-886e-7aebf438331f,Health Care,2022-02-16,220,123
EQT,c8d31660-bb30-43c2-8951-b1f740c74ef8,Energy,2018-10-01,445,502
EOG,c997b367-2a67-472c-910f-d0324c599cea,Energy,2018-10-01,1071,502
BX,c9cc0895-bbca-47fb-be9e-e70e4a7eb94d,Financials,2018-10-01,1071,502
CARR,ca43f7b9-bc0c-4cd5-a930-a4c823be5bb7,Industrials,2021-12-30,253,502
COR,ca56f277-6345-49e3-889a-6a748a4f1c79,Health Care,2024-07-12,0,120
OKE,cae53d2f-e61b-4cab-ad83-fa7e593cfdc3,Energy,2018-10-01,1071,502
LIN,cbf869d9-873b-426a-bdea-37e0bc4250f9,Materials,2020-07-31,610,502
INTU,cd1347d7-8add-49bd-acd1-4ffde9a4081b,Information Technology,2018-10-01,1071,502
NDAQ,cd5c9e8e-df7c-435b-b301-c75eae954069,Financials,2018-10-01,776,502
IT,ce016848-57bf-4a5d-be20-af1ac2a199f9,Information Technology,2018-10-01,393,502
AMAT,ce4833e1-c561-492a-aace-7eb451d09e02,Information Technology,2018-10-01,1071,502
LNT,ceec46e0-7a0d-41cf-9e65-0faf0a9e92a4,Utilities,,0,0
CRM,cf80d13f-470c-4947-8593-c5e098aeba4e,Information Technology,2018-10-01,1071,502
CF,cf8836c1-434e-4ab0-aec3-eff774d90c4e,Materials,2018-10-01,660,468
CMS,cfae5876-5fd7-43ec-8daf-d583ef094a8b,Utilities,2018-10-01,810,301
CRH,d024d41e-2c7f-46f5-90e1-eee0e5de5a0f,Materials,2024-06-12,0,140
DLTR,d0d63992-2d20-4f63-aa62-30cf76fb3204,Consumer Staples,2018-10-01,1071,502
GNRC,d249df15-5475-4218-af2d-9d7b8fc31b73,Industrials,2021-03-31,443,272
SHW,d2cb3472-a97f-4434-9736-c4ca7f82a67f,Materials,2018-10-01,1071,502
TEL,d32092d6-217b-422a-ba18-518f96a57d2a,Information Technology,2018-10-01,1071,502
NTAP,d37df28f-5646-48c8-99cc-4d0c9a5ec9ff,Information Technology,2018-10-01,1071,502
IP,d40b732c-72ca-44e0-a156-28ce00086458,Materials,2018-10-01,1071,205
AVY,d45b711e-b63e-4e33-baef-65c63b8c8185,Materials,2018-10-01,184,0
ETN,d4806319-2c9c-48d6-bda3-aedb0178e83b,Industrials,2018-10-01,1071,502
DOW,d59870fe-9add-43f2-960c-b2ec4f29d8d3,Materials,2020-02-10,730,502
BKR,d5f668a3-682f-474a-84e2-d340593dd94c,Energy,2021-07-19,368,502
NTRS,d796f63d-e6e4-4d9a-a81f-6efe59152bfe,Financials,2018-10-01,517,0
VST,d88f5f2c-e621-4d4a-9817-8677af2fd066,Utilities,2019-02-07,324,145
CCL,d8917341-9b29-4fe9-a373-c8ddd6d5ae86,Consumer Discretionary,2018-10-01,1071,502
HSY,d8b2fc19-67b0-4dc4-b84e-648aeced6b96,Consumer Staples,2018-10-01,1071,502
DHI,d8cb1b90-e8bd-4c75-beb3-0b2909eb9a75,Consumer Discretionary,2018-10-01,1071,502
CPAY,d9d20f68-0a16-493e-9c0c-324ec90edb6c,Financials,,0,0
ICE,dab97681-1775-47b8-922a-d23a4e50744d,Financials,2018-10-01,1071,502
AZO,dae5e891-472a-42a9-8638-cc67023813f4,Consumer Discretionary,2018-10-01,1071,502
NKE,db00f7c3-19bb-42b6-9beb-79e92487f99e,Consumer Discretionary,2018-10-01,1071,502
RVTY,dbb3a9dd-553a-46f2-a0cf-c53116e4c85a,Health Care,,0,0
HUBB,dbed894a-1189-413b-9825-112179cd244e,Industrials,2024-03-06,0,208
MSI,dc8a1979-4f40-4e60-bc92-686687c28c43,Information Technology,2018-10-01,1071,502
CCI,dd72d233-d85d-499d-9dc4-4b407bcdb734,Real Estate,2018-10-01,1071,502
GM,de5fc535-1cdd-4a57-92ba-ac58a43aed81,Consumer Discretionary,2018-10-01,1071,502
MPWR,de7edaf4-bc7f-44fc-87d9-27b52406ccc6,Information Technology,2021-04-14,434,502
SWK,de80af50-a26c-4a70-b1cb-3b4784d7cdde,Industrials,2018-10-01,1071,295
KHC,df014db2-72a2-4686-be56-e3cdc15efb71,Consumer Staples,2018-10-01,1071,502
ISRG,e02df0be-fd3a-4762-b4c1-c274784bf756,Health Care,2018-10-01,1071,502
MCD,e077638f-a5c9-47e4-a7ce-2bfabf5ff698,Consumer Discretionary,2018-10-01,1071,502
VLTO,e1b5b393-7c48-43f3-ac78-89755fbb4552,Industrials,,0,0
COO,e2330668-4813-4c45-84d2-e3a94c3387f5,Health Care,2018-10-01,896,0
UNP,e28f2c45-0bb1-45c1-84e0-f8d1a98c4088,Industrials,2018-10-01,1071,502
GIS,e2fe0a11-d58e-4b4e-a847-e560fee24a94,Consumer Staples,2018-10-01,1071,502
JPM,e3047683-637a-4fb2-b71d-805cd6fec95d,Financials,2018-10-01,1071,502
COHR,e3e977e6-a55b-4b5f-bc0a-e2b02183d254,Information Technology,2018-10-01,44,0
KMI,e47acf22-5340-477a-a3ac-020b1ed34d12,Energy,2018-10-01,1071,502
SMCI,e4870680-5a31-43e0-a477-c47d158ac43d,Information Technology,2023-11-13,0,285
KR,e54335e7-7483-46e5-8410-2dfff00e98bb,Consumer Staples,2018-10-01,1071,502
CLX,e546b55a-77d5-4e6c-b588-0aeaa20bd2b3,Consumer Staples,2018-10-01,1071,502
ADI,e72fbd29-be6b-43c2-80c6-b6e80d5b23db,Information Technology,2018-10-01,1071,502
CAT,e7535ed9-c182-41ef-80f6-ee08f4166b6c,Industrials,2018-10-01,1071,502
PODD,e82d6760-0cbc-4838-87e3-4df6dce97721,Health Care,2020-06-16,306,329
LUV,e930cf4f-6b04-4a7e-85e6-ad1b01cd3c17,Industrials,2018-10-01,1071,502
FIS,e961359b-17b7-4d9e-a246-a6fa732a07e6,Financials,2018-10-01,1071,502
TROW,ed8a132b-6a31-4c24-859b-2415c6deea5a,Financials,2018-10-01,1071,388
MCHP,edc751a9-e628-40bd-9498-23ad7918269e,Information Technology,2018-10-01,1071,502
CDNS,ee289c17-ee75-4d48-a9ee-505156d93171,Information Technology,2018-10-01,1071,502
RMD,ee55892a-1ff0-4ede-87e4-ad5aa5998044,Health Care,2018-10-01,1071,502
LYB,ef918bdf-cce8-4282-b7f4-ac24b881f7e3,Materials,2018-10-01,1071,502
JNJ,ef9adcc6-6bce-452b-af5f-4a87e7f19131,Health Care,2018-10-01,1071,502
AOS,f07f3cff-5ef1-4892-bd34-a4155d984226,Industrials,2018-10-01,261,0
TRGP,f0f1e55c-fad1-4dcb-84d9-2d9f9e45d1f5,Energy,2018-10-01,342,481
RSG,f250c025-bde8-4113-9e27-04cd1c889037,Industrials,2018-10-01,1071,502
Q,f29e53f4-5072-4e11-82e8-8e50318031ab,Information Technology,,0,0
GOOG,f30d734c-2806-4d0d-b145-f9fade61432b,Communication,2018-10-01,1071,502
TKO,f3bbbd29-523f-4675-9c7e-fd3a0a945029,Communication,,0,0
ATO,f521def1-4e5b-4401-b97d-98b17388d151,Utilities,2019-10-08,387,0
IEX,f56cfba3-833e-4ed2-95cc-a8f8756664fa,Industrials,,0,0
BLDR,f6738e19-c8c9-43be-9709-02dfe0252603,Industrials,2022-02-28,213,502
KEY,f7623733-d5b7-4d6b-b04a-fedeed0f2e64,Financials,2018-10-01,1071,502
EQIX,f801bacd-b8a5-4478-8321-699c3c9984cb,Real Estate,2018-10-01,1071,502
AMZN,f801f835-bfe6-4a9d-a6b1-ccbb84bfd75f,Consumer Discretionary,2018-10-01,1071,502
PG,f81a406b-a53c-4ea5-ab05-6fb92bfc6bd7,Consumer Staples,2018-10-01,1071,502
FANG,f93d78b0-c2ec-4d9c-bcae-ca77ebce4844,Energy,2018-10-01,1071,502
WFC,f9700a20-b0fe-4516-87c5-9d7b096d5539,Financials,2018-10-01,1071,502
HCA,f99ee8af-9d78-4b46-9f2c-3cf6ce839ccf,Health Care,2018-10-01,1071,502
FSLR,fa06daac-c3f1-409c-bddb-d44c8293e8b3,Information Technology,2018-10-01,202,418
SNPS,fa8500c0-9022-4a74-97f9-93d41ed28dac,Information Technology,2018-10-01,1071,502
FLEX,fa85d280-d0fe-45db-972a-278dceb2f7ac,Information Technology,,0,0
PNW,faae2345-5020-4dd1-aa4f-e1ac3f6419ba,Utilities,2018-10-01,516,0
NWS,fb93dfd6-4573-4fc6-bab7-a92a9595169d,Communication,,0,0
RL,fbb8f455-52fc-4b2e-850e-ee30fe76f494,Consumer Discretionary,2018-10-01,834,1
CTVA,fc0da839-9b1d-4c5e-ac1a-148c774d1c1f,Materials,2021-03-01,465,502
ZBH,fc12f337-b4be-4805-9206-2f67ec0a0057,Health Care,2018-10-01,1071,502
META,fc6a5dcd-4a70-4b8d-b64f-d83a6dae9ba4,Communication,2023-04-20,0,428
VMC,fc9c62fa-c635-41c8-8b58-9695c01d146d,Materials,2018-10-01,1071,502
GEV,fe794b59-e78a-4544-b35b-41d3cfb38f12,Industrials,,0,0
BAX,feee4056-913c-46be-8e7e-71ee600bfe18,Health Care,2018-10-01,1071,465
