date,net_return,gross_return,transaction_cost,borrow_cost,nav,turnover,gross_exposure,net_exposure,beta_exposure,max_group_exposure,max_weight,rank_ic,risk_liquidation,capacity_proxy_nav
2020-07-28,0.0,0.0,0.0,0.0,100000.0,0.0,0.0,0.0,0.0,0.0,0.0,,False,
2020-07-29,0.0,0.0,0.0,0.0,100000.0,0.0,0.0,0.0,0.0,0.0,0.0,,False,
2020-07-30,0.0,0.0,0.0,0.0,100000.0,0.0,0.0,0.0,0.0,0.0,0.0,,False,
2020-07-31,0.0,0.0,0.0,0.0,100000.0,0.0,0.0,0.0,0.0,0.0,0.0,,False,
2020-08-03,0.0,0.0,0.0,0.0,100000.0,0.0,0.0,0.0,0.0,0.0,0.0,,False,
2020-08-04,0.0,0.0,0.0,0.0,100000.0,0.0,0.0,0.0,0.0,0.0,0.0,,False,
2020-08-05,0.0,0.0,0.0,0.0,100000.0,0.0,0.0,0.0,0.0,0.0,0.0,,False,
2020-08-06,0.0,0.0,0.0,0.0,100000.0,0.0,0.0,0.0,0.0,0.0,0.0,,False,
2020-08-07,0.0,0.0,0.0,0.0,100000.0,0.0,0.0,0.0,0.0,0.0,0.0,,False,
2020-08-10,0.0,0.0,0.0,0.0,100000.0,0.0,0.0,0.0,0.0,0.0,0.0,,False,
2020-08-11,0.0,0.0,0.0,0.0,100000.0,0.0,0.0,0.0,0.0,0.0,0.0,,False,
2020-08-12,0.0,0.0,0.0,0.0,100000.0,0.0,0.0,0.0,0.0,0.0,0.0,,False,
2020-08-13,0.0,0.0,0.0,0.0,100000.0,0.0,0.0,0.0,0.0,0.0,0.0,,False,
2020-08-14,0.0,0.0,0.0,0.0,100000.0,0.0,0.0,0.0,0.0,0.0,0.0,,False,
2020-08-17,0.0,0.0,0.0,0.0,100000.0,0.0,0.0,0.0,0.0,0.0,0.0,,False,
2020-08-18,0.0,0.0,0.0,0.0,100000.0,0.0,0.0,0.0,0.0,0.0,0.0,,False,
2020-08-19,0.0,0.0,0.0,0.0,100000.0,0.0,0.0,0.0,0.0,0.0,0.0,,False,
2020-08-20,0.0,0.0,0.0,0.0,100000.0,0.0,0.0,0.0,0.0,0.0,0.0,,False,
2020-08-21,0.0,0.0,0.0,0.0,100000.0,0.0,0.0,0.0,0.0,0.0,0.0,,False,
2020-08-24,0.0,0.0,0.0,0.0,100000.0,0.0,0.0,0.0,0.0,0.0,0.0,,False,
2020-08-25,0.0,0.0,0.0,0.0,100000.0,0.0,0.0,0.0,0.0,0.0,0.0,,False,
2020-08-26,0.0,0.0,0.0,0.0,100000.0,0.0,0.0,0.0,0.0,0.0,0.0,,False,
2020-08-27,0.0,0.0,0.0,0.0,100000.0,0.0,0.0,0.0,0.0,0.0,0.0,,False,
2020-08-28,0.0,0.0,0.0,0.0,100000.0,0.0,0.0,0.0,0.0,0.0,0.0,,False,
2020-08-31,0.0,0.0,0.0,0.0,100000.0,0.0,0.0,0.0,0.0,0.0,0.0,,False,
2020-09-01,0.0,0.0,0.0,0.0,100000.0,0.0,0.0,0.0,0.0,0.0,0.0,,False,
2020-09-02,0.0,0.0,0.0,0.0,100000.0,0.0,0.0,0.0,0.0,0.0,0.0,,False,
2020-09-03,0.0,0.0,0.0,0.0,100000.0,0.0,0.0,0.0,0.0,0.0,0.0,,False,
2020-09-04,0.0,0.0,0.0,0.0,100000.0,0.0,0.0,0.0,0.0,0.0,0.0,,False,
2020-09-08,0.0,0.0,0.0,0.0,100000.0,0.0,0.0,0.0,0.0,0.0,0.0,,False,
2020-09-09,0.0,0.0,0.0,0.0,100000.0,0.0,0.0,0.0,0.0,0.0,0.0,,False,
2020-09-10,0.0,0.0,0.0,0.0,100000.0,0.0,0.0,0.0,0.0,0.0,0.0,,False,
2020-09-11,0.0,0.0,0.0,0.0,100000.0,0.0,0.0,0.0,0.0,0.0,0.0,,False,
2020-09-14,0.0,0.0,0.0,0.0,100000.0,0.0,0.0,0.0,0.0,0.0,0.0,,False,
2020-09-15,0.0,0.0,0.0,0.0,100000.0,0.0,0.0,0.0,0.0,0.0,0.0,,False,
2020-09-16,0.0,0.0,0.0,0.0,100000.0,0.0,0.0,0.0,0.0,0.0,0.0,,False,
2020-09-17,0.0,0.0,0.0,0.0,100000.0,0.0,0.0,0.0,0.0,0.0,0.0,,False,
2020-09-18,0.0,0.0,0.0,0.0,100000.0,0.0,0.0,0.0,0.0,0.0,0.0,,False,
2020-09-21,0.0,0.0,0.0,0.0,100000.0,0.0,0.0,0.0,0.0,0.0,0.0,,False,
2020-09-22,0.0,0.0,0.0,0.0,100000.0,0.0,0.0,0.0,0.0,0.0,0.0,,False,
2020-09-23,0.0,0.0,0.0,0.0,100000.0,0.0,0.0,0.0,0.0,0.0,0.0,,False,
2020-09-24,0.0,0.0,0.0,0.0,100000.0,0.0,0.0,0.0,0.0,0.0,0.0,,False,
2020-09-25,0.0,0.0,0.0,0.0,100000.0,0.0,0.0,0.0,0.0,0.0,0.0,,False,
2020-09-28,0.0,0.0,0.0,0.0,100000.0,0.0,0.0,0.0,0.0,0.0,0.0,,False,
2020-09-29,0.0,0.0,0.0,0.0,100000.0,0.0,0.0,0.0,0.0,0.0,0.0,,False,
2020-09-30,0.0,0.0,0.0,0.0,100000.0,0.0,0.0,0.0,0.0,0.0,0.0,,False,
2020-10-01,0.0,0.0,0.0,0.0,100000.0,0.0,0.0,0.0,0.0,0.0,0.0,,False,
2020-10-02,0.0,0.0,0.0,0.0,100000.0,0.0,0.0,0.0,0.0,0.0,0.0,,False,
2020-10-05,0.0,0.0,0.0,0.0,100000.0,0.0,0.0,0.0,0.0,0.0,0.0,,False,
2020-10-06,0.0,0.0,0.0,0.0,100000.0,0.0,0.0,0.0,0.0,0.0,0.0,,False,
2020-10-07,0.0,0.0,0.0,0.0,100000.0,0.0,0.0,0.0,0.0,0.0,0.0,,False,
2020-10-08,0.0,0.0,0.0,0.0,100000.0,0.0,0.0,0.0,0.0,0.0,0.0,,False,
2020-10-09,0.0,0.0,0.0,0.0,100000.0,0.0,0.0,0.0,0.0,0.0,0.0,,False,
2020-10-12,0.0,0.0,0.0,0.0,100000.0,0.0,0.0,0.0,0.0,0.0,0.0,,False,
2020-10-13,0.0,0.0,0.0,0.0,100000.0,0.0,0.0,0.0,0.0,0.0,0.0,,False,
2020-10-14,0.0,0.0,0.0,0.0,100000.0,0.0,0.0,0.0,0.0,0.0,0.0,,False,
2020-10-15,0.0,0.0,0.0,0.0,100000.0,0.0,0.0,0.0,0.0,0.0,0.0,,False,
2020-10-16,0.0,0.0,0.0,0.0,100000.0,0.0,0.0,0.0,0.0,0.0,0.0,,False,
2020-10-19,0.0,0.0,0.0,0.0,100000.0,0.0,0.0,0.0,0.0,0.0,0.0,,False,
2020-10-20,0.0,0.0,0.0,0.0,100000.0,0.0,0.0,0.0,0.0,0.0,0.0,,False,
2020-10-21,0.0,0.0,0.0,0.0,100000.0,0.0,0.0,0.0,0.0,0.0,0.0,,False,
2020-10-22,0.0,0.0,0.0,0.0,100000.0,0.0,0.0,0.0,0.0,0.0,0.0,,False,
2020-10-23,0.0,0.0,0.0,0.0,100000.0,0.0,0.0,0.0,0.0,0.0,0.0,,False,
2020-10-26,0.0,0.0,0.0,0.0,100000.0,0.0,0.0,0.0,0.0,0.0,0.0,,False,
2020-10-27,0.0,0.0,0.0,0.0,100000.0,0.0,0.0,0.0,0.0,0.0,0.0,,False,
2020-10-28,0.0,0.0,0.0,0.0,100000.0,0.0,0.0,0.0,0.0,0.0,0.0,,False,
2020-10-29,0.0,0.0,0.0,0.0,100000.0,0.0,0.0,0.0,0.0,0.0,0.0,,False,
2020-10-30,0.0,0.0,0.0,0.0,100000.0,0.0,0.0,0.0,0.0,0.0,0.0,,False,
2020-11-02,0.0,0.0,0.0,0.0,100000.0,0.0,0.0,0.0,0.0,0.0,0.0,,False,
2020-11-03,0.0,0.0,0.0,0.0,100000.0,0.0,0.0,0.0,0.0,0.0,0.0,,False,
2020-11-04,0.0,0.0,0.0,0.0,100000.0,0.0,0.0,0.0,0.0,0.0,0.0,,False,
2020-11-05,0.0,0.0,0.0,0.0,100000.0,0.0,0.0,0.0,0.0,0.0,0.0,,False,
2020-11-06,0.0,0.0,0.0,0.0,100000.0,0.0,0.0,0.0,0.0,0.0,0.0,,False,
2020-11-09,0.0,0.0,0.0,0.0,100000.0,0.0,0.0,0.0,0.0,0.0,0.0,,False,
2020-11-10,0.0,0.0,0.0,0.0,100000.0,0.0,0.0,0.0,0.0,0.0,0.0,,False,
2020-11-11,0.0,0.0,0.0,0.0,100000.0,0.0,0.0,0.0,0.0,0.0,0.0,,False,
2020-11-12,0.0,0.0,0.0,0.0,100000.0,0.0,0.0,0.0,0.0,0.0,0.0,,False,
2020-11-13,0.0,0.0,0.0,0.0,100000.0,0.0,0.0,0.0,0.0,0.0,0.0,,False,
2020-11-16,0.0,0.0,0.0,0.0,100000.0,0.0,0.0,0.0,0.0,0.0,0.0,,False,
2020-11-17,0.0,0.0,0.0,0.0,100000.0,0.0,0.0,0.0,0.0,0.0,0.0,,False,
2020-11-18,0.0,0.0,0.0,0.0,100000.0,0.0,0.0,0.0,0.0,0.0,0.0,,False,
2020-11-19,0.0,0.0,0.0,0.0,100000.0,0.0,0.0,0.0,0.0,0.0,0.0,,False,
2020-11-20,0.0,0.0,0.0,0.0,100000.0,0.0,0.0,0.0,0.0,0.0,0.0,,False,
2020-11-23,0.0,0.0,0.0,0.0,100000.0,0.0,0.0,0.0,0.0,0.0,0.0,,False,
2020-11-24,0.0,0.0,0.0,0.0,100000.0,0.0,0.0,0.0,0.0,0.0,0.0,,False,
2020-11-25,0.0,0.0,0.0,0.0,100000.0,0.0,0.0,0.0,0.0,0.0,0.0,,False,
2020-11-27,0.0,0.0,0.0,0.0,100000.0,0.0,0.0,0.0,0.0,0.0,0.0,,False,
2020-11-30,0.0,0.0,0.0,0.0,100000.0,0.0,0.0,0.0,0.0,0.0,0.0,,False,
2020-12-01,0.0,0.0,0.0,0.0,100000.0,0.0,0.0,0.0,0.0,0.0,0.0,,False,
2020-12-02,0.0,0.0,0.0,0.0,100000.0,0.0,0.0,0.0,0.0,0.0,0.0,,False,
2020-12-03,0.0,0.0,0.0,0.0,100000.0,0.0,0.0,0.0,0.0,0.0,0.0,,False,
2020-12-04,0.0,0.0,0.0,0.0,100000.0,0.0,0.0,0.0,0.0,0.0,0.0,,False,
2020-12-07,0.0,0.0,0.0,0.0,100000.0,0.0,0.0,0.0,0.0,0.0,0.0,,False,
2020-12-08,0.0,0.0,0.0,0.0,100000.0,0.0,0.0,0.0,0.0,0.0,0.0,,False,
2020-12-09,0.0,0.0,0.0,0.0,100000.0,0.0,0.0,0.0,0.0,0.0,0.0,,False,
2020-12-10,0.0,0.0,0.0,0.0,100000.0,0.0,0.0,0.0,0.0,0.0,0.0,,False,
2020-12-11,0.0,0.0,0.0,0.0,100000.0,0.0,0.0,0.0,0.0,0.0,0.0,,False,
2020-12-14,0.0,0.0,0.0,0.0,100000.0,0.0,0.0,0.0,0.0,0.0,0.0,,False,
2020-12-15,0.0,0.0,0.0,0.0,100000.0,0.0,0.0,0.0,0.0,0.0,0.0,,False,
2020-12-16,0.0,0.0,0.0,0.0,100000.0,0.0,0.0,0.0,0.0,0.0,0.0,,False,
2020-12-17,0.0,0.0,0.0,0.0,100000.0,0.0,0.0,0.0,0.0,0.0,0.0,,False,
2020-12-18,0.0,0.0,0.0,0.0,100000.0,0.0,0.0,0.0,0.0,0.0,0.0,,False,
2020-12-21,0.0,0.0,0.0,0.0,100000.0,0.0,0.0,0.0,0.0,0.0,0.0,,False,
2020-12-22,0.0,0.0,0.0,0.0,100000.0,0.0,0.0,0.0,0.0,0.0,0.0,,False,
2020-12-23,0.0,0.0,0.0,0.0,100000.0,0.0,0.0,0.0,0.0,0.0,0.0,,False,
2020-12-24,0.0,0.0,0.0,0.0,100000.0,0.0,0.0,0.0,0.0,0.0,0.0,,False,
2020-12-28,0.0,0.0,0.0,0.0,100000.0,0.0,0.0,0.0,0.0,0.0,0.0,,False,
2020-12-29,0.0,0.0,0.0,0.0,100000.0,0.0,0.0,0.0,0.0,0.0,0.0,,False,
2020-12-30,0.0,0.0,0.0,0.0,100000.0,0.0,0.0,0.0,0.0,0.0,0.0,,False,
2020-12-31,0.0,0.0,0.0,0.0,100000.0,0.0,0.0,0.0,0.0,0.0,0.0,,False,
2021-01-04,0.0,0.0,0.0,0.0,100000.0,0.0,0.0,0.0,0.0,0.0,0.0,,False,
2021-01-05,0.0,0.0,0.0,0.0,100000.0,0.0,0.0,0.0,0.0,0.0,0.0,,False,
2021-01-06,0.0,0.0,0.0,0.0,100000.0,0.0,0.0,0.0,0.0,0.0,0.0,,False,
2021-01-07,0.0,0.0,0.0,0.0,100000.0,0.0,0.0,0.0,0.0,0.0,0.0,,False,
2021-01-08,0.0,0.0,0.0,0.0,100000.0,0.0,0.0,0.0,0.0,0.0,0.0,,False,
2021-01-11,0.0,0.0,0.0,0.0,100000.0,0.0,0.0,0.0,0.0,0.0,0.0,,False,
2021-01-12,0.0,0.0,0.0,0.0,100000.0,0.0,0.0,0.0,0.0,0.0,0.0,,False,
2021-01-13,0.0,0.0,0.0,0.0,100000.0,0.0,0.0,0.0,0.0,0.0,0.0,,False,
2021-01-14,0.0,0.0,0.0,0.0,100000.0,0.0,0.0,0.0,0.0,0.0,0.0,,False,
2021-01-15,0.0,0.0,0.0,0.0,100000.0,0.0,0.0,0.0,0.0,0.0,0.0,,False,
2021-01-19,0.0,0.0,0.0,0.0,100000.0,0.0,0.0,0.0,0.0,0.0,0.0,,False,
2021-01-20,0.0,0.0,0.0,0.0,100000.0,0.0,0.0,0.0,0.0,0.0,0.0,,False,
2021-01-21,0.0,0.0,0.0,0.0,100000.0,0.0,0.0,0.0,0.0,0.0,0.0,,False,
2021-01-22,0.0,0.0,0.0,0.0,100000.0,0.0,0.0,0.0,0.0,0.0,0.0,,False,
2021-01-25,0.0,0.0,0.0,0.0,100000.0,0.0,0.0,0.0,0.0,0.0,0.0,,False,
2021-01-26,0.0,0.0,0.0,0.0,100000.0,0.0,0.0,0.0,0.0,0.0,0.0,,False,
2021-01-27,0.0,0.0,0.0,0.0,100000.0,0.0,0.0,0.0,0.0,0.0,0.0,,False,
2021-01-28,0.0,0.0,0.0,0.0,100000.0,0.0,0.0,0.0,0.0,0.0,0.0,,False,
2021-01-29,0.0,0.0,0.0,0.0,100000.0,0.0,0.0,0.0,0.0,0.0,0.0,,False,
2021-02-01,0.0,0.0,0.0,0.0,100000.0,0.0,0.0,0.0,0.0,0.0,0.0,,False,
2021-02-02,0.0,0.0,0.0,0.0,100000.0,0.0,0.0,0.0,0.0,0.0,0.0,,False,
2021-02-03,0.0,0.0,0.0,0.0,100000.0,0.0,0.0,0.0,0.0,0.0,0.0,,False,
2021-02-04,0.0,0.0,0.0,0.0,100000.0,0.0,0.0,0.0,0.0,0.0,0.0,,False,
2021-02-05,0.0,0.0,0.0,0.0,100000.0,0.0,0.0,0.0,0.0,0.0,0.0,,False,
2021-02-08,0.0,0.0,0.0,0.0,100000.0,0.0,0.0,0.0,0.0,0.0,0.0,,False,
2021-02-09,0.0,0.0,0.0,0.0,100000.0,0.0,0.0,0.0,0.0,0.0,0.0,,False,
2021-02-10,0.0,0.0,0.0,0.0,100000.0,0.0,0.0,0.0,0.0,0.0,0.0,,False,
2021-02-11,0.0,0.0,0.0,0.0,100000.0,0.0,0.0,0.0,0.0,0.0,0.0,,False,
2021-02-12,0.0,0.0,0.0,0.0,100000.0,0.0,0.0,0.0,0.0,0.0,0.0,,False,
2021-02-16,0.0,0.0,0.0,0.0,100000.0,0.0,0.0,0.0,0.0,0.0,0.0,,False,
2021-02-17,0.0,0.0,0.0,0.0,100000.0,0.0,0.0,0.0,0.0,0.0,0.0,,False,
2021-02-18,0.0,0.0,0.0,0.0,100000.0,0.0,0.0,0.0,0.0,0.0,0.0,,False,
2021-02-19,0.0,0.0,0.0,0.0,100000.0,0.0,0.0,0.0,0.0,0.0,0.0,,False,
2021-02-22,0.0,0.0,0.0,0.0,100000.0,0.0,0.0,0.0,0.0,0.0,0.0,,False,
2021-02-23,0.0,0.0,0.0,0.0,100000.0,0.0,0.0,0.0,0.0,0.0,0.0,,False,
2021-02-24,0.0,0.0,0.0,0.0,100000.0,0.0,0.0,0.0,0.0,0.0,0.0,,False,
2021-02-25,0.0,0.0,0.0,0.0,100000.0,0.0,0.0,0.0,0.0,0.0,0.0,,False,
2021-02-26,0.0,0.0,0.0,0.0,100000.0,0.0,0.0,0.0,0.0,0.0,0.0,,False,
2021-03-01,0.0,0.0,0.0,0.0,100000.0,0.0,0.0,0.0,0.0,0.0,0.0,,False,
2021-03-02,0.0,0.0,0.0,0.0,100000.0,0.0,0.0,0.0,0.0,0.0,0.0,,False,
2021-03-03,0.0,0.0,0.0,0.0,100000.0,0.0,0.0,0.0,0.0,0.0,0.0,,False,
2021-03-04,0.0,0.0,0.0,0.0,100000.0,0.0,0.0,0.0,0.0,0.0,0.0,,False,
2021-03-05,0.0,0.0,0.0,0.0,100000.0,0.0,0.0,0.0,0.0,0.0,0.0,,False,
2021-03-08,0.0,0.0,0.0,0.0,100000.0,0.0,0.0,0.0,0.0,0.0,0.0,,False,
2021-03-09,0.0,0.0,0.0,0.0,100000.0,0.0,0.0,0.0,0.0,0.0,0.0,,False,
2021-03-10,0.0,0.0,0.0,0.0,100000.0,0.0,0.0,0.0,0.0,0.0,0.0,,False,
2021-03-11,0.0,0.0,0.0,0.0,100000.0,0.0,0.0,0.0,0.0,0.0,0.0,,False,
2021-03-12,0.0,0.0,0.0,0.0,100000.0,0.0,0.0,0.0,0.0,0.0,0.0,,False,
2021-03-15,0.0,0.0,0.0,0.0,100000.0,0.0,0.0,0.0,0.0,0.0,0.0,,False,
2021-03-16,0.0,0.0,0.0,0.0,100000.0,0.0,0.0,0.0,0.0,0.0,0.0,,False,
2021-03-17,0.0,0.0,0.0,0.0,100000.0,0.0,0.0,0.0,0.0,0.0,0.0,,False,
2021-03-18,0.0,0.0,0.0,0.0,100000.0,0.0,0.0,0.0,0.0,0.0,0.0,,False,
2021-03-19,0.0,0.0,0.0,0.0,100000.0,0.0,0.0,0.0,0.0,0.0,0.0,,False,
2021-03-22,0.0,0.0,0.0,0.0,100000.0,0.0,0.0,0.0,0.0,0.0,0.0,,False,
2021-03-23,0.0,0.0,0.0,0.0,100000.0,0.0,0.0,0.0,0.0,0.0,0.0,,False,
2021-03-24,0.0,0.0,0.0,0.0,100000.0,0.0,0.0,0.0,0.0,0.0,0.0,,False,
2021-03-25,0.0,0.0,0.0,0.0,100000.0,0.0,0.0,0.0,0.0,0.0,0.0,,False,
2021-03-26,0.0,0.0,0.0,0.0,100000.0,0.0,0.0,0.0,0.0,0.0,0.0,,False,
2021-03-29,0.0,0.0,0.0,0.0,100000.0,0.0,0.0,0.0,0.0,0.0,0.0,,False,
2021-03-30,0.0,0.0,0.0,0.0,100000.0,0.0,0.0,0.0,0.0,0.0,0.0,,False,
2021-03-31,0.0,0.0,0.0,0.0,100000.0,0.0,0.0,0.0,0.0,0.0,0.0,,False,
2021-04-01,0.0,0.0,0.0,0.0,100000.0,0.0,0.0,0.0,0.0,0.0,0.0,,False,
2021-04-05,0.0,0.0,0.0,0.0,100000.0,0.0,0.0,0.0,0.0,0.0,0.0,,False,
2021-04-06,0.0,0.0,0.0,0.0,100000.0,0.0,0.0,0.0,0.0,0.0,0.0,,False,
2021-04-07,0.0,0.0,0.0,0.0,100000.0,0.0,0.0,0.0,0.0,0.0,0.0,,False,
2021-04-08,0.0,0.0,0.0,0.0,100000.0,0.0,0.0,0.0,0.0,0.0,0.0,,False,
2021-04-09,0.0,0.0,0.0,0.0,100000.0,0.0,0.0,0.0,0.0,0.0,0.0,,False,
2021-04-12,0.0,0.0,0.0,0.0,100000.0,0.0,0.0,0.0,0.0,0.0,0.0,,False,
2021-04-13,0.0,0.0,0.0,0.0,100000.0,0.0,0.0,0.0,0.0,0.0,0.0,,False,
2021-04-14,0.0,0.0,0.0,0.0,100000.0,0.0,0.0,0.0,0.0,0.0,0.0,,False,
2021-04-15,0.0,0.0,0.0,0.0,100000.0,0.0,0.0,0.0,0.0,0.0,0.0,,False,
2021-04-16,0.0,0.0,0.0,0.0,100000.0,0.0,0.0,0.0,0.0,0.0,0.0,,False,
2021-04-19,0.0,0.0,0.0,0.0,100000.0,0.0,0.0,0.0,0.0,0.0,0.0,,False,
2021-04-20,0.0,0.0,0.0,0.0,100000.0,0.0,0.0,0.0,0.0,0.0,0.0,,False,
2021-04-21,0.0,0.0,0.0,0.0,100000.0,0.0,0.0,0.0,0.0,0.0,0.0,,False,
2021-04-22,0.0,0.0,0.0,0.0,100000.0,0.0,0.0,0.0,0.0,0.0,0.0,,False,
2021-04-23,0.0,0.0,0.0,0.0,100000.0,0.0,0.0,0.0,0.0,0.0,0.0,,False,
2021-04-26,0.0,0.0,0.0,0.0,100000.0,0.0,0.0,0.0,0.0,0.0,0.0,,False,
2021-04-27,0.0,0.0,0.0,0.0,100000.0,0.0,0.0,0.0,0.0,0.0,0.0,,False,
2021-04-28,0.0,0.0,0.0,0.0,100000.0,0.0,0.0,0.0,0.0,0.0,0.0,,False,
2021-04-29,0.0,0.0,0.0,0.0,100000.0,0.0,0.0,0.0,0.0,0.0,0.0,,False,
2021-04-30,0.0,0.0,0.0,0.0,100000.0,0.0,0.0,0.0,0.0,0.0,0.0,,False,
2021-05-03,0.0,0.0,0.0,0.0,100000.0,0.0,0.0,0.0,0.0,0.0,0.0,,False,
2021-05-04,0.0,0.0,0.0,0.0,100000.0,0.0,0.0,0.0,0.0,0.0,0.0,,False,
2021-05-05,0.0,0.0,0.0,0.0,100000.0,0.0,0.0,0.0,0.0,0.0,0.0,,False,
2021-05-06,0.0,0.0,0.0,0.0,100000.0,0.0,0.0,0.0,0.0,0.0,0.0,,False,
2021-05-07,0.0,0.0,0.0,0.0,100000.0,0.0,0.0,0.0,0.0,0.0,0.0,,False,
2021-05-10,0.0,0.0,0.0,0.0,100000.0,0.0,0.0,0.0,0.0,0.0,0.0,,False,
2021-05-11,0.0,0.0,0.0,0.0,100000.0,0.0,0.0,0.0,0.0,0.0,0.0,,False,
2021-05-12,0.0,0.0,0.0,0.0,100000.0,0.0,0.0,0.0,0.0,0.0,0.0,,False,
2021-05-13,0.0,0.0,0.0,0.0,100000.0,0.0,0.0,0.0,0.0,0.0,0.0,,False,
2021-05-14,0.0,0.0,0.0,0.0,100000.0,0.0,0.0,0.0,0.0,0.0,0.0,,False,
2021-05-17,0.0,0.0,0.0,0.0,100000.0,0.0,0.0,0.0,0.0,0.0,0.0,,False,
2021-05-18,0.0,0.0,0.0,0.0,100000.0,0.0,0.0,0.0,0.0,0.0,0.0,,False,
2021-05-19,0.0,0.0,0.0,0.0,100000.0,0.0,0.0,0.0,0.0,0.0,0.0,,False,
2021-05-20,0.0,0.0,0.0,0.0,100000.0,0.0,0.0,0.0,0.0,0.0,0.0,,False,
2021-05-21,0.0,0.0,0.0,0.0,100000.0,0.0,0.0,0.0,0.0,0.0,0.0,,False,
2021-05-24,0.0,0.0,0.0,0.0,100000.0,0.0,0.0,0.0,0.0,0.0,0.0,,False,
2021-05-25,0.0,0.0,0.0,0.0,100000.0,0.0,0.0,0.0,0.0,0.0,0.0,,False,
2021-05-26,0.0,0.0,0.0,0.0,100000.0,0.0,0.0,0.0,0.0,0.0,0.0,,False,
2021-05-27,0.0,0.0,0.0,0.0,100000.0,0.0,0.0,0.0,0.0,0.0,0.0,,False,
2021-05-28,0.0,0.0,0.0,0.0,100000.0,0.0,0.0,0.0,0.0,0.0,0.0,,False,
2021-06-01,0.0,0.0,0.0,0.0,100000.0,0.0,0.0,0.0,0.0,0.0,0.0,,False,
2021-06-02,0.0,0.0,0.0,0.0,100000.0,0.0,0.0,0.0,0.0,0.0,0.0,,False,
2021-06-03,0.0,0.0,0.0,0.0,100000.0,0.0,0.0,0.0,0.0,0.0,0.0,,False,
2021-06-04,0.0,0.0,0.0,0.0,100000.0,0.0,0.0,0.0,0.0,0.0,0.0,,False,
2021-06-07,0.0,0.0,0.0,0.0,100000.0,0.0,0.0,0.0,0.0,0.0,0.0,,False,
2021-06-08,0.0,0.0,0.0,0.0,100000.0,0.0,0.0,0.0,0.0,0.0,0.0,,False,
2021-06-09,0.0,0.0,0.0,0.0,100000.0,0.0,0.0,0.0,0.0,0.0,0.0,,False,
2021-06-10,0.0,0.0,0.0,0.0,100000.0,0.0,0.0,0.0,0.0,0.0,0.0,,False,
2021-06-11,0.0,0.0,0.0,0.0,100000.0,0.0,0.0,0.0,0.0,0.0,0.0,,False,
2021-06-14,0.0,0.0,0.0,0.0,100000.0,0.0,0.0,0.0,0.0,0.0,0.0,,False,
2021-06-15,0.0,0.0,0.0,0.0,100000.0,0.0,0.0,0.0,0.0,0.0,0.0,,False,
2021-06-16,0.0,0.0,0.0,0.0,100000.0,0.0,0.0,0.0,0.0,0.0,0.0,,False,
2021-06-17,0.0,0.0,0.0,0.0,100000.0,0.0,0.0,0.0,0.0,0.0,0.0,,False,
2021-06-18,0.0,0.0,0.0,0.0,100000.0,0.0,0.0,0.0,0.0,0.0,0.0,,False,
2021-06-21,0.0,0.0,0.0,0.0,100000.0,0.0,0.0,0.0,0.0,0.0,0.0,,False,
2021-06-22,0.0,0.0,0.0,0.0,100000.0,0.0,0.0,0.0,0.0,0.0,0.0,,False,
2021-06-23,0.0,0.0,0.0,0.0,100000.0,0.0,0.0,0.0,0.0,0.0,0.0,,False,
2021-06-24,0.0,0.0,0.0,0.0,100000.0,0.0,0.0,0.0,0.0,0.0,0.0,,False,
2021-06-25,0.0,0.0,0.0,0.0,100000.0,0.0,0.0,0.0,0.0,0.0,0.0,,False,
2021-06-28,0.0,0.0,0.0,0.0,100000.0,0.0,0.0,0.0,0.0,0.0,0.0,,False,
2021-06-29,0.0,0.0,0.0,0.0,100000.0,0.0,0.0,0.0,0.0,0.0,0.0,,False,
2021-06-30,0.0,0.0,0.0,0.0,100000.0,0.0,0.0,0.0,0.0,0.0,0.0,,False,
2021-07-01,0.0,0.0,0.0,0.0,100000.0,0.0,0.0,0.0,0.0,0.0,0.0,,False,
2021-07-02,0.0,0.0,0.0,0.0,100000.0,0.0,0.0,0.0,0.0,0.0,0.0,,False,
2021-07-06,0.0,0.0,0.0,0.0,100000.0,0.0,0.0,0.0,0.0,0.0,0.0,,False,
2021-07-07,0.0,0.0,0.0,0.0,100000.0,0.0,0.0,0.0,0.0,0.0,0.0,,False,
2021-07-08,0.0,0.0,0.0,0.0,100000.0,0.0,0.0,0.0,0.0,0.0,0.0,,False,
2021-07-09,0.0,0.0,0.0,0.0,100000.0,0.0,0.0,0.0,0.0,0.0,0.0,,False,
2021-07-12,0.0,0.0,0.0,0.0,100000.0,0.0,0.0,0.0,0.0,0.0,0.0,,False,
2021-07-13,0.0,0.0,0.0,0.0,100000.0,0.0,0.0,0.0,0.0,0.0,0.0,,False,
2021-07-14,0.0,0.0,0.0,0.0,100000.0,0.0,0.0,0.0,0.0,0.0,0.0,,False,
2021-07-15,0.0,0.0,0.0,0.0,100000.0,0.0,0.0,0.0,0.0,0.0,0.0,,False,
2021-07-16,0.0,0.0,0.0,0.0,100000.0,0.0,0.0,0.0,0.0,0.0,0.0,,False,
2021-07-19,0.0,0.0,0.0,0.0,100000.0,0.0,0.0,0.0,0.0,0.0,0.0,,False,
2021-07-20,0.0,0.0,0.0,0.0,100000.0,0.0,0.0,0.0,0.0,0.0,0.0,,False,
2021-07-21,0.0,0.0,0.0,0.0,100000.0,0.0,0.0,0.0,0.0,0.0,0.0,,False,
2021-07-22,0.0,0.0,0.0,0.0,100000.0,0.0,0.0,0.0,0.0,0.0,0.0,,False,
2021-07-23,0.0,0.0,0.0,0.0,100000.0,0.0,0.0,0.0,0.0,0.0,0.0,,False,
2021-07-26,0.0,0.0,0.0,0.0,100000.0,0.0,0.0,0.0,0.0,0.0,0.0,,False,
2021-07-27,0.0,0.0,0.0,0.0,100000.0,0.0,0.0,0.0,0.0,0.0,0.0,,False,
2021-07-28,0.0,0.0,0.0,0.0,100000.0,0.0,0.0,0.0,0.0,0.0,0.0,,False,
2021-07-29,0.0,0.0,0.0,0.0,100000.0,0.0,0.0,0.0,0.0,0.0,0.0,,False,
2021-07-30,0.0,0.0,0.0,0.0,100000.0,0.0,0.0,0.0,0.0,0.0,0.0,,False,
2021-08-02,0.0,0.0,0.0,0.0,100000.0,0.0,0.0,0.0,0.0,0.0,0.0,0.07692307692307693,False,
2021-08-03,0.0,0.0,0.0,0.0,100000.0,0.0,0.0,0.0,0.0,0.0,0.0,-0.15384615384615385,False,
2021-08-04,0.0,0.0,0.0,0.0,100000.0,0.0,0.0,0.0,0.0,0.0,0.0,0.15384615384615385,False,
2021-08-05,0.0,0.0,0.0,0.0,100000.0,0.0,0.0,0.0,0.0,0.0,0.0,-0.18881118881118883,False,
2021-08-06,0.0,0.0,0.0,0.0,100000.0,0.0,0.0,0.0,0.0,0.0,0.0,0.013986013986013986,False,
2021-08-09,0.0,0.0,0.0,0.0,100000.0,0.0,0.0,0.0,0.0,0.0,0.0,-0.027972027972027972,False,
2021-08-10,0.0,0.0,0.0,0.0,100000.0,0.0,0.0,0.0,0.0,0.0,0.0,-0.1398601398601399,False,
2021-08-11,0.0,0.0,0.0,0.0,100000.0,0.0,0.0,0.0,0.0,0.0,0.0,-0.4825174825174825,False,
2021-08-12,0.0,0.0,0.0,0.0,100000.0,0.0,0.0,0.0,0.0,0.0,0.0,-0.1188811188811189,False,
2021-08-13,0.0,0.0,0.0,0.0,100000.0,0.0,0.0,0.0,0.0,0.0,0.0,-0.11188811188811189,False,
2021-08-16,0.0,0.0,0.0,0.0,100000.0,0.0,0.0,0.0,0.0,0.0,0.0,-0.07692307692307693,False,
2021-08-17,0.0,0.0,0.0,0.0,100000.0,0.0,0.0,0.0,0.0,0.0,0.0,0.4895104895104896,False,
2021-08-18,0.0,0.0,0.0,0.0,100000.0,0.0,0.0,0.0,0.0,0.0,0.0,-0.2517482517482518,False,
2021-08-19,0.0,0.0,0.0,0.0,100000.0,0.0,0.0,0.0,0.0,0.0,0.0,0.44755244755244755,False,
2021-08-20,0.0,0.0,0.0,0.0,100000.0,0.0,0.0,0.0,0.0,0.0,0.0,-0.07692307692307693,False,
2021-08-23,0.0,0.0,0.0,0.0,100000.0,0.0,0.0,0.0,0.0,0.0,0.0,-0.3916083916083916,False,
2021-08-24,0.0,0.0,0.0,0.0,100000.0,0.0,0.0,0.0,0.0,0.0,0.0,-0.14685314685314685,False,
2021-08-25,0.0,0.0,0.0,0.0,100000.0,0.0,0.0,0.0,0.0,0.0,0.0,0.0,False,
2021-08-26,0.0,0.0,0.0,0.0,100000.0,0.0,0.0,0.0,0.0,0.0,0.0,0.04195804195804196,False,
2021-08-27,0.0,0.0,0.0,0.0,100000.0,0.0,0.0,0.0,0.0,0.0,0.0,0.5454545454545455,False,
2021-08-30,0.0,0.0,0.0,0.0,100000.0,0.0,0.0,0.0,0.0,0.0,0.0,-0.15384615384615385,False,
2021-08-31,0.0,0.0,0.0,0.0,100000.0,0.0,0.0,0.0,0.0,0.0,0.0,-0.5314685314685316,False,
2021-09-01,0.0,0.0,0.0,0.0,100000.0,0.0,0.0,0.0,0.0,0.0,0.0,0.4685314685314686,False,
2021-09-02,0.0,0.0,0.0,0.0,100000.0,0.0,0.0,0.0,0.0,0.0,0.0,-0.3076923076923077,False,
2021-09-03,0.0,0.0,0.0,0.0,100000.0,0.0,0.0,0.0,0.0,0.0,0.0,0.18181818181818185,False,
2021-09-07,0.0,0.0,0.0,0.0,100000.0,0.0,0.0,0.0,0.0,0.0,0.0,-0.6223776223776225,False,
2021-09-08,0.0,0.0,0.0,0.0,100000.0,0.0,0.0,0.0,0.0,0.0,0.0,-0.17482517482517487,False,
2021-09-09,0.0,0.0,0.0,0.0,100000.0,0.0,0.0,0.0,0.0,0.0,0.0,0.22377622377622378,False,
2021-09-10,0.0,0.0,0.0,0.0,100000.0,0.0,0.0,0.0,0.0,0.0,0.0,0.32867132867132864,False,
2021-09-13,0.0,0.0,0.0,0.0,100000.0,0.0,0.0,0.0,0.0,0.0,0.0,0.1188811188811189,False,
2021-09-14,0.0,0.0,0.0,0.0,100000.0,0.0,0.0,0.0,0.0,0.0,0.0,-0.44055944055944063,False,
2021-09-15,0.0,0.0,0.0,0.0,100000.0,0.0,0.0,0.0,0.0,0.0,0.0,-0.013986013986013986,False,
2021-09-16,0.0,0.0,0.0,0.0,100000.0,0.0,0.0,0.0,0.0,0.0,0.0,0.4055944055944056,False,
2021-09-17,0.0,0.0,0.0,0.0,100000.0,0.0,0.0,0.0,0.0,0.0,0.0,-0.3846153846153847,False,
2021-09-20,0.0,0.0,0.0,0.0,100000.0,0.0,0.0,0.0,0.0,0.0,0.0,-0.3846153846153847,False,
2021-09-21,0.0,0.0,0.0,0.0,100000.0,0.0,0.0,0.0,0.0,0.0,0.0,-0.37762237762237766,False,
2021-09-22,0.0,0.0,0.0,0.0,100000.0,0.0,0.0,0.0,0.0,0.0,0.0,0.16083916083916086,False,
2021-09-23,0.0,0.0,0.0,0.0,100000.0,0.0,0.0,0.0,0.0,0.0,0.0,-0.16083916083916086,False,
2021-09-24,0.0,0.0,0.0,0.0,100000.0,0.0,0.0,0.0,0.0,0.0,0.0,-0.04195804195804196,False,
2021-09-27,0.0,0.0,0.0,0.0,100000.0,0.0,0.0,0.0,0.0,0.0,0.0,0.46153846153846156,False,
2021-09-28,0.0,0.0,0.0,0.0,100000.0,0.0,0.0,0.0,0.0,0.0,0.0,0.3636363636363637,False,
2021-09-29,0.0,0.0,0.0,0.0,100000.0,0.0,0.0,0.0,0.0,0.0,0.0,-0.06993006993006995,False,
2021-09-30,0.0,0.0,0.0,0.0,100000.0,0.0,0.0,0.0,0.0,0.0,0.0,-0.006993006993006993,False,
2021-10-01,0.0,0.0,0.0,0.0,100000.0,0.0,0.0,0.0,0.0,0.0,0.0,0.18881118881118883,False,
2021-10-04,0.0,0.0,0.0,0.0,100000.0,0.0,0.0,0.0,0.0,0.0,0.0,0.16783216783216784,False,
2021-10-05,0.0,0.0,0.0,0.0,100000.0,0.0,0.0,0.0,0.0,0.0,0.0,-0.2937062937062937,False,
2021-10-06,0.0,0.0,0.0,0.0,100000.0,0.0,0.0,0.0,0.0,0.0,0.0,-0.27272727272727276,False,
2021-10-07,0.0,0.0,0.0,0.0,100000.0,0.0,0.0,0.0,0.0,0.0,0.0,-0.17482517482517487,False,
2021-10-08,0.0,0.0,0.0,0.0,100000.0,0.0,0.0,0.0,0.0,0.0,0.0,-0.18881118881118883,False,
2021-10-11,0.0,0.0,0.0,0.0,100000.0,0.0,0.0,0.0,0.0,0.0,0.0,0.23076923076923078,False,
2021-10-12,0.0,0.0,0.0,0.0,100000.0,0.0,0.0,0.0,0.0,0.0,0.0,-0.06293706293706294,False,
2021-10-13,0.0,0.0,0.0,0.0,100000.0,0.0,0.0,0.0,0.0,0.0,0.0,0.7412587412587414,False,
2021-10-14,0.0,0.0,0.0,0.0,100000.0,0.0,0.0,0.0,0.0,0.0,0.0,0.2447552447552448,False,
2021-10-15,0.0,0.0,0.0,0.0,100000.0,0.0,0.0,0.0,0.0,0.0,0.0,-0.30069930069930073,False,
2021-10-18,0.0,0.0,0.0,0.0,100000.0,0.0,0.0,0.0,0.0,0.0,0.0,-0.10489510489510491,False,
2021-10-19,0.0,0.0,0.0,0.0,100000.0,0.0,0.0,0.0,0.0,0.0,0.0,0.1398601398601399,False,
2021-10-20,0.0,0.0,0.0,0.0,100000.0,0.0,0.0,0.0,0.0,0.0,0.0,-0.09090909090909093,False,
2021-10-21,0.0,0.0,0.0,0.0,100000.0,0.0,0.0,0.0,0.0,0.0,0.0,0.04195804195804196,False,
2021-10-22,0.0,0.0,0.0,0.0,100000.0,0.0,0.0,0.0,0.0,0.0,0.0,-0.02097902097902098,False,
2021-10-25,0.0,0.0,0.0,0.0,100000.0,0.0,0.0,0.0,0.0,0.0,0.0,0.1398601398601399,False,
2021-10-26,0.0,0.0,0.0,0.0,100000.0,0.0,0.0,0.0,0.0,0.0,0.0,-0.6293706293706295,False,
2021-10-27,0.0,0.0,0.0,0.0,100000.0,0.0,0.0,0.0,0.0,0.0,0.0,-0.02097902097902098,False,
2021-10-28,0.0,0.0,0.0,0.0,100000.0,0.0,0.0,0.0,0.0,0.0,0.0,-0.04895104895104895,False,
2021-10-29,0.0,0.0,0.0,0.0,100000.0,0.0,0.0,0.0,0.0,0.0,0.0,0.027972027972027972,False,
2021-11-01,0.0,0.0,0.0,0.0,100000.0,0.0,0.0,0.0,0.0,0.0,0.0,0.27272727272727276,False,
2021-11-02,0.0,0.0,0.0,0.0,100000.0,0.0,0.0,0.0,0.0,0.0,0.0,-0.2027972027972028,False,
2021-11-03,0.0,0.0,0.0,0.0,100000.0,0.0,0.0,0.0,0.0,0.0,0.0,0.0,False,
2021-11-04,0.0,0.0,0.0,0.0,100000.0,0.0,0.0,0.0,0.0,0.0,0.0,0.09090909090909093,False,
2021-11-05,0.0,0.0,0.0,0.0,100000.0,0.0,0.0,0.0,0.0,0.0,0.0,-0.4125874125874127,False,
2021-11-08,0.0,0.0,0.0,0.0,100000.0,0.0,0.0,0.0,0.0,0.0,0.0,-0.006993006993006993,False,
2021-11-09,0.0,0.0,0.0,0.0,100000.0,0.0,0.0,0.0,0.0,0.0,0.0,0.1958041958041958,False,
2021-11-10,0.0,0.0,0.0,0.0,100000.0,0.0,0.0,0.0,0.0,0.0,0.0,0.02097902097902098,False,
2021-11-11,0.0,0.0,0.0,0.0,100000.0,0.0,0.0,0.0,0.0,0.0,0.0,-0.18881118881118883,False,
2021-11-12,0.0,0.0,0.0,0.0,100000.0,0.0,0.0,0.0,0.0,0.0,0.0,0.04195804195804196,False,
2021-11-15,0.0,0.0,0.0,0.0,100000.0,0.0,0.0,0.0,0.0,0.0,0.0,-0.25874125874125875,False,
2021-11-16,0.0,0.0,0.0,0.0,100000.0,0.0,0.0,0.0,0.0,0.0,0.0,0.04895104895104895,False,
2021-11-17,0.0,0.0,0.0,0.0,100000.0,0.0,0.0,0.0,0.0,0.0,0.0,-0.11188811188811189,False,
2021-11-18,0.0,0.0,0.0,0.0,100000.0,0.0,0.0,0.0,0.0,0.0,0.0,0.15384615384615385,False,
2021-11-19,0.0,0.0,0.0,0.0,100000.0,0.0,0.0,0.0,0.0,0.0,0.0,0.5524475524475525,False,
2021-11-22,0.0,0.0,0.0,0.0,100000.0,0.0,0.0,0.0,0.0,0.0,0.0,0.2027972027972028,False,
2021-11-23,0.0,0.0,0.0,0.0,100000.0,0.0,0.0,0.0,0.0,0.0,0.0,-0.46153846153846156,False,
2021-11-24,0.0,0.0,0.0,0.0,100000.0,0.0,0.0,0.0,0.0,0.0,0.0,0.3846153846153847,False,
2021-11-26,0.0,0.0,0.0,0.0,100000.0,0.0,0.0,0.0,0.0,0.0,0.0,-0.18881118881118883,False,
2021-11-29,0.0,0.0,0.0,0.0,100000.0,0.0,0.0,0.0,0.0,0.0,0.0,0.44055944055944063,False,
2021-11-30,0.0,0.0,0.0,0.0,100000.0,0.0,0.0,0.0,0.0,0.0,0.0,-0.11188811188811189,False,
2021-12-01,0.0,0.0,0.0,0.0,100000.0,0.0,0.0,0.0,0.0,0.0,0.0,0.5664335664335665,False,
2021-12-02,0.0,0.0,0.0,0.0,100000.0,0.0,0.0,0.0,0.0,0.0,0.0,0.23076923076923078,False,
2021-12-03,0.0,0.0,0.0,0.0,100000.0,0.0,0.0,0.0,0.0,0.0,0.0,-0.07692307692307693,False,
2021-12-06,0.0,0.0,0.0,0.0,100000.0,0.0,0.0,0.0,0.0,0.0,0.0,0.08391608391608392,False,
2021-12-07,0.0,0.0,0.0,0.0,100000.0,0.0,0.0,0.0,0.0,0.0,0.0,-0.32867132867132864,False,
2021-12-08,0.0,0.0,0.0,0.0,100000.0,0.0,0.0,0.0,0.0,0.0,0.0,-0.1328671328671329,False,
2021-12-09,0.0,0.0,0.0,0.0,100000.0,0.0,0.0,0.0,0.0,0.0,0.0,0.20979020979020982,False,
2021-12-10,0.0,0.0,0.0,0.0,100000.0,0.0,0.0,0.0,0.0,0.0,0.0,-0.006993006993006993,False,
2021-12-13,0.0,0.0,0.0,0.0,100000.0,0.0,0.0,0.0,0.0,0.0,0.0,0.1258741258741259,False,
2021-12-14,0.0,0.0,0.0,0.0,100000.0,0.0,0.0,0.0,0.0,0.0,0.0,-0.4685314685314686,False,
2021-12-15,0.0,0.0,0.0,0.0,100000.0,0.0,0.0,0.0,0.0,0.0,0.0,-0.09090909090909093,False,
2021-12-16,0.0,0.0,0.0,0.0,100000.0,0.0,0.0,0.0,0.0,0.0,0.0,-0.18181818181818185,False,
2021-12-17,0.0,0.0,0.0,0.0,100000.0,0.0,0.0,0.0,0.0,0.0,0.0,0.35664335664335667,False,
2021-12-20,0.0,0.0,0.0,0.0,100000.0,0.0,0.0,0.0,0.0,0.0,0.0,0.5384615384615385,False,
2021-12-21,0.0,0.0,0.0,0.0,100000.0,0.0,0.0,0.0,0.0,0.0,0.0,0.37762237762237766,False,
2021-12-22,0.0,0.0,0.0,0.0,100000.0,0.0,0.0,0.0,0.0,0.0,0.0,0.1188811188811189,False,
2021-12-23,0.0,0.0,0.0,0.0,100000.0,0.0,0.0,0.0,0.0,0.0,0.0,0.18881118881118883,False,
2021-12-27,0.0,0.0,0.0,0.0,100000.0,0.0,0.0,0.0,0.0,0.0,0.0,-0.30069930069930073,False,
2021-12-28,0.0,0.0,0.0,0.0,100000.0,0.0,0.0,0.0,0.0,0.0,0.0,-0.21678321678321683,False,
2021-12-29,0.0,0.0,0.0,0.0,100000.0,0.0,0.0,0.0,0.0,0.0,0.0,0.2517482517482518,False,
2021-12-30,0.0,0.0,0.0,0.0,100000.0,0.0,0.0,0.0,0.0,0.0,0.0,-0.034965034965034975,False,
2021-12-31,0.0,0.0,0.0,0.0,100000.0,0.0,0.0,0.0,0.0,0.0,0.0,-0.2867132867132868,False,
2022-01-03,-1.1789938354119333e-05,0.0,1.1789938354119333e-05,0.0,99998.82100616458,0.03160146634839621,0.031601838932129096,-3.940987888518772e-15,-4.44436154545258e-15,3.002806336915853e-15,0.014000165061083019,-0.03846153846153846,False,104126.05178571428
2022-01-04,7.0235239131100546e-06,1.940143324593673e-05,1.1079203623286964e-05,1.2987057095397137e-06,99999.52335027521,0.02964872253810734,0.060926918078001734,-1.3282403959796277e-14,-9.867107131356079e-15,6.261336758299528e-15,0.027661152377605535,0.08241758241758242,False,105401.08505114967
2022-01-05,6.107958686017058e-05,7.400187302443863e-05,1.0418440215856468e-05,2.503845948411576e-06,100005.63127984764,0.027998270766448254,0.030979353262011455,-6.193619983830385e-15,-5.728056917675417e-15,1.4309366805360615e-15,0.014101722813880451,-0.21428571428571427,False,119706.41119294174
2022-01-06,-2.9250353290531845e-05,-1.6727330266695398e-05,1.124989891717819e-05,1.2731241066582595e-06,100002.70607980168,0.03005388942171312,0.000801924270929751,-3.782874816516579e-15,-3.917276659298752e-15,1.8153701148130003e-15,0.00037013324385835525,-0.04395604395604395,False,112094.53502962543
2022-01-07,-1.0922007982636465e-05,-6.926105748719728e-08,1.0819791133193095e-05,3.2955791956172623e-08,100001.61384944759,0.028788597455826424,0.027995166874570196,1.3313599458318598e-16,-1.3704315460216776e-15,3.0838640432516666e-14,0.01368477701414727,0.0934065934065934,False,109818.33062829213
2022-01-10,-8.881287881812691e-08,1.3909851586446071e-05,1.0547205535522684e-05,3.4514589297415137e-06,100001.60496801637,0.02807573709562665,3.687470056737829e-05,-7.9430766178559e-12,-8.045168606421503e-12,1.874962218226554e-12,1.685069701444009e-05,-0.12087912087912088,False,112363.96027402717
2022-01-11,-1.1540950114678107e-05,7.370246510354188e-09,1.154680496220858e-05,1.5153989798817088e-09,100000.45085448204,0.030866293809159638,0.030903942888978755,-3.3051475799909744e-15,-3.049643870767227e-15,7.039870118552541e-16,0.014014819034068707,0.13736263736263735,False,111612.42084644448
2022-01-12,4.502085615705353e-06,1.9399397287003654e-05,1.3627286621066162e-05,1.270025050232139e-06,100000.9010650734,0.036398400164504074,0.06740408892552725,-8.409588105069574e-15,-8.631984016460592e-15,2.6229018956769323e-15,0.029464475988134484,-0.13186813186813187,False,101381.14145864046
2022-01-13,3.632250236499173e-05,5.2415335474728026e-05,1.3322802058001958e-05,2.7700310517343422e-06,100004.53334803884,0.03556750290206657,0.03026071326308712,1.887766201207619e-15,1.7139067942650854e-15,1.0313615027432212e-15,0.01326896082098603,0.34615384615384615,False,102264.6336928017
2022-01-14,-2.1577416282517477e-05,-8.70284166446222e-06,1.1630983662038056e-05,1.2435909560172012e-06,100002.37550859265,0.031103275950643147,0.0006725555124394845,-3.882056575946432e-15,-4.1386165328116675e-15,2.138914045879403e-15,0.000288080613028496,-0.26373626373626374,False,116461.78703668849
2022-01-18,-1.1645016163039814e-05,-6.967352840751855e-07,1.0837723808425993e-05,1.1055707053863559e-07,100001.21097931352,0.02882700956072146,0.029484753377091437,1.0933989763086322e-14,1.0068335054569388e-14,2.8764221211639906e-15,0.014242893509152322,0.1868131868131868,False,112704.95216480471
2022-01-19,-6.812119833247385e-06,8.375786142933109e-06,1.3976203782601843e-05,1.211702193578651e-06,100000.52975908086,0.03725462485051591,0.06435204533884223,-1.000019204649873e-15,-1.0477729794899915e-15,2.927396270927505e-16,0.02937203691907475,0.3681318681318681,False,103831.24554984592
2022-01-20,3.099307655065286e-05,4.639708967663199e-05,1.2759408523012967e-05,2.6446046029661605e-06,100003.6290831548,0.03390293127882543,0.029698623830525,-6.448479798134941e-14,-6.515274431073692e-14,1.5383527784962325e-14,0.013541434119742327,0.07142857142857142,False,109790.32148998178
2022-01-21,-6.712835329199375e-05,-5.297101474161906e-05,1.2936847160076489e-05,1.2204913902981976e-06,99996.91600421122,0.03438725620871468,0.005257624061633521,6.78587205751973e-14,6.659560056188063e-14,2.0572085701608955e-14,0.002579942484097185,-0.2087912087912088,False,113873.05869104645
2022-01-24,-2.2399944782816065e-05,-7.07621424853801e-06,1.4675530307509685e-05,6.482002267683693e-07,99994.67607881427,0.03874394707889624,0.033656741371166324,-7.182983114205708e-15,-6.404599073306372e-15,2.9318462687341705e-15,0.0158840062105098,-0.14285714285714285,False,104099.08842863004
2022-01-25,-7.12118630074965e-05,-5.513047789136484e-05,1.4698231361151922e-05,1.3831537549797328e-06,99987.55527163987,0.03874071745216982,0.00928564583358797,3.662982368925914e-15,3.490263633665336e-15,1.1726730697603216e-15,0.0037850898806096505,-0.15384615384615383,False,109081.45161331691
2022-01-26,-1.3600427447019457e-06,1.891341351404324e-05,1.989185437517323e-05,3.816018835719578e-07,99987.41928429077,0.052805631686177114,0.04351332979815435,1.950666350419526e-14,1.8235413179468196e-14,3.701899897734506e-15,0.0170035771421509,-0.054945054945054944,False,105838.0884669977
2022-01-27,1.4013570075106256e-05,4.019658917348202e-05,2.4394800065575704e-05,1.7882190328000619e-06,99988.82046499752,0.06491998819678965,0.10804883966894012,-1.1803016840282363e-15,-1.27675647831893e-15,1.2073675392798577e-15,0.03781090204072882,0.010989010989010988,False,107532.37560545404
2022-01-28,-6.150205043922099e-05,-2.9901555379093023e-05,2.7160131786061882e-05,4.4403632740660815e-06,99982.67094751792,0.07208973915675339,0.1844389772136269,-7.049366668613468e-14,-6.420558529285358e-14,1.9568154802963693e-14,0.06178826286700633,0.1758241758241758,False,100558.71432780566
2022-01-31,0.00019852549876276214,0.00024654486304084286,2.5280312292830364e-05,2.2739051985250364e-05,100002.52005713542,0.06669063939897715,0.25544133506689787,-4.9049030712232775e-14,-5.0737192225369654e-14,1.6361911825413245e-14,0.08703406653149101,0.14285714285714285,False,100226.65439360148
2022-02-01,0.00010127484231169333,0.00013760902218207003,2.5836590758036414e-05,1.0497589112340283e-05,100012.64779658498,0.06837145620670716,0.18703000527072652,5.924527857401627e-15,4.912736883966318e-15,1.7646865686330446e-15,0.06614854238028314,0.09890109890109891,False,116186.94996732294
2022-02-02,-0.00022732361279946515,-0.00019643980872630627,2.3197639472992267e-05,7.6861646001666e-06,99989.91256016222,0.06097586177680639,0.15046039750409826,1.2164618465702715e-16,1.8735013540549517e-16,6.259439918338296e-16,0.04176160479932021,0.04395604395604395,False,102658.53925845657
2022-02-03,-8.926288179483714e-05,-4.867849027183549e-05,3.4401087515983926e-05,6.1833040070177305e-06,99980.98717241669,0.090554220039383,0.05667878343504874,-4.388896491363425e-15,-3.0166841247236675e-15,1.6122868144487253e-15,0.016057459782218633,-0.016483516483516484,False,108490.24712169042
2022-02-04,-8.186471128764076e-06,2.8398348081501134e-05,3.4255554137591793e-05,2.329265072673416e-06,99980.16868095177,0.08988747807858864,0.14650850538193289,-8.934835045888533e-15,-8.76382300063483e-15,3.1363800445660672e-15,0.04329881686477285,-0.19780219780219782,False,101722.8226017842
2022-02-07,4.1370941477500105e-05,9.441276301528706e-05,3.497912909343797e-05,1.8062692444348992e-05,99984.30495465918,0.09170117500738266,0.05416037425817639,5.969966682945372e-16,7.441963711940502e-16,5.551115123125783e-16,0.014681881965876055,-0.03846153846153846,False,101516.26283929197
2022-02-08,-0.00017855807761865791,-0.00014010405007105697,3.6228258742470415e-05,2.225768805130512e-06,99966.45194937443,0.09517381580589657,0.04089085678769672,1.594081295865406e-14,1.4534380643471678e-14,4.6698898502411515e-15,0.01079743484532817,0.15934065934065936,False,107800.54712325032
2022-02-09,-0.0001481222475116369,-0.00010849069266669218,3.795110867558799e-05,1.680446169356744e-06,99951.64469383593,0.09950622035989384,0.057594519147328035,-8.971211352870346e-16,-8.534839501805891e-16,7.29041700706207e-16,0.01545980801867463,-0.027472527472527472,False,103671.67137594879
2022-02-10,-5.731774393049989e-05,-2.0119264019399935e-05,3.483158186394945e-05,2.3668980471505037e-06,99945.91569105994,0.09131242421206114,0.03518653297218082,1.7403186213798586e-14,1.599415044850616e-14,3.086916076160238e-15,0.011141113407330623,-0.17032967032967034,False,105117.23553951002
2022-02-11,6.8353421636656715e-06,4.8589680343308436e-05,4.0308316276677145e-05,1.4460219029656197e-06,99946.59885559154,0.10509973068032204,0.07075264697977125,-1.3442103993048394e-14,-1.4425960426223128e-14,7.265021917390868e-15,0.019287470742819755,-0.07142857142857142,False,102570.48456676454
2022-02-14,-6.460810580089633e-05,-8.791053672759346e-06,4.709412304843749e-05,8.722929079699485e-06,99940.14149515824,0.12213675952029304,0.1925004578214231,2.87435663677996e-14,2.837660662002861e-14,1.0227929614359255e-14,0.057062253132365785,-0.016483516483516484,False,102520.8302164268
2022-02-15,-0.0001626063997680059,-0.0001069181620171426,4.777726003217586e-05,7.910977718687438e-06,99923.89058855742,0.12393055034920719,0.2298878661090828,1.1761792308005087e-14,1.0283440765590512e-14,2.39044894989604e-15,0.0970243946171516,-0.03846153846153846,False,100481.5569968026
2022-02-16,-0.0002860188848548982,-0.00027342637313605987,3.145065166410769e-06,9.447446552427576e-06,99895.31046880092,0.008749363631101867,0.23935687405245024,2.8153020756069033e-15,2.7200464103316335e-15,2.236297753637972e-15,0.09994437035503072,-0.049450549450549455,False,1495298.8597421343
2022-02-17,3.1401803840215196e-05,4.9692695548891294e-05,8.454307843507029e-06,9.836583865169071e-06,99898.44736174482,0.022710073164364616,0.25895791247792144,7.979605532398288e-15,6.571132527000145e-15,3.917258619154282e-15,0.09992675424169956,0.10989010989010989,False,275037.95422582445
2022-02-18,6.853762920646793e-05,7.968013500526186e-05,5.003998065509113e-07,1.0642105992243019e-05,99905.2941644884,0.0014125134093494222,0.2585935222922657,4.362161518028299e-16,5.620504062164855e-16,2.8796409701215e-16,0.09998928208518464,0.33516483516483514,False,8096355.109655097
2022-02-22,9.866181650072822e-05,0.00014355163907597978,2.381298362824373e-06,4.250852421242717e-05,99915.1510022887,0.006583440549398769,0.263952372449518,-2.9163358698958295e-13,-2.8604549284771963e-13,8.557737851688785e-14,0.0999806066827227,0.06593406593406594,False,1029075.825597236
2022-02-23,0.00024038723739425194,0.0002912353381882646,4.000074302210265e-05,1.0847357771909984e-05,99939.16932941196,0.10429514108467357,0.1551031909446464,-1.0246837890148475e-14,-1.0016293350290084e-14,3.1259717037102064e-15,0.058708751505599524,-0.08241758241758242,False,106179.2934747618
2022-02-24,9.444888136002957e-05,0.00014308090559754947,4.225792050006825e-05,6.374103737451642e-06,99948.60847215919,0.11014351234742999,0.048216068219407625,-5.0086482604463645e-15,-4.4244122254788465e-15,7.888384890109443e-16,0.0180539095265635,0.30769230769230765,False,101822.86341945174
2022-02-25,-4.711832554080707e-05,-1.4360030846463641e-06,4.3700840200568406e-05,1.9814822555923e-06,99943.89906108785,0.11378751588330924,0.06448263534863691,-2.8419760503712024e-16,-3.5301622736128024e-16,2.252170068539088e-16,0.02230108303168263,0.21978021978021978,False,103978.52721268359
2022-02-28,-2.1720846146134708e-05,2.696201925141902e-05,4.073295145046147e-05,7.949913947092257e-06,99941.7281950331,0.1060859013405511,0.16978615361582605,3.753924592681225e-16,2.3592239273284576e-16,2.914335439641036e-16,0.06286007459348637,0.0934065934065934,False,103586.87373611996
2022-03-01,-0.0002454957226686698,-0.0001947486192734261,4.3769590232949464e-05,6.977513162294204e-06,99917.1929282451,0.11375823023507067,0.05485229551504405,3.271100183501927e-14,3.504835310863541e-14,3.4582591271989184e-14,0.02043907210013392,0.38461538461538464,False,100190.97712557674
2022-03-02,-2.92634827561173e-05,1.36976658827199e-05,4.070694471356276e-05,2.2542039252744388e-06,99914.2690031928,0.10624215998308165,0.16215522231423782,-6.278333762148359e-15,-6.817463260588852e-15,3.1225022567582528e-15,0.0620977253026727,-0.1868131868131868,False,102781.34917622904
2022-03-03,-0.00020157063736208196,-0.0001559635871338016,3.8943136982489496e-05,6.663913245790853e-06,99894.12922030827,0.10153022447426713,0.06127742464712296,-1.7506049893792063e-14,-1.4098097689263511e-14,4.38848527289311e-15,0.02157432850271646,0.46703296703296704,False,102574.73202466244
2022-03-04,-8.53403279885702e-05,-3.7069174412159296e-05,4.575290324844623e-05,2.518250327964677e-06,99885.60422255647,0.11883261436836141,0.18009005375740095,1.8844839907231617e-15,2.275957200481571e-15,1.734723475976807e-15,0.062290568319998074,-0.4340659340659341,False,101994.64775776063
2022-03-07,-0.000108402191617021,-4.196693188991556e-05,4.423237638715212e-05,2.220288333995331e-05,99874.77640414776,0.11523283042750994,0.29093303427790274,-2.99009853325187e-14,-2.7167504357272776e-14,5.735406931140601e-15,0.09921563867124389,0.3021978021978022,False,108750.81038658835
2022-03-08,0.00017428768183720507,0.00018942124163006665,3.1774076992479023e-06,1.195615209361367e-05,99892.18334740124,0.008802083101911337,0.2979156807519558,-2.536060279476838e-14,-2.7521387946372045e-14,1.3961054534661343e-14,0.09995353547357111,0.14285714285714285,False,998714.3679544507
2022-03-09,-0.00011541836877322345,-5.681528411768706e-05,4.635997448764675e-05,1.2243110167889639e-05,99880.65395454608,0.12057360353156762,0.18435754250144443,-7.996324046608586e-17,-3.0140820395097023e-17,2.5673907444456745e-16,0.06040143006922726,-0.09890109890109891,False,102900.27227271129
2022-03-10,-7.154594284173382e-05,-1.521481330228339e-05,4.875479217637738e-05,7.57633736307306e-06,99873.50789898726,0.1263830152261352,0.057246204224366194,9.06775200957548e-15,8.642826038185447e-15,2.6471880243406076e-15,0.019002917007051215,0.3626373626373627,False,102007.3154855347
2022-03-11,-2.8471236624881594e-05,1.994276086499096e-05,4.6061413754625e-05,2.3525837352475527e-06,99870.66437671131,0.11976906846979395,0.06325327825360959,2.6238026436097176e-14,2.74574200181954e-14,9.778636234081262e-15,0.021447184752324246,0.3131868131868132,False,105356.25675479487
2022-03-14,-4.667078527435641e-05,9.550762354489055e-06,4.842319825511601e-05,7.798349373729454e-06,99866.00333437898,0.12561948035118245,0.18819987275438907,3.167718279446693e-15,3.6463887465032485e-15,1.6792123247455493e-15,0.06377589584336801,0.5824175824175823,False,99947.57091026555
2022-03-15,1.3574478698161586e-05,7.011127120267701e-05,4.880255115844477e-05,7.734241346070654e-06,99867.35896331392,0.1266820929656215,0.06443553980597742,-1.571540693063698e-14,-1.5220463778220505e-14,5.59621793350118e-15,0.022408243952260137,0.17032967032967034,False,101347.38956376904
2022-03-16,-4.3945962439497524e-05,4.884515880562487e-06,4.618244243762194e-05,2.648035882438074e-06,99862.97019610798,0.12008340788867565,0.05442391289247592,-1.0613178215572987e-17,1.556046957951196e-15,1.4901274658640773e-15,0.018963924618070435,0.1758241758241758,False,101595.9478647116
2022-03-17,-8.50178170287547e-05,-3.856429678392767e-05,4.4216921084862263e-05,2.236599159964764e-06,99854.48006437991,0.11499071101156756,0.17007758702757997,1.5912626453276406e-16,2.185751579730777e-16,2.2945179408604073e-16,0.06137660439572961,-0.0879120879120879,False,100351.86574252204
2022-03-18,-0.00010801058251804171,-6.0780732705769834e-05,4.0240359934426124e-05,6.989489877845746e-06,99843.69472382111,0.10497277096610347,0.2763945883904714,1.9624035765130314e-14,1.925543058334256e-14,4.038436252074007e-15,0.09923499687049309,0.15934065934065936,False,109547.29771066555
2022-03-21,-0.00010673936917741377,-6.957124781012357e-05,3.0920762232619223e-06,3.407604514402829e-05,99833.03747082995,0.008561590422085904,0.2717750573173839,-2.1914217589405067e-14,-2.2822022049950874e-14,7.737785358900579e-15,0.09999917398212142,-0.4450549450549451,False,1125899.3600585691
2022-03-22,4.750979939325676e-06,0.00012633226018964294,0.00011041244227836908,1.1168837971948184e-05,99833.51177558825,0.27319809484868346,0.0,0.0,0.0,0.0,0.0,-0.33516483516483514,True,39851.056330079286
2022-03-23,-4.015133392756018e-05,0.0,4.015133392756018e-05,0.0,99829.50332691979,0.10470726257588224,0.10471146688095499,2.231854142218803e-14,2.48395054525119e-14,1.0897532876086302e-14,0.03800152581195263,0.32967032967032966,False,104935.10644738119
2022-03-24,7.179481299909393e-05,0.00011744485693934581,4.134683297254232e-05,4.303210967709562e-06,99836.67056744294,0.10776700595935658,0.21362983095295382,2.4826790974882453e-15,2.480654570646834e-16,4.620129179660079e-15,0.07647413023809879,-0.21428571428571427,False,102748.15293834971
2022-03-25,-0.0001664257081660349,-0.00012020064780376515,3.744575224091558e-05,8.779308121354166e-06,99820.05517884281,0.09788194072596057,0.11764906105212229,-5.717017152772927e-15,-5.6473922760424955e-15,2.334789353182491e-15,0.04075580098287397,-0.3186813186813187,False,106992.44355729103
2022-03-28,-0.00016683980164461666,-0.00010728544603876423,4.504967684600104e-05,1.45046787598514e-05,99803.40122063662,0.11691466535560306,0.2359968751697505,-9.267746175278074e-15,-9.174085102703344e-15,2.949029909160572e-15,0.07983963462473573,0.23076923076923078,False,101875.89637859057
2022-03-29,4.435061331883e-05,7.224955100688974e-05,1.8200435968754545e-05,9.698501719305197e-06,99807.82756269205,0.048771309436890564,0.29095561041476603,-2.0310768999343306e-14,-2.049835995387994e-14,4.517927530006566e-15,0.0996544103565659,-0.23626373626373626,False,223480.0781052322
2022-03-30,-0.00014503990963031643,-9.284814403173388e-05,4.023468571852285e-05,1.1957079880059711e-05,99793.35144440195,0.10454119595385973,0.18387576372610118,7.859848026284929e-15,8.147128804925075e-15,2.6818824938601438e-15,0.06340611295005272,-0.48901098901098894,False,108740.25109000065
2022-03-31,-0.00032965007990047926,-0.0002790786138949213,4.3014927770239e-05,7.556538235318904e-06,99760.45455812477,0.11148114016967213,0.2934449384881113,6.1930615005277505e-15,4.42267750200287e-15,2.9819282947252423e-15,0.09924587391815315,-0.049450549450549455,False,105034.50938389212
2022-04-01,0.000377195369466668,0.0005104197401942674,0.0001211649896938417,1.2059381033757746e-05,99798.08373963999,0.2962512940462366,0.0,0.0,0.0,0.0,0.0,0.22527472527472525,True,38470.67425405206
2022-04-04,-4.776986534329445e-05,0.0,4.776986534329445e-05,0.0,99793.31639861823,0.1234491442659695,0.1234550416966873,3.742573584907921e-15,5.4366233737113134e-15,2.6575963651964685e-15,0.03800181534160168,-0.24725274725274726,False,102350.02684210525
2022-04-05,8.645413016964658e-05,0.0001392325565394112,4.7704931505517336e-05,5.07349486424727e-06,99801.94394298423,0.12320039883375493,0.0009896803194861803,-2.4718352231118472e-15,-2.6109417904617016e-15,7.945575621060019e-16,0.00031342753707542143,0.1758241758241758,False,101474.51838426343
2022-04-06,-4.6462796133063124e-05,-6.975869652492069e-07,4.5724537373862325e-05,4.0671793951588436e-08,99797.30686560912,0.11838062889095999,0.119374941021178,-1.5379826774090412e-14,-1.3941972576425599e-14,3.3861802251067274e-15,0.04019781658684034,0.1868131868131868,False,99909.73881361591
2022-04-07,-0.00011725808292987055,-6.192619432820877e-05,5.042606910764014e-05,4.905819494021646e-06,99785.60482472449,0.12970482388566582,0.24845456595167822,6.62156346301595e-15,6.19383017097519e-15,1.180080207185447e-15,0.07907761856263826,-0.1868131868131868,False,101613.9222073738
2022-04-08,-0.00010177385490886656,-6.315641293052891e-05,2.84069803638854e-05,1.0210461614452257e-05,99775.44925905707,0.0747249756607469,0.3222453393590684,6.590438485093189e-15,8.982398158607907e-15,7.244205235679146e-15,0.09954852289585817,-0.2582417582417582,False,172897.17948998665
2022-04-11,7.743941093376129e-05,0.0001185319425907824,1.3636542017943095e-06,3.97288774552268e-05,99783.17581107335,0.0038159957604715234,0.31960562544358323,-3.852708881451299e-15,-6.699502064222429e-15,4.427014310692812e-15,0.09998247242732093,-0.04395604395604395,False,2256429.611826672
2022-04-12,-5.348681500670736e-05,4.008556855200426e-06,4.436089410395215e-05,1.3134477757955635e-05,99777.83872680795,0.11475513466161996,0.20402203155019105,1.3393836435638505e-14,1.3763296058399987e-14,3.982925100842749e-15,0.06326932000329656,0.21428571428571427,False,109428.39606775239
2022-04-13,0.00011846643002701386,0.0001759014037298029,4.905050665278174e-05,8.3844670500073e-06,99789.65905115774,0.12628888067553604,0.07970326072691787,4.3773578198989976e-15,3.585890265278557e-15,2.019289671237025e-15,0.025438689781972824,-0.22527472527472525,False,104637.17345755627
2022-04-14,-3.495192349448994e-05,1.3461593074584442e-05,4.513804010084506e-05,3.2754764682293223e-06,99786.17121062905,0.11675676881183655,0.03799317165767563,2.4837004675269254e-15,3.0096368106025118e-15,1.3837728235326865e-15,0.012247199082895833,0.30769230769230765,False,106129.51359323334
2022-04-18,-8.011347001710581e-05,-2.221153014374052e-05,5.165648699813136e-05,6.245452875233943e-06,99778.17699419365,0.13269056821722486,0.17061516210823954,1.8218039975828506e-14,1.5197912373032807e-14,4.828365815928205e-15,0.05236905963371543,-0.521978021978022,False,101039.56761810103
2022-04-19,2.248307959093331e-05,7.393949959642379e-05,4.4444838001043025e-05,7.011582004447451e-06,99780.42031488846,0.11507212153291868,0.2892788135059754,4.0264249968737935e-15,3.0678584672649833e-15,1.0298651095271866e-15,0.09376217608526839,0.14835164835164835,False,100679.40259879603
2022-04-20,5.693900250932263e-05,7.732217781233619e-05,8.495004884959944e-06,1.1888170418053616e-05,99786.10171249115,0.023020923875952764,0.31525846331480234,1.2094665286526962e-14,1.0796918914479647e-14,7.4870665223159e-15,0.09987120530227338,-0.3626373626373627,False,370350.2385578402
2022-04-21,-0.00012036420655465081,-5.853798675919075e-05,4.8870392535948134e-05,1.2955827259511928e-05,99774.09103753333,0.12559144691046012,0.18630834560579018,-2.6683714222039893e-14,-2.737220172743804e-14,1.1275702593849246e-14,0.06015809892049638,0.06593406593406594,False,103741.8217332943
2022-04-22,-0.00011850237292511818,-6.104107179129668e-05,4.9804793780157794e-05,7.656507353663709e-06,99762.26757098894,0.12777740454693856,0.3101851171041758,2.465758090416934e-16,1.2836953722228372e-16,1.5265566588595902e-16,0.09747740919751499,0.2087912087912088,False,100889.1119952963
2022-04-25,-0.0002077266208006105,-0.00016693661767805095,2.548002383688607e-06,3.824200073887095e-05,99741.54429226302,0.007084494109046313,0.3156464004051121,8.731853915538062e-16,7.37257477290143e-16,2.0561471622870686e-16,0.09996643431165683,0.07142857142857142,False,1354558.1296958076
2022-04-26,0.0004218049819638597,0.0004376926281248079,2.9158762812860987e-06,1.2971769879662105e-05,99783.61577255426,0.008058080423068187,0.30670346988455877,-8.502485912495955e-15,-6.7907918871457085e-15,1.5543122344752192e-15,0.09999656135634506,0.1868131868131868,False,972188.647554023
2022-04-27,-0.00045116126585827463,-0.0004371944456777548,1.3625679934827689e-06,1.260425218703701e-05,99738.59727015039,0.003796458566424349,0.31040681750162236,6.911646362665371e-13,6.796369023120974e-13,1.8226392617393117e-13,0.09998059945649002,0.021978021978021976,False,1677351.9566700838
2022-04-28,-0.0003163660376282996,-0.0002835242411302983,2.0085351943168566e-05,1.2756444554832787e-05,99707.04336533343,0.05150012570398872,0.3615788600884989,-2.9450024253417e-14,-3.2078506517763117e-14,1.1046719095020308e-14,0.09979276700554719,-0.15934065934065936,False,102838.27317211911
2022-04-29,-1.1157913007935383e-06,2.3401918384899025e-05,9.658304476574961e-06,1.4859405209117602e-05,99706.93211308181,0.026043994089300897,0.37149079350748176,-3.671994242605608e-14,-5.5018489764080414e-14,3.349707980278623e-14,0.09986302308606455,0.021978021978021976,False,293499.90124845365
2022-05-02,8.96617500035534e-05,0.00015596186046666735,2.049987564711853e-05,4.5800234815995426e-05,99715.87201110255,0.05420909644758242,0.36615822520304026,1.8140367782514036e-14,1.7388868123191514e-14,3.3901289388463437e-15,0.09999708108613024,-0.06043956043956044,False,184773.09349546494
2022-05-03,-0.0002623520503414366,-0.0002060544529735593,4.124999907186275e-05,1.5047598296014606e-05,99689.71134762885,0.10625378235754081,0.2622842075531976,-1.583201167799496e-14,-1.6278645098566358e-14,5.009881398621019e-15,0.07989765828845873,-0.30769230769230765,False,112845.16691727159
2022-05-04,-0.00018502014492343872,-0.00014720665295119703,2.7034688922109622e-05,1.0778803050132057e-05,99671.26674278794,0.07069508652964725,0.33981905804187224,6.478138626118294e-14,8.681944052568724e-14,3.298737439348002e-14,0.09959622201833383,0.23626373626373626,False,134362.1400841838
2022-05-05,-0.0003208449550553737,-0.0002755372638901211,3.134252439641116e-05,1.3965166768841401e-05,99639.28771968953,0.08121640691239349,0.24517878937818036,-1.1676978333330194e-16,2.220446049250313e-16,2.3604153403615786e-15,0.07329252673286796,0.11538461538461539,False,110149.45592128394
2022-05-06,-1.7053764702272486e-05,1.420809185765732e-05,2.118601590055253e-05,1.0075840659377279e-05,99637.58849472165,0.05369508946531661,0.2863314631428013,-5.3216224869296234e-14,-5.3693161028434133e-14,2.5340840537069198e-14,0.09693276117166452,-0.21978021978021978,False,100366.17099055414
2022-05-09,-0.0007327714770233711,-0.0006752796824147924,2.2190655316993903e-05,3.53011392915848e-05,99564.57691183334,0.05733227836989201,0.24541622627202087,-2.30332441992783e-14,-2.3744894939170536e-14,7.924216838262055e-15,0.071482699389262,-0.07142857142857142,False,114724.52187082893
2022-05-10,-0.0002682822735145853,-0.00022119889156327097,3.6997783611367314e-05,1.008559833994701e-05,99537.86550077792,0.09486123895403378,0.34030220365978125,2.344024816705782e-14,1.7041923427996153e-14,6.694516806876845e-15,0.09766721118073372,-0.25274725274725274,False,101104.81500936554
2022-05-11,-0.0003538075387295402,-0.0001975752408878684,0.00014224727577346252,1.3985022068209223e-05,99502.6482535747,0.333527380293216,0.0,0.0,0.0,0.0,0.0,0.005494505494505494,True,26947.927422354358
2022-05-12,-4.936563069079983e-05,0.0,4.936563069079983e-05,0.0,99497.73624258826,0.1254243310528428,0.12543052300971905,5.378864067680085e-16,4.909267437014364e-16,6.453171330633722e-16,0.03800187598657552,0.03296703296703297,False,102817.70560671616
2022-05-13,6.431021122069802e-05,0.00012345099165515414,5.398610140665947e-05,5.154679027796651e-06,99504.134963022,0.13681562119513288,0.2659317421852884,9.316026000377318e-15,9.96945581643871e-15,1.1074474670635936e-14,0.08186524323738442,0.005494505494505494,False,101397.77935209188
2022-05-16,-0.0004171832806730588,-0.00033327811484688456,5.111906062524939e-05,3.2786105200924816e-05,99462.6235015576,0.1297143320667889,0.13414625008206554,1.082233586601988e-12,1.0777871650713422e-12,3.213436461368957e-13,0.04075455261775014,0.0879120879120879,False,105469.12810742987
2022-05-17,-0.00023138143037124907,-0.00017187100617850723,5.399756460037267e-05,5.512859592369175e-06,99439.60969746333,0.13665350474491533,0.273341672272556,-7.255457122706905e-15,-8.304988641238964e-15,4.274883298596956e-15,0.08984278181303983,0.03296703296703297,False,99926.59909169997
2022-05-18,-2.988404067185724e-05,-3.2876270669487174e-06,1.536319419644702e-05,1.1233219408461503e-05,99436.63804012274,0.04092986475118295,0.3047573368890843,-1.6381552930733954e-15,-3.303780859997829e-15,2.3733967300763078e-15,0.09973605246357332,0.4175824175824176,False,306141.74926501204
2022-05-19,0.00031109608325939587,0.0003336457584737058,1.0025401095580416e-05,1.252427411872956e-05,99467.5723887495,0.026031518147565092,0.3290709969883133,-8.32824652021359e-15,-8.036973864200547e-15,2.0816681711721685e-15,0.0998785789118392,0.021978021978021976,False,190797.90079680388
2022-05-20,0.0006000668085871387,0.0006158881609488879,2.2978867320921337e-06,1.3523465629657052e-05,99527.25957747072,0.006314944500190468,0.3343397415715873,-3.75746323576833e-14,-4.06515099360405e-14,3.0780933357732465e-14,0.09998927266804916,0.12087912087912088,False,983841.3185579508
2022-05-23,-0.00016026172104540614,-7.111742301247344e-05,4.7924329893965244e-05,4.1219968138967445e-05,99511.3091675599,0.1215843038322839,0.21800290886298493,-2.0325679382283846e-15,-1.942890293094024e-15,6.522560269672795e-16,0.0641379016283524,0.16483516483516483,False,100106.85973831743
2022-05-24,-1.9086988345643455e-05,3.329334583377529e-05,4.342131052751517e-05,8.959023651903573e-06,99509.40979636156,0.11065895255150733,0.107176558053232,-3.858710360237645e-15,-4.262215580475015e-15,1.745131816832668e-15,0.03205385950837921,-0.054945054945054944,False,102973.75567209336
2022-05-25,-4.4941011973569084e-05,1.378251787086501e-06,4.191474767627603e-05,4.404516084379555e-06,99504.93774278442,0.10700997737585438,0.0011637150215888104,-6.2304128012280045e-15,-4.2880941310795284e-15,1.3142623701896001e-15,0.00034389275363571427,0.11538461538461539,False,107102.37483671504
2022-05-26,-4.317479929421352e-05,-4.5527035152838617e-07,4.267170503768808e-05,4.782390499705648e-08,99500.64163706859,0.10879130225953647,0.10997199219927718,7.874902421306958e-16,5.2562121322097255e-16,6.009459782031933e-16,0.032235690624807,-0.14285714285714285,False,102587.34509387416
2022-05-27,1.3015037642503518e-05,5.866841566757532e-05,4.113398108537551e-05,4.51939693969629e-06,99501.93664166496,0.10506366244610056,0.21831389916667587,6.07207445326603e-14,6.099981630924844e-14,2.062933157631619e-14,0.06389586516942111,0.027472527472527472,False,103260.89003379458
2022-05-31,-0.00020457328901588929,-0.00012988128490286618,3.8804787811661735e-05,3.588721630136139e-05,99481.58120322273,0.09903019602239084,0.31511667535143933,3.6096813878330323e-12,3.5070280013371757e-12,1.0711154185827354e-12,0.0901292655866714,0.2802197802197803,False,99589.70080623915
2022-06-01,-0.00022333864344754485,-0.00019877853137345217,1.1610111717332534e-05,1.2950000356760121e-05,99459.36312182878,0.03117965681309899,0.3243172883786586,5.281454865790137e-15,7.700437509861047e-15,3.858025010572419e-15,0.09989236270224373,0.17032967032967034,False,444192.6823607819
2022-06-02,0.0001973797800384206,0.00021479216418836868,4.084276408359582e-06,1.332810774158849e-05,99478.99438904454,0.011094608901016136,0.33614641835094977,2.1676373574675036e-14,1.8894608100339383e-14,3.1826782094232813e-15,0.09997917011585988,0.20329670329670327,False,519039.6963952876
2022-06-03,-1.879655187007604e-06,5.3599817404422706e-05,4.1665236220844224e-05,1.3814236370586085e-05,99478.80740283674,0.10640657629899729,0.2239155803434547,-4.0648069026140015e-15,-3.771288836773579e-15,1.0104200074404983e-15,0.06531668458911478,0.6263736263736264,False,110782.24394043985
2022-06-06,-8.03900772539936e-05,-1.762097842965788e-05,3.5163068371032586e-05,2.760603045330314e-05,99470.81029382448,0.0903648361146675,0.1332170044870888,1.515261518320323e-14,1.4583820262537017e-14,3.5561831257524545e-15,0.04004552692988546,0.26373626373626374,False,106323.58934744578
2022-06-07,-0.00010344495349453897,-5.76492353175273e-05,4.032104675973468e-05,5.4746714172769995e-06,99460.52054047957,0.10318137114365643,0.03170007313527323,6.954647394045446e-16,5.525094270986131e-16,3.157196726277789e-16,0.0094658348775897,0.5384615384615384,False,102627.52258342535
2022-06-08,-4.347754495081308e-05,-5.5556977615732506e-06,3.661910445765329e-05,1.3027427315865427e-06,99456.19624122693,0.09407338573585836,0.1251907691748392,-9.852041958703013e-16,-4.839878497975292e-16,9.95604547375078e-16,0.03635232536014066,0.5,False,104908.81941362431
2022-06-09,4.184698917170814e-05,8.86521308402742e-05,4.166031553809317e-05,5.144826130472885e-06,99460.3581835941,0.10649379250959227,0.22870231136617028,-7.007903328427292e-15,-4.440892098500626e-15,6.301559634789979e-15,0.06809922753037081,0.07142857142857142,False,101367.1765592557
2022-06-10,-0.0003355387987200038,-0.00028118335251752283,4.495672107784357e-05,9.398725124637424e-06,99426.98537448891,0.11458722493994136,0.10717510439551126,2.5606046609430175e-13,2.6433022437544196e-13,7.466596785299373e-14,0.029787461142960558,0.21978021978021978,False,101472.84384077696
2022-06-13,-2.8287994616223592e-05,1.5161403650365033e-05,3.0236029231557164e-05,1.3213369035031463e-05,99424.17278446193,0.07795458495497364,0.18006990790204633,5.173486179062883e-16,5.828670879282072e-16,2.0122792321330962e-16,0.0474208966023943,-0.14285714285714285,False,104164.12369995055
2022-06-14,-8.070745641246434e-05,-4.783255749397777e-05,2.5474765717032627e-05,7.400133201453937e-06,99416.1485123706,0.06572608818628821,0.114089144736651,9.019045954780291e-15,8.222589276130066e-15,2.129684294471977e-15,0.03296608954560821,-0.24175824175824176,False,110694.53477466488
2022-06-15,9.625413151382494e-06,4.9798059516757035e-05,3.548405137619747e-05,4.688594989177068e-06,99417.10543387395,0.09082400622606777,0.20747613887497462,-4.3822335759594834e-14,-4.144254384108592e-14,8.604228440844963e-15,0.05845164318243297,0.3021978021978022,False,100414.34623357309
2022-06-16,-0.00019678615981577813,-0.00015388498426126162,3.437475888841988e-05,8.52641666609665e-06,99397.54152347562,0.0881298403100662,0.11268769690075436,-1.1093655614339617e-14,-1.0305992170778211e-14,2.9108659926890823e-15,0.03239505764134643,0.25274725274725274,False,108833.83950710091
2022-06-17,2.5643270375808546e-05,7.106638564639729e-05,4.079211402809153e-05,4.6310012424972095e-06,99400.0904015076,0.10373926134591135,0.21739310121937158,-1.161493465067375e-14,-1.0607834055598175e-14,3.595362436332866e-15,0.06397018893774814,-0.054945054945054944,False,102787.71887594216
2022-06-21,0.0001784115646666954,0.00025023706836214385,3.6089651440207373e-05,3.5735852255241066e-05,99417.82452716415,0.09245574620776721,0.31412498204960015,4.3826329870509453e-14,3.721664903338917e-14,1.0033266956389347e-14,0.09937733455643792,-0.2692307692307692,False,161760.5623696981
2022-06-22,0.0003724627620507085,0.00042544859268175977,4.00765847933983e-05,1.2909245837652997e-05,99454.8539646846,0.1020108379137845,0.21448727474484536,2.0192387966642266e-15,2.2403953692240464e-15,5.48172618408671e-16,0.06999204337575754,0.24175824175824176,False,108146.61431983366
2022-06-23,0.00012477711564794694,0.00017948409470580043,4.589243352039417e-05,8.814545537459315e-06,99467.26365449949,0.11617981265138419,0.10215444283204456,7.872714472692885e-16,5.455705331947058e-16,3.1594853949937305e-16,0.03554009999406147,0.41208791208791207,False,102035.15753176475
2022-06-24,-9.150116935745158e-05,-2.7678473236436774e-05,5.962456833339658e-05,4.198127787618236e-06,99458.16228356233,0.1489356048411303,0.04416170703332236,-2.3539378295433386e-16,-2.875304161431558e-16,2.0816681711721685e-16,0.015411541340825265,-0.10989010989010989,False,100204.57921712159
2022-06-27,-6.075012964964e-05,5.213404434887045e-06,6.0518940066720145e-05,5.444594017806896e-06,99452.12018730889,0.15096159714283297,0.19497458417005428,-1.997590495876473e-15,-2.2239154962022667e-15,1.474514954580286e-15,0.0730686004702325,-0.08241758241758242,False,101603.03789050895
2022-06-28,0.00013552746716727815,0.00017265400947492625,2.9113888163673186e-05,8.012654143974914e-06,99465.59868126229,0.07548676107835796,0.26713926810997424,-2.916456588953509e-14,-2.924049891106506e-14,7.951972413877684e-15,0.0994397546750214,-0.06593406593406594,False,214006.56984559147
2022-06-29,9.284295796760442e-05,0.00016389736914966728,6.007608509535038e-05,1.0978326086712468e-05,99474.83336165988,0.1499664057620564,0.11594488128942936,-1.863813586311365e-15,-2.1024848528838902e-15,9.957312752106873e-16,0.04324527625362914,0.13736263736263735,False,106296.82061470018
2022-06-30,-0.00024838794089485745,-0.0001823514659185629,6.127161684111244e-05,4.764858135182104e-06,99450.12501263032,0.15293098684836057,0.037529291501323656,-3.3520097860309425e-16,-1.2923689896027213e-16,2.03604120341388e-16,0.01407264136374605,0.054945054945054944,False,102821.8080867354
2022-07-01,-7.075875205225016e-05,-8.186857323929878e-06,6.102959507758095e-05,1.5422996507393419e-06,99443.08804589299,0.15240742927896775,0.11431161193074851,3.74338570239296e-15,1.618497003086361e-15,7.608497165634276e-15,0.04284258876548878,0.45604395604395603,False,103158.85122974463
2022-07-05,-1.0101806954226829e-05,7.038228814117977e-05,6.16931451889828e-05,1.8790949906423795e-05,99442.08349101461,0.15367651087200812,0.03931587368372215,1.8965958721656014e-14,6.6188374225895075e-15,1.2721594611075915e-14,0.014513709395555617,0.20329670329670327,False,101406.73737228909
2022-07-06,-4.5364519030521044e-05,1.8683885071479228e-05,6.24326832656837e-05,1.6157208363165695e-06,99437.57234872565,0.15555700083181728,0.11620237718434477,1.3761367981250767e-14,1.3492679196147606e-14,5.277028813921447e-15,0.04275702237587081,0.0,False,101186.10013088213
2022-07-07,-1.4790788324119183e-06,6.444592782824544e-05,6.114956650239718e-05,4.775440158260178e-06,99437.42527271724,0.15252664979915906,0.26953583387029245,-3.369162060246849e-14,-2.933417397876781e-14,1.005774796576047e-14,0.09886375751301041,0.1758241758241758,False,106327.11046372887
2022-07-08,-9.806895075755199e-05,-2.137553749854131e-05,6.561659816844933e-05,1.107681509056135e-05,99427.67354875471,0.16290609957421706,0.105651607930244,8.611023231719757e-15,8.460246392338888e-15,1.824929096727601e-15,0.03929024837352247,0.2087912087912088,False,100918.51862123628
2022-07-11,-0.00013963953185792334,-6.075595383057374e-05,6.585803732362194e-05,1.302554070372765e-05,99413.78951496664,0.16352298839087587,0.2687065762101012,-8.920926981400973e-16,4.926614671774132e-16,1.5452431214064795e-15,0.09878763750888811,0.3736263736263736,False,100235.70364974404
2022-07-12,0.00016352292330553124,0.0001801249316443796,5.559272330214025e-06,1.1042736008634332e-05,99430.04594844501,0.014962784389659119,0.2818025926668922,-5.0376545710735194e-14,-4.794775687599895e-14,1.7368051441479793e-14,0.09993157193517858,0.32417582417582413,False,416102.98507368227
2022-07-13,6.898371980014332e-05,0.00014385993604739666,6.329528778148858e-05,1.1580928465764765e-05,99436.90500287444,0.15744755875882224,0.12310843872983192,3.356493985137219e-15,3.41740524767431e-15,8.569533971325427e-16,0.04336207289561383,0.30769230769230765,False,103525.2920684472
2022-07-14,-7.428709841698173e-07,6.958733465429325e-05,6.527095473175778e-05,5.059250906705283e-06,99436.83113408295,0.162167326175929,0.039641104773062597,-1.42908755530924e-15,-1.5859709379117959e-15,7.806255641895632e-16,0.014073142711248314,0.23626373626373626,False,101648.85407648815
2022-07-15,-6.995396292766463e-05,-4.514315339168202e-06,6.381056109097324e-05,1.6290864975231793e-06,99429.87513368415,0.1587559543091283,0.19908305146414956,3.806173614552155e-15,2.5153490401663703e-15,1.8075604466009522e-15,0.07087744435409693,-0.07692307692307691,False,102439.62292118049
2022-07-18,-0.00022729429421044435,-0.00017251655628479668,3.0233252128698182e-05,2.4544485796949476e-05,99407.27529039221,0.07823180748360639,0.2756368540618527,4.685900946217886e-15,5.065392549852277e-15,2.2898349882893854e-15,0.09941949965344274,-0.049450549450549455,False,198031.0485977314
2022-07-19,4.913652275136783e-05,0.00017905264662514378,0.00011858858192602876,1.1327541947747177e-05,99412.15981823616,0.2832268311271283,0.0,0.0,0.0,0.0,0.0,-0.16483516483516483,True,56717.507922330406
2022-07-20,-6.340556876202121e-05,0.0,6.340556876202121e-05,0.0,99405.85653370102,0.1575790091670598,0.15758900118731076,-1.8079403590710947e-12,-1.5878236225841391e-12,2.9535487241455383e-13,0.05600355093699986,0.2692307692307692,False,101150.94919642856
2022-07-21,7.627292580499752e-05,0.00012706597626213246,4.431679013429445e-05,6.476260322840494e-06,99413.438509221,0.11221370252369314,0.27142998542762714,-6.449686090149743e-15,-5.27008992001754e-15,2.8716797211226644e-15,0.09914973049070702,0.21428571428571427,False,130958.18006611791
2022-07-22,0.00011778297487669401,0.00019024321830910505,6.130558649702884e-05,1.11546569353822e-05,99425.14771975133,0.15241844548106456,0.11919996167666315,-1.970177446996782e-15,-1.7503359872605984e-15,4.1237239269607e-16,0.043989949305864515,-0.6483516483516483,False,99682.87629604607
2022-07-25,-0.00013401990599382798,-6.030696987422423e-05,5.901705043343955e-05,1.4695885686164194e-05,99411.82277080051,0.1471099036529608,0.02799264802777834,5.199995031489489e-15,4.7683211545912485e-15,1.779200215480312e-15,0.010517609082707146,0.34615384615384615,False,102239.76149166998
2022-07-26,-6.809027412979491e-05,-8.530978106110628e-06,5.8408913228022365e-05,1.1503827956619099e-06,99405.0537925363,0.14542495189172203,0.17333105387166742,-4.1885607455974485e-16,-7.355227538141662e-16,8.788095983269609e-16,0.06601875547278924,0.38461538461538464,False,99838.56267017843
2022-07-27,8.005922443321771e-05,0.00011849434359235356,3.131192516440977e-05,7.123193994726076e-06,99413.01208404767,0.0804352710446643,0.25630029166166873,-6.63963985461827e-14,-9.347383977953427e-14,7.429820647608665e-14,0.09934395704312203,-0.6318681318681317,False,164483.01783175246
2022-07-28,-0.0005884573593617009,-0.0005244214588715242,5.350301179174925e-05,1.053288869842747e-05,99354.5117654705,0.1345931018324915,0.1296557142278279,7.645758320313654e-15,7.348288644237755e-15,2.327998904760875e-15,0.04970700011424854,0.2582417582417582,False,101574.44495158373
2022-07-29,1.0025368083662823e-05,6.921327616973361e-05,5.385959106300968e-05,5.3283170230611065e-06,99355.50783102172,0.1352963179282604,0.26584796501685326,9.236950077789563e-15,1.0800388361431601e-14,4.08006961549745e-15,0.0989933603896866,0.10989010989010989,False,108165.3866149535
2022-08-01,3.5441862295245924e-05,7.27813312710097e-05,4.5636924668377906e-06,3.277577650892598e-05,99359.02917524854,0.012407309534854749,0.25902246639639337,7.81112241376409e-15,6.1547988927657116e-15,2.429542298283352e-15,0.09999318897812731,0.21428571428571427,False,538685.2412890944
2022-08-02,-3.431103800415948e-05,-2.1134376537753933e-05,2.531902573403403e-06,1.0644758893002146e-05,99355.62006382245,0.006987000544940747,0.26314492119898086,-2.0814751242927452e-14,-2.0636270470220097e-14,6.090826583255446e-15,0.09996508963979192,0.14285714285714285,False,1055326.8258226812
2022-08-03,-0.0002428564665627143,-0.00017751957381516837,5.4522717903751316e-05,1.081417484379459e-05,99331.4909090006,0.13704482279700198,0.12850777042132677,-1.3481990065755592e-14,-1.2188167142213047e-14,2.4628400807136308e-15,0.047688247971770306,0.14285714285714285,False,99479.16019472406
2022-08-04,-0.00015016647908810052,-9.052327662955154e-05,5.4362061208356904e-05,5.281141250192065e-06,99316.57464874822,0.1367128988175306,0.26539503604136727,-6.426470077690721e-15,-6.127043317150083e-15,1.9637069748057456e-15,0.09896208069656523,-0.15934065934065936,False,102357.77261137939
2022-08-05,-0.00021999099949741464,-9.931629923071018e-05,0.00010976805494993567,1.0906645316768784e-05,99294.72589622458,0.2659653183838746,0.0,0.0,0.0,0.0,0.0,0.005494505494505494,True,52575.30288018378
2022-08-08,-5.439067063302338e-05,0.0,5.439067063302338e-05,0.0,99289.32518949277,0.1377286796344689,0.13773617119719073,-1.6163238028113176e-15,-2.0088097851811426e-15,1.7937040741600185e-15,0.05200282846871523,-0.30769230769230765,False,99887.71384615387
2022-08-09,-0.00012488171641595211,-6.858915813123818e-05,5.063216768756903e-05,5.6603905971448915e-06,99276.92576814131,0.12868485520057177,0.009333145867417517,-3.5507767017161814e-15,-4.1364481284666965e-15,3.770134148315393e-15,0.0035228670223747195,-0.07142857142857142,False,104595.48112395022
2022-08-10,-4.940179695269023e-05,9.12781886163381e-07,4.993102489909658e-05,3.8355393975703015e-07,99272.02130961244,0.12684285533377274,0.1363530314463604,-1.4593509794871372e-15,5.689893001203927e-16,3.00454106039183e-15,0.051796688710842635,-0.38461538461538464,False,102625.18873307823
2022-08-11,8.66197359564337e-05,0.0001424697480692595,5.0246462875304085e-05,5.603549237521719e-06,99280.62022588613,0.12765728310537047,0.008079580658658882,-2.327524271238313e-14,-2.2656789638864083e-14,5.6572585158121136e-15,0.003068837468861923,0.016483516483516484,False,99928.29151601832
2022-08-12,-4.554258996277038e-05,2.618013610415935e-06,4.782856601187061e-05,3.320375613157051e-07,99276.09872930792,0.12173811295869676,0.11351878235523508,5.202121462544806e-16,2.7755575615628914e-16,1.0304257447302234e-15,0.044300650588976934,0.0934065934065934,False,102114.71872413372
2022-08-15,-2.866133193673312e-05,3.852972644523788e-05,5.3195592064202354e-05,1.3995466317768644e-05,99273.25334408887,0.13465765019818055,0.24875034392680306,2.928536462808388e-14,2.6981888945343258e-14,6.040307143351242e-15,0.0932632143688934,0.021978021978021976,False,99357.85661890135
2022-08-16,-0.00012987008949183674,-0.00010841354798866701,1.1233924629466695e-05,1.0222616873703033e-05,99260.36071779292,0.030158119282938725,0.2781169750509994,-2.1746719107647223e-14,-2.0278917434168875e-14,4.777588007735797e-15,0.09982365986178739,-0.027472527472527472,False,221031.41254222207
2022-08-17,0.0002110283267689218,0.00023074897272621253,8.29118122916658e-06,1.1429464728124156e-05,99281.30746562968,0.02183007658681444,0.2983938476425781,-6.637935750327965e-15,-5.9934696094998685e-15,8.826273045769994e-15,0.09990905258149228,-0.0934065934065934,False,171514.1452841444
2022-08-18,-0.00011639976073646753,-6.707323485979233e-05,3.706376501465118e-05,1.226276086202403e-05,99269.75114519507,0.095663633022738,0.20181346495692942,-5.512418707511708e-15,-5.590146401335261e-15,1.5959455978986625e-15,0.0674077605695224,-0.2692307692307692,False,106528.82380784898
2022-08-19,3.2364575651601514e-06,4.622463192733026e-05,3.4694470322844015e-05,8.29370403932609e-06,99270.07242753214,0.08978900850787394,0.10945573339404745,-5.931496426612985e-15,-5.749740961125127e-15,1.4212153890732861e-15,0.037105320877559675,0.30769230769230765,False,107751.58828200928
2022-08-22,-1.592929668807976e-05,3.4941568251290223e-05,3.737632246613053e-05,1.3494542473239457e-05,99268.4911250962,0.09631708695296128,0.01056661219025745,9.735997001073205e-15,8.648138628830626e-15,2.248201624865942e-15,0.0035879908796110356,0.23626373626373626,False,104424.53816915068
2022-08-23,-4.3868917252179485e-05,-5.106019814435538e-06,3.832865310115843e-05,4.342443365855224e-07,99264.13632387329,0.09845174048234687,0.08799009737387821,1.5327805984605118e-15,1.3721662694976544e-15,3.157196726277789e-16,0.029601231819711877,-0.3021978021978022,False,100191.74419736433
2022-08-24,-8.544930466361701e-05,-4.57606878181243e-05,3.607258544656626e-05,3.6160313989264384e-06,99255.65427244638,0.09292262524404839,0.004547987321873932,-7.366989057053163e-15,-1.1642786344398526e-14,7.414477112208028e-15,0.001515817748007415,0.18131868131868134,False,106246.05248862725
2022-08-25,-3.475800951546328e-05,2.9000106079106957e-06,3.7471116534803516e-05,1.8690358857046439e-07,99252.20434347072,0.09662284240576874,0.09200562146796258,1.0022759206530829e-15,1.3851766955674805e-15,6.730727086790012e-16,0.030948635362147234,-0.1758241758241758,False,101833.28458761863
2022-08-26,-5.570377467638582e-05,-8.53419024991488e-06,4.338853148943143e-05,3.781052937039517e-06,99246.67562104383,0.11101134048591067,0.2001814508494372,-1.2513575884455598e-14,-9.827208491408612e-15,5.265198701813165e-15,0.0694571853449376,-0.3681318681318681,False,101362.64482194289
2022-08-29,-3.8076051979116784e-05,2.2095019399132814e-05,3.5491166479002373e-05,2.4679904899247224e-05,99242.89669946412,0.09143490115623588,0.28958031891374025,1.767869578455243e-14,2.057035097813298e-14,8.278100427361323e-15,0.09937330227287465,-0.17032967032967034,False,110217.86715235603
2022-08-30,-0.00017329537563752704,-0.00015954154402096475,1.853270565313411e-06,1.1900561051248872e-05,99225.69836440124,0.0051629336043860895,0.29111401848170754,1.0151953902180844e-13,9.540632173177244e-14,1.9498291869979312e-14,0.0999634654925936,0.11538461538461539,False,2236945.1347240913
2022-08-31,-3.049987268577145e-06,9.579713293149024e-06,6.661107611122252e-07,1.1963589800613944e-05,99225.39572728451,0.001872405121895527,0.2911886390696379,1.8272184680338988e-14,1.2077144839750531e-14,8.867906409193438e-15,0.09998971257001867,-0.06043956043956044,False,3643234.322465774
2022-09-01,-0.00015609991359417518,-2.2445693773260076e-05,0.00012168756342079375,1.1966656400121356e-05,99209.90665158513,0.29128983477707565,0.0,0.0,0.0,0.0,0.0,0.06593406593406594,True,38440.09708100452
2022-09-02,-4.6572307843994715e-05,0.0,4.6572307843994715e-05,0.0,99205.28621727138,0.11853953699263717,0.11854505790956751,-7.8693051020971715e-16,-1.2437967322753707e-15,1.926704386119382e-15,0.04200195612803085,0.08241758241758242,False,102640.44095238094
2022-09-06,-0.00010031038379124842,-3.692605486716094e-05,4.389747008963789e-05,1.948685883444958e-05,99195.33489693681,0.11196524708780384,0.0072116435696650185,1.820414467789303e-15,1.9063526798812624e-15,4.861609144567025e-16,0.0025707334062329474,-0.6153846153846153,False,103376.4824054132
2022-09-07,-4.1244780855123624e-05,2.971120719665688e-06,4.391953266096753e-05,2.9636891382177525e-07,99191.24360708713,0.11214073526259707,0.10479990771993948,-5.747622132831439e-15,-4.657732532997727e-15,1.8952787827056487e-15,0.03841042045483598,-0.39560439560439564,False,100036.24962297853
2022-09-08,-6.895865342248828e-05,-2.244735445097699e-05,4.220445344877382e-05,4.306845522737476e-06,99184.40351249669,0.10798622007672509,0.213049414359001,-2.5409857405074546e-14,-2.4782259577804666e-14,5.839079220137933e-15,0.07917211675976314,-0.08241758241758242,False,100983.26519656072
2022-09-09,5.207849025080211e-05,8.34832480075412e-05,2.2649302372121563e-05,8.755455384617522e-06,99189.56888648806,0.05998877361591762,0.2759617164638309,-1.2392059499849308e-13,-1.2462947340807773e-13,3.4257319203589987e-14,0.09958371208277633,0.3681318681318681,False,169131.99103489073
2022-09-12,-0.00021936559917711928,-7.089519879092859e-05,0.0001144477230139223,3.402267737226839e-05,99167.81010727715,0.278927558699248,0.0,0.0,0.0,0.0,0.0,0.1043956043956044,True,38762.25771107643
2022-09-13,-4.0508024560123086e-05,0.0,4.0508024560123086e-05,0.0,99163.79301518976,0.10478039487131957,0.10478463949006955,-1.4719775492165e-14,-1.3839623891342967e-14,4.110206713090847e-15,0.03800153936729001,0.39010989010989006,False,100771.37697368636
2022-09-14,-2.9978140100441095e-05,1.534307145877068e-05,4.1014993497975434e-05,4.30621806123634e-06,99160.82026910986,0.10562072195516821,0.20974071560628066,3.680480346712616e-14,2.742597815519332e-14,8.481732210372298e-15,0.07496639744917427,0.5604395604395606,False,101266.0279132626
2022-09-15,-0.0003044919152298072,-0.0002542172698403053,4.165516392623158e-05,8.619481463270294e-06,99130.62660103035,0.1071876215985636,0.09808210944248753,5.325553654008354e-15,4.740999259844614e-15,1.294861653911964e-15,0.035771740686328345,-0.1758241758241758,False,100935.0819162101
2022-09-16,-0.00010162691563253136,-5.677391858463682e-05,4.082222542697061e-05,4.030771620923925e-06,99120.55226120417,0.1050376502881681,0.20299639739728914,1.3142177867776673e-14,1.3041651092393636e-14,4.781665313050492e-15,0.07291385580639963,0.021978021978021976,False,101930.9891451465
2022-09-19,-7.852351377174197e-05,-2.8341418889433013e-05,2.5155141778535203e-05,2.5026953103773755e-05,99112.76896715362,0.06597004221800828,0.26904794797282094,6.109957616818681e-15,5.8494875609937935e-15,1.9220736113823023e-15,0.09947961887791171,0.2912087912087912,False,141642.6709019501
2022-09-20,-0.00012418727835399805,-0.00010988571153016624,3.2448018386476303e-06,1.1056764985184169e-05,99100.46042212547,0.008986813493657026,0.2727420750150616,2.5576295123361747e-15,2.3869795029440866e-15,1.1102230246251565e-15,0.099938551618249,0.521978021978022,False,1035866.7961388283
2022-09-21,6.491960695639495e-05,7.883536128943725e-05,2.7071759077658923e-06,1.1208578425276398e-05,99106.89398506528,0.007496687644842863,0.27600190800446694,1.0630820177868187e-15,4.989064716909297e-15,1.0486099939292835e-14,0.09995860564760119,0.18131868131868134,False,740230.5832971691
2022-09-22,0.0001168807853885141,0.00016674574940445837,3.8522419851377163e-05,1.1342544164567093e-05,99118.47767667167,0.09948050838275052,0.17346519467014318,1.787576321964044e-13,1.7272988594996264e-13,3.099332395632158e-14,0.06340937360990818,-0.30769230769230765,False,105549.29929599409
2022-09-23,-7.960100178719488e-06,3.7033849063108676e-05,3.786524261155565e-05,7.128706630272511e-06,99117.6886836598,0.09790243220750375,0.07329632538391564,1.4511580143532416e-15,1.6202317265623378e-15,7.858297346174936e-16,0.026881407671188295,0.1043956043956044,False,105214.82788580924
2022-09-26,1.9907610021032668e-05,6.875346641044024e-05,3.9809323122897604e-05,9.036533266509968e-06,99119.66187995231,0.10264659581567503,0.03099261896165228,-8.211908633997536e-15,-6.597153379139797e-15,2.6888300452755053e-15,0.01154291603772319,0.13736263736263735,False,99658.81356216577
2022-09-27,-4.797566085777279e-05,-9.291571936642267e-06,3.741041964873351e-05,1.2736692723970066e-06,99114.90654866962,0.09647254844118183,0.1271939566284826,1.679994143108758e-15,2.383510055992133e-15,1.6531914726058972e-15,0.048685348045925635,-0.06043956043956044,False,100789.50697350987
2022-09-28,8.17168211003009e-05,0.00012674041809818628,3.979644809534506e-05,5.227148902540312e-06,99123.00590375642,0.1025918068444197,0.23200976204973997,-1.1135108490858886e-15,-1.061650767297806e-15,4.3021142204224816e-16,0.0867810160161971,-0.005494505494505494,False,101037.70462655982
2022-09-29,-0.00024416200732129957,-0.0001966669533457881,3.796040622004267e-05,9.534647755468813e-06,99098.80383166324,0.09785077937151616,0.1277833396000079,1.3473574671214428e-13,1.2174289354405232e-13,2.845689355253216e-14,0.04701990451851112,-0.4505494505494505,False,100421.0798046018
2022-09-30,-3.2283717037058244e-05,1.5766524381401295e-05,4.2798871297916804e-05,5.251370120542733e-06,99095.60455392164,0.10973787591279795,0.23799422096474185,1.4640679071205335e-16,2.0122792321330962e-16,3.237678579657184e-16,0.08509005834240875,-0.26373626373626374,False,100090.69364007904
2022-10-03,-2.7678567790616646e-05,3.781232186299075e-05,3.6149136383981707e-05,2.934175326962569e-05,99092.86172951324,0.09327375761094625,0.1497756137979052,-1.4574946309386587e-14,-1.4023504579796509e-14,3.0808688933348094e-15,0.05219433661406009,0.03296703296703297,False,109180.24870154494
2022-10-04,7.355531643324577e-05,0.00011781801804525952,3.810753940114032e-05,6.155162210873415e-06,99100.15053631403,0.0977969274503367,0.25100190706367576,7.085952252359997e-14,6.928832507746563e-14,1.487004963607319e-14,0.09084272826789863,-0.3131868131868132,False,99616.73966559944
2022-10-05,-6.180941873185915e-05,-1.0214248998632427e-05,4.1280022867599136e-05,1.0315146865627599e-05,99094.02521361313,0.10563837290157234,0.1419652690892614,2.649176417395626e-15,2.0747292772682613e-15,1.492030325427706e-15,0.05153347917413764,0.2802197802197803,False,100338.03435117914
2022-10-06,0.00016135547527492826,0.00020682394314377675,3.9634278728194016e-05,5.834189140654469e-06,99110.01457714837,0.10147177144299357,0.037144191977157764,3.045355724990253e-13,2.609553198529291e-13,6.423502770163412e-14,0.012482842465665715,-0.22527472527472525,False,100696.41001072452
2022-10-07,-5.223302755085751e-05,-9.829805626226997e-06,4.0876748281746136e-05,1.5264736428843793e-06,99104.83776102639,0.10445169487606616,0.06839469644768863,-2.7137805701463175e-15,-2.288967626551397e-15,1.124100812432971e-15,0.023616162384858096,0.005494505494505494,False,105165.89072180913
2022-10-10,-0.00014765369687231122,-9.969826030380197e-05,3.9523213718793863e-05,8.43222284971537e-06,99090.20456535304,0.10081187854283306,0.16831536806681316,3.197872514820686e-16,4.0245584642661925e-16,1.1548731619876333e-15,0.060357397691677445,0.005494505494505494,False,101486.1631341763
2022-10-11,-8.327426123763908e-05,-3.319892526382811e-05,4.315826605325702e-05,6.917069920553953e-06,99081.95290177196,0.10986469877931022,0.2787327658267351,3.421851880975395e-14,3.2605862454460066e-14,6.6682770416548465e-15,0.09760686379076088,-0.03296703296703297,False,99269.08652891962
2022-10-12,-0.00027628054877494595,-0.000261466402347657,3.3593752289314e-06,1.1454771198357569e-05,99054.57848545056,0.009260739238983616,0.28094552490208546,-1.9479301047849653e-15,-1.1518563880486e-15,2.7949374395618107e-15,0.09994771432699376,0.3681318681318681,False,1035760.2312299213
2022-10-13,-0.0003092391826612187,-0.00017772474941866317,0.00011996872673973008,1.154570650282551e-05,99023.94692856086,0.2869248982366821,0.0,0.0,0.0,0.0,0.0,0.11538461538461539,True,37043.14666799648
2022-10-14,-4.0055008529528444e-05,0.0,4.0055008529528444e-05,0.0,99019.98052352201,0.10237790298626724,0.10238200389830666,-2.3277077816818066e-16,-1.5265566588595902e-16,1.5265566588595902e-16,0.036001442038067905,0.33516483516483514,False,104416.5358333338
2022-10-17,7.687125166652772e-06,6.282635426957365e-05,4.2516790266143314e-05,1.2622438836777564e-05,99020.74170250629,0.10822576446666021,0.21424578285467955,-5.116665838787609e-14,-4.892961036340182e-14,8.880627052003318e-15,0.07488209826294782,0.33516483516483514,False,99223.81664194107
2022-10-18,5.414965239730856e-05,0.00010234753829170914,3.939326468119248e-05,8.80462121320811e-06,99026.1036412496,0.10019439784848479,0.11637513043809872,7.844306113387977e-15,7.126244039312724e-15,1.2212453270876722e-15,0.040204100312364176,0.5439560439560439,False,104347.4529324798
2022-10-19,-9.12578165961019e-05,-4.5404252378394267e-05,4.10710246106628e-05,4.782539607044829e-06,99017.06673524529,0.10428449340389383,0.009999582837266917,-5.244954452455605e-15,-4.739264536368637e-15,8.208757318734389e-16,0.0035644745272722933,0.027472527472527472,False,105225.28710972595
2022-10-20,-4.193739621157514e-05,-4.736233199482391e-07,4.105283113119106e-05,4.109417604358422e-07,99012.9142172859,0.10408954179342428,0.09412398671721947,3.0349247845081223e-15,3.030561912531482e-15,1.5219151160307858e-15,0.03372311544013039,-0.34615384615384615,False,100859.11764261904
2022-10-21,-1.1697547210865833e-05,3.3502973249002594e-05,4.133241141669515e-05,3.868109043173278e-06,99011.75600904736,0.10490715892909148,0.009585295309400046,-6.24488780800069e-15,-6.091915166761552e-15,1.6021799885369964e-15,0.003444773909053681,0.21978021978021978,False,100505.57956893578
2022-10-24,-4.777008901021049e-05,-6.556505659939125e-06,4.003183461349524e-05,1.181748736776118e-06,99007.02620864974,0.10211602098407097,0.1117374332851201,2.5678064181780134e-15,1.3444106938820255e-15,1.5612511283791264e-15,0.04013985499994999,0.15934065934065936,False,102310.34157919233
2022-10-25,4.743691053959489e-06,5.2506944476620714e-05,4.3171304109574204e-05,4.591949313087021e-06,99007.49586739425,0.10983069313254964,0.22540572670622191,4.865070385350042e-14,4.67993699349023e-14,9.180156634869263e-15,0.0787754086624464,-0.2692307692307692,False,100359.2756272123
2022-10-26,-1.5112303253072597e-05,1.848864577002959e-05,2.4337699980382736e-05,9.26324904271945e-06,99005.99963609237,0.06336053290741675,0.2870789781887811,-4.0278714702790965e-14,-4.186581636922426e-14,1.0921819004749977e-14,0.09956517195433773,-0.5549450549450549,False,173372.06461567586
2022-10-27,-0.00017451180177600607,-4.1567764685566086e-05,0.0001211462708635021,1.1797766226937865e-05,98988.72192070924,0.286392878734662,0.0,0.0,0.0,0.0,0.0,-0.34615384615384615,True,37683.14789742433
2022-10-28,-3.71122396109683e-05,0.0,3.71122396109683e-05,0.0,98985.04822754253,0.09448173643337032,0.09448524299234796,4.5513339028710725e-15,8.128914208427318e-15,1.3813603039203315e-14,0.0360013360902113,-0.016483516483516484,False,104290.61277777779
2022-10-31,-6.946812258678322e-05,-2.0869352347577587e-05,3.694990466480713e-05,1.1648865574398504e-05,98978.171922078,0.09365875812026772,0.1877556412782971,4.087265080993804e-14,3.769901057992797e-14,6.333055542394268e-15,0.07320394929644665,-0.5054945054945055,False,99714.6214944465
2022-11-01,-0.00017077328763673988,-0.00013332212395338335,2.973517842534601e-05,7.71598525801053e-06,98961.2690942546,0.07660207635553978,0.26383470654977675,-1.6885269480811952e-15,-2.2551405187698492e-15,1.1587952819525071e-15,0.0994459396651955,0.26373626373626374,False,140741.12739767716
2022-11-02,0.00010151937175858187,0.00011560785985718298,3.245965911623912e-06,1.0842522186977195e-05,98971.31558012149,0.00894111169245974,0.2651954212168598,-3.0999995270003146e-15,-3.400058012914542e-15,1.457167719820518e-15,0.09993560922023266,-0.2087912087912088,False,1237340.4054988327
2022-11-03,9.119109787811423e-05,0.00010222430531681276,1.3476547088225013e-07,1.0898441967816284e-05,98980.34088304767,0.00038188751742083775,0.26330979164895496,9.6682985927838e-15,1.1629586182948515e-14,6.0673621009137586e-15,0.09999866128689827,-0.3736263736263736,False,29553239.052911118
2022-11-04,-0.0002585023610222954,-0.0002101212042872523,3.7560206393305664e-05,1.0820950341737479e-05,98954.7542312346,0.09543000723133942,0.17166318644221104,2.3999711510276125e-14,2.1437712716121382e-14,5.976425388719791e-15,0.06511592711286349,0.010989010989010988,False,104938.57362366775
2022-11-07,-8.314280037019896e-05,-2.732534169530013e-05,3.465350418202646e-05,2.1163954492872375e-05,98946.52685585787,0.08824868681163511,0.26057014550703517,-1.9522539911079115e-14,-1.7014167852380524e-14,2.6468448884017995e-14,0.09931191370136686,-0.39560439560439564,False,111257.36222112886
2022-11-08,0.00027806118557743056,0.00028987994617081834,1.1103984492622556e-06,1.0708362144125534e-05,98974.04004442418,0.0030870330619808747,0.2650621195753189,6.353407497271747e-13,6.403766406037903e-13,1.893971091071478e-13,0.09998878070132315,-0.14835164835164835,False,1643787.690098929
2022-11-09,-8.601655793544177e-05,-4.4308628004723484e-05,3.0814966112580615e-05,1.089296381813768e-05,98965.5266381746,0.07810445488881429,0.1831508119620028,5.965262394583627e-15,5.1035564663237665e-15,1.141448047192739e-15,0.06252085048490505,0.30769230769230765,False,104467.14702118763
2022-11-10,0.00022680769890449055,0.0002769986318522129,4.266418725065397e-05,7.5267456970683635e-06,98987.97278154228,0.10816951815664498,0.08912086785602888,-2.018050434361837e-14,-1.9916360227689722e-14,3.6186331708876196e-15,0.03095361716528919,0.22527472527472525,False,105815.56373796143
2022-11-11,-1.6038182516349996e-05,3.3090269212610344e-05,4.54659503102186e-05,3.662501418741742e-06,98986.38519436789,0.11298087260022006,0.023371398420355544,2.3524356823660593e-15,2.890916672715349e-15,1.8856444183867893e-15,0.008183293362097185,-0.1043956043956044,False,99667.28462492702
2022-11-14,-2.8528474803997458e-05,1.1244090866420123e-05,3.6891160385716504e-05,2.881405284701078e-06,98983.56126377193,0.09191398403996014,0.11481027629073859,1.9411593205878855e-15,1.7694179454963432e-15,8.257283745649602e-16,0.04683706098218793,-0.2967032967032967,False,100347.07379227052
2022-11-15,-8.612690253753328e-05,-4.2945704279692734e-05,3.8462967725344525e-05,4.718230532496027e-06,98975.03611623815,0.09577580480796344,0.2119580559605121,7.125299765874312e-15,7.16093850883226e-15,1.6132928326584306e-15,0.08631541367840852,0.4230769230769231,False,100155.82969394741
2022-11-16,-7.877658471304627e-05,-5.7050060336484253e-05,1.3015919337089213e-05,8.710605039472807e-06,98967.23920092106,0.03417431974198527,0.24408955567847188,3.683629992478354e-14,3.361894096443052e-14,1.7817719986972874e-14,0.09971484620754019,0.07692307692307691,False,280740.89691362577
2022-11-17,8.325854742275736e-05,0.00019800078881850229,0.00010471116376512431,1.0031077630620617e-05,98975.47906949939,0.24263732047381567,0.0,0.0,0.0,0.0,0.0,-0.4450549450549451,True,39910.19586590554
2022-11-18,-3.435740367228872e-05,0.0,3.435740367228872e-05,0.0,98972.07852901134,0.08556317416447931,0.08556611399399847,-1.2223618483785076e-13,-1.227247470314552e-13,2.88935542158697e-14,0.03800130562619748,0.06043956043956044,False,102408.29190797257
2022-11-21,6.352610201920613e-05,0.00010794508323145699,3.386973428146886e-05,1.0549246930782005e-05,98978.36583936903,0.08422023139456714,0.17012979144966883,2.833869136198299e-15,3.469446951953614e-17,1.4177894969158444e-14,0.07654667437102884,0.054945054945054944,False,101677.28522759693
2022-11-22,-0.0002092643843427272,-0.00016748162983681324,3.479111924085922e-05,6.991635265054767e-06,98957.6531925784,0.08663469500274924,0.08464418622800587,-2.3725348414104098e-15,-2.220446049250313e-15,8.194235484038523e-16,0.03802773760873947,0.2692307692307692,False,100163.11584327176
2022-11-23,1.4452114446623673e-05,5.3926055543857435e-05,3.599541289608274e-05,3.4785282011510242e-06,98959.08333990771,0.08987646102798012,0.17468453351510754,-1.5073754135607804e-14,-1.7555401576885288e-14,8.494940861858424e-15,0.07640920270770186,-0.18131868131868134,False,101571.66628685576
2022-11-25,-6.702091573174643e-05,-1.7132692071958828e-05,3.5530590768133686e-05,1.4357632891653913e-05,98952.4510115223,0.08858227707701165,0.08695480100854971,4.6162539507988575e-17,1.0408340855860843e-17,6.828400026735963e-17,0.03794092813436995,-0.1868131868131868,False,99922.3932748855
2022-11-28,-9.309435275489197e-05,-4.904295538732142e-05,3.333094244870827e-05,1.0720454918862286e-05,98943.23909714188,0.08305613732885855,0.16770545031516826,1.926575299168467e-15,2.4841240175987878e-15,1.384309333829492e-15,0.07480896468331845,0.010989010989010988,False,101309.90555192766
2022-11-29,-4.203485345018133e-05,-1.511497302432354e-05,2.00278756183852e-05,6.892004807472589e-06,98939.08003258654,0.05120820930922887,0.2126950554076259,-1.7400360293887578e-13,-1.7677526109594055e-13,3.87216300690163e-14,0.09952898378770454,-0.19230769230769232,False,163711.6382149623
2022-11-30,1.4257465068722695e-05,0.0001182063237373101,9.520796598059563e-05,8.740892687991775e-06,98940.49065306404,0.2180076171987476,0.0,0.0,0.0,0.0,0.0,-0.32417582417582413,True,37608.73583447059
2022-12-01,-3.3406056794910095e-05,0.0,3.3406056794910095e-05,0.0,98937.18544141397,0.08289597783517999,0.08289874715543569,-6.1957075971774465e-15,-6.251943407420413e-15,1.6692376647586826e-15,0.03800126947256628,0.19230769230769232,False,100246.84342105262
2022-12-02,8.008124848080103e-06,4.334352288985387e-05,3.1928600213467933e-05,3.4067978283058305e-06,98937.9777427471,0.07927993357996937,0.16185536704064923,4.21124329590896e-15,4.711508960753008e-15,1.8171228410857054e-15,0.07516113621190222,0.07142857142857142,False,102060.70258713272
2022-12-05,-0.00013398815369545863,-8.144498114696516e-05,3.258840126950983e-05,1.995477127898363e-05,98924.72122577898,0.08072378084432785,0.07825864108767631,-4.606233649581163e-15,-5.249273238305818e-15,2.720913772069622e-15,0.035416947324934535,-0.06593406593406594,False,99665.22982542106
2022-12-06,-4.374900930475859e-05,-8.060970203123137e-06,3.247193056378555e-05,3.2161085378499005e-06,98920.39336722961,0.0806186148771678,0.15814456237827867,-4.85732448990703e-14,-4.730937863683948e-14,1.2981803132472436e-14,0.0727780007643216,-0.23076923076923078,False,101820.78359083622
2022-12-07,-0.0001182521335929814,-7.887763422231187e-05,3.287540776608073e-05,6.499091604588792e-06,98908.69581965808,0.08155774742647609,0.0768167304752055,-3.088018642508476e-14,-3.1183389204159084e-14,7.428519605001682e-15,0.03476911830822397,0.21978021978021978,False,100359.6200198072
2022-12-08,-4.217187342392511e-05,-6.557638103771353e-06,3.245738338281528e-05,3.1568519373384814e-06,98904.52465465745,0.08099369914337481,0.15841569718826837,-6.437194196060047e-15,-6.3629657098829284e-15,1.1525982474745718e-15,0.07272736000506463,0.12637362637362637,False,101621.23432787952
2022-12-09,7.321356328086102e-06,3.73494034759506e-05,2.3517813016839506e-05,6.510234131024991e-06,98905.2487699249,0.05998034827962465,0.21804370762850817,-3.0022242295270095e-14,-2.8171909249863347e-14,9.473546218294338e-15,0.09945374464385903,-0.027472527472527472,False,142603.13746912684
2022-12-12,-0.0002501988074159447,-0.00019147336298074296,3.1843343494696994e-05,2.688210094050471e-05,98880.5027946355,0.07993410030553487,0.14022838585009165,-6.99261262931723e-15,-5.5441762292218755e-15,1.6559704794089691e-15,0.064299090945776,-0.06043956043956044,False,105537.7313431424
2022-12-13,-0.00014396141967740444,-0.00010624256534477408,3.195604395522906e-05,5.762810377401313e-06,98866.26781707477,0.08060483072910628,0.22355170010017414,3.627658465100729e-16,2.0816681711721685e-16,3.479753507717233e-16,0.09930957143128838,-0.37912087912087916,False,111950.98648392799
2022-12-14,0.00014663374356523113,0.00016709055474319463,1.1269755009463215e-05,9.187056168500291e-06,98880.7649480371,0.02933864553286486,0.20165462051356478,1.8384118401587976e-15,1.6514567491299204e-15,4.077194874848428e-16,0.09997020093968266,-0.005494505494505494,False,193619.02846832536
2022-12-15,-0.0001690208062451886,-0.0001316712361814023,2.9062393878297407e-05,8.287176185488887e-06,98864.05204142345,0.07253534097906662,0.12835902711238278,-1.0244510211653547e-14,-1.2996548282018239e-14,6.670011765130823e-15,0.06286270448135702,-0.005494505494505494,False,106285.03151357897
2022-12-16,0.0001397799913333851,0.00017692317489778002,3.186815505292673e-05,5.275028511468206e-06,98877.87125776098,0.07940853730944182,0.20429524451532224,3.6152080959309905e-14,3.597122599785507e-14,7.13318293321663e-15,0.09922619811988555,0.15384615384615383,False,99799.32637573834
2022-12-19,-0.0001688173888981139,-0.00011473072834645656,2.8899575611416583e-05,2.518708494024075e-05,98861.17895371545,0.07201572503899581,0.1299450732467851,-7.060883139584848e-16,-6.453171330633722e-16,1.5013381924817615e-16,0.062402839388740444,-0.03296703296703297,False,106548.43331926942
2022-12-20,-6.750611206193051e-05,-2.7069804757284095e-05,3.509609881505247e-05,5.340208489593937e-06,98854.50521989043,0.08792844768130054,0.21756040772529645,-1.7824777466068935e-14,-1.5987211554602254e-14,3.114322389785613e-15,0.0992422429509149,-0.33516483516483514,False,101919.5724525916
2022-12-21,-0.00011440106856873872,-9.106439707641361e-05,1.4395832818682051e-05,8.940838673643051e-06,98843.19615886045,0.03668485779878842,0.21694785153728116,7.435600838746508e-13,5.521000323582825e-13,4.69220661156202e-13,0.09997419661091259,0.19780219780219782,False,150978.5890557723
2022-12-22,6.692676892146461e-06,1.6727127955427698e-05,1.118785931642705e-06,8.915665131638531e-06,98843.85768443534,0.003112567142467504,0.21427232159431067,2.7467826537605408e-14,2.961519918187605e-14,1.1318203319010678e-14,0.09999439065961037,0.32417582417582413,False,2386658.9316120935
2022-12-23,-4.424723057183883e-05,5.802004592400574e-05,9.346156464950416e-05,8.805711846340406e-06,98839.48411747377,0.2159721298904586,0.0,0.0,0.0,0.0,0.0,-0.3681318681318681,True,36448.549189185826
2022-12-27,-2.9973575712703268e-05,0.0,2.9973575712703268e-05,0.0,98836.52154471318,0.07505204615848868,0.07505429580410652,-1.602138073285074e-14,-1.6178031136959703e-14,4.288236432614667e-15,0.036001079081069566,-0.049450549450549455,False,101736.61916667872
2022-12-28,2.050324457027065e-05,5.3974081746032823e-05,3.0386414060524264e-05,3.0844231152379122e-06,98838.54801408689,0.07614087295347317,0.14997955506735347,5.070495991764448e-16,4.996003610813204e-16,2.0816681711721685e-16,0.07158100898984157,0.6483516483516483,False,101349.46841746118
2022-12-29,-3.062565911340639e-05,4.4532569928221175e-06,2.891537274729619e-05,6.163543358932313e-06,98835.52101840815,0.0723941639053379,0.08520396338650565,-9.947642800596957e-15,-1.0068335054569388e-14,2.7269853042355408e-15,0.03803905794640345,-0.5164835164835164,False,103565.22064308988
2022-12-30,-0.00010495520456311162,-6.769975305031097e-05,3.3753918770889054e-05,3.5015327419116e-06,98825.14771608157,0.08453278336025079,0.0,0.0,0.0,0.0,0.0,,False,96054.30640843636
